
===========================================================================
report_checks -unconstrained
===========================================================================
======================= min_ss_100C_1v60 Corner ===================================

Startpoint: wb_rst_i (input port clocked by clk)
Endpoint: _7875_ (recovery check against rising-edge clock clk)
Path Group: asynchronous
Path Type: max

Fanout         Cap        Slew       Delay        Time   Description
---------------------------------------------------------------------------------------------
                                  0.000000    0.000000   clock clk (rise edge)
                                  5.570000    5.570000   clock network delay (propagated)
                                 15.000000   20.570000 v input external delay
     2    0.004335    0.000000    0.000000   20.570000 v wb_rst_i (in)
                                                         wb_rst_i (net)
                      0.000068    0.000034   20.570034 v input5/A (sky130_fd_sc_hd__clkbuf_2)
     3    0.021212    0.155783    0.241194   20.811228 v input5/X (sky130_fd_sc_hd__clkbuf_2)
                                                         net5 (net)
                      0.155795    0.001519   20.812746 v wire702/A (sky130_fd_sc_hd__clkbuf_8)
     5    0.135511    0.252785    0.442705   21.255451 v wire702/X (sky130_fd_sc_hd__clkbuf_8)
                                                         net702 (net)
                      0.253346    0.010083   21.265533 v fanout697/A (sky130_fd_sc_hd__buf_6)
     5    0.029239    0.069935    0.328768   21.594301 v fanout697/X (sky130_fd_sc_hd__buf_6)
                                                         net697 (net)
                      0.069944    0.000217   21.594519 v fanout621/A (sky130_fd_sc_hd__clkbuf_8)
    11    0.123623    0.240573    0.384997   21.979515 v fanout621/X (sky130_fd_sc_hd__clkbuf_8)
                                                         net621 (net)
                      0.240573    0.000208   21.979723 v fanout591/A (sky130_fd_sc_hd__clkbuf_4)
    11    0.072558    0.262829    0.496527   22.476252 v fanout591/X (sky130_fd_sc_hd__clkbuf_4)
                                                         net591 (net)
                      0.262829    0.000387   22.476639 v fanout568/A (sky130_fd_sc_hd__buf_4)
    15    0.091781    0.212485    0.489772   22.966410 v fanout568/X (sky130_fd_sc_hd__buf_4)
                                                         net568 (net)
                      0.213253    0.009203   22.975613 v fanout560/A (sky130_fd_sc_hd__clkbuf_4)
    17    0.073862    0.265590    0.491275   23.466888 v fanout560/X (sky130_fd_sc_hd__clkbuf_4)
                                                         net560 (net)
                      0.265591    0.001206   23.468094 v fanout557/A (sky130_fd_sc_hd__buf_4)
    21    0.071637    0.177277    0.461107   23.929201 v fanout557/X (sky130_fd_sc_hd__buf_4)
                                                         net557 (net)
                      0.177292    0.001652   23.930853 v fanout556/A (sky130_fd_sc_hd__buf_4)
    10    0.061941    0.157509    0.402721   24.333574 v fanout556/X (sky130_fd_sc_hd__buf_4)
                                                         net556 (net)
                      0.157515    0.001132   24.334705 v _6745_/A (sky130_fd_sc_hd__inv_2)
     1    0.003976    0.058704    0.106148   24.440853 ^ _6745_/Y (sky130_fd_sc_hd__inv_2)
                                                         _1020_ (net)
                      0.058704    0.000037   24.440891 ^ _7875_/RESET_B (sky130_fd_sc_hd__dfrtp_1)
                                             24.440891   data arrival time

                                 30.000000   30.000000   clock clk (rise edge)
                                  4.650000   34.650002   clock source latency
     2    0.153208    0.610000    0.000000   34.650002 ^ wb_clk_i (in)
                                                         wb_clk_i (net)
                      0.748561    0.069278   34.719280 ^ clkbuf_0_wb_clk_i/A (sky130_fd_sc_hd__clkbuf_16)
     5    0.058772    0.127163    0.536826   35.256104 ^ clkbuf_0_wb_clk_i/X (sky130_fd_sc_hd__clkbuf_16)
                                                         clknet_0_wb_clk_i (net)
                      0.128978    0.010296   35.266399 ^ clkbuf_1_0_0_wb_clk_i/A (sky130_fd_sc_hd__clkbuf_8)
     9    0.092116    0.257591    0.399556   35.665958 ^ clkbuf_1_0_0_wb_clk_i/X (sky130_fd_sc_hd__clkbuf_8)
                                                         clknet_1_0_0_wb_clk_i (net)
                      0.257771    0.003784   35.669739 ^ clkbuf_3_0_0_wb_clk_i/A (sky130_fd_sc_hd__clkbuf_8)
     9    0.081364    0.232381    0.432905   36.102646 ^ clkbuf_3_0_0_wb_clk_i/X (sky130_fd_sc_hd__clkbuf_8)
                                                         clknet_3_0_0_wb_clk_i (net)
                      0.233189    0.011170   36.113815 ^ clkbuf_5_2_0_wb_clk_i/A (sky130_fd_sc_hd__clkbuf_8)
    11    0.064639    0.190055    0.397424   36.511238 ^ clkbuf_5_2_0_wb_clk_i/X (sky130_fd_sc_hd__clkbuf_8)
                                                         clknet_5_2_0_wb_clk_i (net)
                      0.190099    0.002885   36.514126 ^ clkbuf_leaf_231_wb_clk_i/A (sky130_fd_sc_hd__clkbuf_8)
     5    0.014779    0.071685    0.279140   36.793266 ^ clkbuf_leaf_231_wb_clk_i/X (sky130_fd_sc_hd__clkbuf_8)
                                                         clknet_leaf_231_wb_clk_i (net)
                      0.071685    0.000160   36.793423 ^ _7875_/CLK (sky130_fd_sc_hd__dfrtp_1)
                                 -0.250000   36.543423   clock uncertainty
                                  0.000000   36.543423   clock reconvergence pessimism
                                  0.467327   37.010750   library recovery time
                                             37.010750   data required time
---------------------------------------------------------------------------------------------
                                             37.010750   data required time
                                            -24.440891   data arrival time
---------------------------------------------------------------------------------------------
                                             12.569860   slack (MET)


Startpoint: wbs_dat_i[28] (input port clocked by clk)
Endpoint: _7468_ (rising edge-triggered flip-flop clocked by clk)
Path Group: clk
Path Type: max

Fanout         Cap        Slew       Delay        Time   Description
---------------------------------------------------------------------------------------------
                                  0.000000    0.000000   clock clk (rise edge)
                                  5.570000    5.570000   clock network delay (propagated)
                                  4.610000   10.180000 v input external delay
     2    0.004805    0.840000    0.000000   10.180000 v wbs_dat_i[28] (in)
                                                         wbs_dat_i[28] (net)
                      0.840111    0.000055   10.180056 v hold2579/A (sky130_fd_sc_hd__dlygate4sd3_1)
     1    0.004640    0.129905    1.505767   11.685822 v hold2579/X (sky130_fd_sc_hd__dlygate4sd3_1)
                                                         net3667 (net)
                      0.129905    0.000019   11.685841 v input32/A (sky130_fd_sc_hd__buf_6)
     1    0.010721    0.044675    0.238737   11.924578 v input32/X (sky130_fd_sc_hd__buf_6)
                                                         net32 (net)
                      0.044675    0.000469   11.925047 v hold2580/A (sky130_fd_sc_hd__dlygate4sd3_1)
     1    0.014149    0.208426    1.246042   13.171089 v hold2580/X (sky130_fd_sc_hd__dlygate4sd3_1)
                                                         net3668 (net)
                      0.208426    0.000741   13.171830 v wire747/A (sky130_fd_sc_hd__clkbuf_8)
     5    0.094359    0.187314    0.426560   13.598391 v wire747/X (sky130_fd_sc_hd__clkbuf_8)
                                                         net747 (net)
                      0.187451    0.004709   13.603100 v hold2581/A (sky130_fd_sc_hd__dlygate4sd3_1)
     5    0.025650    0.302340    1.404452   15.007551 v hold2581/X (sky130_fd_sc_hd__dlygate4sd3_1)
                                                         net3669 (net)
                      0.302342    0.001489   15.009040 v fanout742/A (sky130_fd_sc_hd__buf_4)
    13    0.063866    0.163092    0.462048   15.471088 v fanout742/X (sky130_fd_sc_hd__buf_4)
                                                         net742 (net)
                      0.163326    0.005642   15.476729 v hold2582/A (sky130_fd_sc_hd__dlygate4sd3_1)
    11    0.046379    0.463227    1.544454   17.021183 v hold2582/X (sky130_fd_sc_hd__dlygate4sd3_1)
                                                         net3670 (net)
                      0.463256    0.004105   17.025288 v _3631_/B1 (sky130_fd_sc_hd__o31a_1)
     3    0.016261    0.191241    0.459725   17.485014 v _3631_/X (sky130_fd_sc_hd__o31a_1)
                                                         _2461_ (net)
                      0.191241    0.000089   17.485102 v _3632_/D (sky130_fd_sc_hd__or4_1)
     3    0.010608    0.271567    1.135744   18.620846 v _3632_/X (sky130_fd_sc_hd__or4_1)
                                                         _2462_ (net)
                      0.271567    0.000135   18.620981 v _3636_/A2 (sky130_fd_sc_hd__o21a_1)
     1    0.009676    0.125798    0.454698   19.075678 v _3636_/X (sky130_fd_sc_hd__o21a_1)
                                                         _2466_ (net)
                      0.125798    0.000140   19.075819 v _4033_/B (sky130_fd_sc_hd__xnor2_2)
     1    0.006795    0.134130    0.272594   19.348413 v _4033_/Y (sky130_fd_sc_hd__xnor2_2)
                                                         _2863_ (net)
                      0.134130    0.000179   19.348593 v hold386/A (sky130_fd_sc_hd__dlygate4sd3_1)
     3    0.014849    0.213093    1.293799   20.642391 v hold386/X (sky130_fd_sc_hd__dlygate4sd3_1)
                                                         net1474 (net)
                      0.213093    0.000380   20.642771 v _4035_/B (sky130_fd_sc_hd__xnor2_1)
     1    0.003063    0.110744    0.272699   20.915470 v _4035_/Y (sky130_fd_sc_hd__xnor2_1)
                                                         _2865_ (net)
                      0.110744    0.000036   20.915506 v hold387/A (sky130_fd_sc_hd__dlygate4sd3_1)
     3    0.008002    0.155700    1.210829   22.126335 v hold387/X (sky130_fd_sc_hd__dlygate4sd3_1)
                                                         net1475 (net)
                      0.155700    0.000078   22.126413 v _4094_/A (sky130_fd_sc_hd__or2_1)
     2    0.007655    0.138952    0.584679   22.711092 v _4094_/X (sky130_fd_sc_hd__or2_1)
                                                         _2924_ (net)
                      0.138952    0.000091   22.711184 v _4188_/A (sky130_fd_sc_hd__or3_1)
     1    0.006946    0.178162    0.930539   23.641722 v _4188_/X (sky130_fd_sc_hd__or3_1)
                                                         _3018_ (net)
                      0.178162    0.000115   23.641838 v _4192_/A2 (sky130_fd_sc_hd__o21ai_2)
     7    0.029744    0.583421    0.555508   24.197346 ^ _4192_/Y (sky130_fd_sc_hd__o21ai_2)
                                                         _3022_ (net)
                      0.583432    0.002135   24.199480 ^ _4193_/B (sky130_fd_sc_hd__nand2_1)
     4    0.014523    0.275635    0.439194   24.638674 v _4193_/Y (sky130_fd_sc_hd__nand2_1)
                                                         _3023_ (net)
                      0.275635    0.000339   24.639013 v _4386_/A2 (sky130_fd_sc_hd__a31o_1)
     2    0.005064    0.085304    0.477682   25.116695 v _4386_/X (sky130_fd_sc_hd__a31o_1)
                                                         _3212_ (net)
                      0.085304    0.000052   25.116747 v _4387_/B (sky130_fd_sc_hd__or2_1)
     3    0.011276    0.172461    0.554664   25.671412 v _4387_/X (sky130_fd_sc_hd__or2_1)
                                                         _3213_ (net)
                      0.172461    0.000158   25.671568 v _4388_/A2 (sky130_fd_sc_hd__a21oi_1)
     1    0.001767    0.143827    0.244336   25.915905 ^ _4388_/Y (sky130_fd_sc_hd__a21oi_1)
                                                         _3214_ (net)
                      0.143827    0.000007   25.915913 ^ hold359/A (sky130_fd_sc_hd__dlygate4sd3_1)
     1    0.009315    0.179613    1.153877   27.069790 ^ hold359/X (sky130_fd_sc_hd__dlygate4sd3_1)
                                                         net1447 (net)
                      0.179613    0.000080   27.069868 ^ _4390_/A (sky130_fd_sc_hd__nor2_4)
     1    0.012384    0.061670    0.122675   27.192545 v _4390_/Y (sky130_fd_sc_hd__nor2_4)
                                                         _3216_ (net)
                      0.061672    0.000606   27.193150 v hold360/A (sky130_fd_sc_hd__dlygate4sd3_1)
     9    0.075694    0.706802    1.686558   28.879709 v hold360/X (sky130_fd_sc_hd__dlygate4sd3_1)
                                                         net1448 (net)
                      0.706802    0.000776   28.880486 v fanout91/A (sky130_fd_sc_hd__clkbuf_4)
     7    0.046236    0.181175    0.640567   29.521051 v fanout91/X (sky130_fd_sc_hd__clkbuf_4)
                                                         net91 (net)
                      0.181229    0.003061   29.524113 v hold361/A (sky130_fd_sc_hd__dlygate4sd3_1)
     7    0.048386    0.479386    1.567370   31.091482 v hold361/X (sky130_fd_sc_hd__dlygate4sd3_1)
                                                         net1449 (net)
                      0.479386    0.001691   31.093174 v fanout90/A (sky130_fd_sc_hd__clkbuf_4)
     1    0.012438    0.075729    0.452236   31.545408 v fanout90/X (sky130_fd_sc_hd__clkbuf_4)
                                                         net90 (net)
                      0.075729    0.000611   31.546021 v hold362/A (sky130_fd_sc_hd__dlygate4sd3_1)
    21    0.085618    0.789413    1.757773   33.303791 v hold362/X (sky130_fd_sc_hd__dlygate4sd3_1)
                                                         net1450 (net)
                      0.789413    0.001297   33.305088 v fanout89/A (sky130_fd_sc_hd__buf_2)
    21    0.059640    0.271676    0.744304   34.049393 v fanout89/X (sky130_fd_sc_hd__buf_2)
                                                         net89 (net)
                      0.271703    0.002760   34.052155 v _4968_/A1 (sky130_fd_sc_hd__mux2_1)
     1    0.002291    0.105204    0.722416   34.774570 v _4968_/X (sky130_fd_sc_hd__mux2_1)
                                                         _1742_ (net)
                      0.105204    0.000025   34.774593 v hold5044/A (sky130_fd_sc_hd__dlygate4sd3_1)
     1    0.002135    0.102317    1.128729   35.903324 v hold5044/X (sky130_fd_sc_hd__dlygate4sd3_1)
                                                         net6132 (net)
                      0.102317    0.000021   35.903347 v hold822/A (sky130_fd_sc_hd__dlygate4sd3_1)
     1    0.002999    0.107307    1.141956   37.045300 v hold822/X (sky130_fd_sc_hd__dlygate4sd3_1)
                                                         net1910 (net)
                      0.107307    0.000043   37.045345 v hold5045/A (sky130_fd_sc_hd__dlygate4sd3_1)
     1    0.003226    0.109426    1.148223   38.193565 v hold5045/X (sky130_fd_sc_hd__dlygate4sd3_1)
                                                         net6133 (net)
                      0.109426    0.000039   38.193607 v _7468_/D (sky130_fd_sc_hd__dfrtp_1)
                                             38.193607   data arrival time

                                 30.000000   30.000000   clock clk (rise edge)
                                  4.650000   34.650002   clock source latency
     2    0.153208    0.610000    0.000000   34.650002 ^ wb_clk_i (in)
                                                         wb_clk_i (net)
                      0.748561    0.069278   34.719280 ^ clkbuf_0_wb_clk_i/A (sky130_fd_sc_hd__clkbuf_16)
     5    0.058772    0.127163    0.536826   35.256104 ^ clkbuf_0_wb_clk_i/X (sky130_fd_sc_hd__clkbuf_16)
                                                         clknet_0_wb_clk_i (net)
                      0.128974    0.010278   35.266384 ^ clkbuf_1_1_0_wb_clk_i/A (sky130_fd_sc_hd__clkbuf_8)
     9    0.116476    0.319024    0.439393   35.705776 ^ clkbuf_1_1_0_wb_clk_i/X (sky130_fd_sc_hd__clkbuf_8)
                                                         clknet_1_1_0_wb_clk_i (net)
                      0.319604    0.011234   35.717010 ^ clkbuf_3_7_0_wb_clk_i/A (sky130_fd_sc_hd__clkbuf_8)
     9    0.091405    0.257389    0.479790   36.196800 ^ clkbuf_3_7_0_wb_clk_i/X (sky130_fd_sc_hd__clkbuf_8)
                                                         clknet_3_7_0_wb_clk_i (net)
                      0.258175    0.010605   36.207405 ^ clkbuf_5_30_0_wb_clk_i/A (sky130_fd_sc_hd__clkbuf_8)
    31    0.163316    0.435300    0.579277   36.786682 ^ clkbuf_5_30_0_wb_clk_i/X (sky130_fd_sc_hd__clkbuf_8)
                                                         clknet_5_30_0_wb_clk_i (net)
                      0.436377    0.017828   36.804508 ^ clkbuf_leaf_88_wb_clk_i/A (sky130_fd_sc_hd__clkbuf_8)
     6    0.017847    0.082752    0.390326   37.194836 ^ clkbuf_leaf_88_wb_clk_i/X (sky130_fd_sc_hd__clkbuf_8)
                                                         clknet_leaf_88_wb_clk_i (net)
                      0.082752    0.000171   37.195007 ^ _7468_/CLK (sky130_fd_sc_hd__dfrtp_1)
                                 -0.250000   36.945004   clock uncertainty
                                  0.000000   36.945004   clock reconvergence pessimism
                                 -0.289605   36.655399   library setup time
                                             36.655399   data required time
---------------------------------------------------------------------------------------------
                                             36.655399   data required time
                                            -38.193607   data arrival time
---------------------------------------------------------------------------------------------
                                             -1.538208   slack (VIOLATED)




===========================================================================
report_checks --slack_max -0.01
============================================================================
======================= min_ss_100C_1v60 Corner ===================================

Startpoint: wbs_dat_i[28] (input port clocked by clk)
Endpoint: _7468_ (rising edge-triggered flip-flop clocked by clk)
Path Group: clk
Path Type: max

Fanout         Cap        Slew       Delay        Time   Description
---------------------------------------------------------------------------------------------
                                  0.000000    0.000000   clock clk (rise edge)
                                  5.570000    5.570000   clock network delay (propagated)
                                  4.610000   10.180000 v input external delay
     2    0.004805    0.840000    0.000000   10.180000 v wbs_dat_i[28] (in)
                                                         wbs_dat_i[28] (net)
                      0.840111    0.000055   10.180056 v hold2579/A (sky130_fd_sc_hd__dlygate4sd3_1)
     1    0.004640    0.129905    1.505767   11.685822 v hold2579/X (sky130_fd_sc_hd__dlygate4sd3_1)
                                                         net3667 (net)
                      0.129905    0.000019   11.685841 v input32/A (sky130_fd_sc_hd__buf_6)
     1    0.010721    0.044675    0.238737   11.924578 v input32/X (sky130_fd_sc_hd__buf_6)
                                                         net32 (net)
                      0.044675    0.000469   11.925047 v hold2580/A (sky130_fd_sc_hd__dlygate4sd3_1)
     1    0.014149    0.208426    1.246042   13.171089 v hold2580/X (sky130_fd_sc_hd__dlygate4sd3_1)
                                                         net3668 (net)
                      0.208426    0.000741   13.171830 v wire747/A (sky130_fd_sc_hd__clkbuf_8)
     5    0.094359    0.187314    0.426560   13.598391 v wire747/X (sky130_fd_sc_hd__clkbuf_8)
                                                         net747 (net)
                      0.187451    0.004709   13.603100 v hold2581/A (sky130_fd_sc_hd__dlygate4sd3_1)
     5    0.025650    0.302340    1.404452   15.007551 v hold2581/X (sky130_fd_sc_hd__dlygate4sd3_1)
                                                         net3669 (net)
                      0.302342    0.001489   15.009040 v fanout742/A (sky130_fd_sc_hd__buf_4)
    13    0.063866    0.163092    0.462048   15.471088 v fanout742/X (sky130_fd_sc_hd__buf_4)
                                                         net742 (net)
                      0.163326    0.005642   15.476729 v hold2582/A (sky130_fd_sc_hd__dlygate4sd3_1)
    11    0.046379    0.463227    1.544454   17.021183 v hold2582/X (sky130_fd_sc_hd__dlygate4sd3_1)
                                                         net3670 (net)
                      0.463256    0.004105   17.025288 v _3631_/B1 (sky130_fd_sc_hd__o31a_1)
     3    0.016261    0.191241    0.459725   17.485014 v _3631_/X (sky130_fd_sc_hd__o31a_1)
                                                         _2461_ (net)
                      0.191241    0.000089   17.485102 v _3632_/D (sky130_fd_sc_hd__or4_1)
     3    0.010608    0.271567    1.135744   18.620846 v _3632_/X (sky130_fd_sc_hd__or4_1)
                                                         _2462_ (net)
                      0.271567    0.000135   18.620981 v _3636_/A2 (sky130_fd_sc_hd__o21a_1)
     1    0.009676    0.125798    0.454698   19.075678 v _3636_/X (sky130_fd_sc_hd__o21a_1)
                                                         _2466_ (net)
                      0.125798    0.000140   19.075819 v _4033_/B (sky130_fd_sc_hd__xnor2_2)
     1    0.006795    0.134130    0.272594   19.348413 v _4033_/Y (sky130_fd_sc_hd__xnor2_2)
                                                         _2863_ (net)
                      0.134130    0.000179   19.348593 v hold386/A (sky130_fd_sc_hd__dlygate4sd3_1)
     3    0.014849    0.213093    1.293799   20.642391 v hold386/X (sky130_fd_sc_hd__dlygate4sd3_1)
                                                         net1474 (net)
                      0.213093    0.000380   20.642771 v _4035_/B (sky130_fd_sc_hd__xnor2_1)
     1    0.003063    0.110744    0.272699   20.915470 v _4035_/Y (sky130_fd_sc_hd__xnor2_1)
                                                         _2865_ (net)
                      0.110744    0.000036   20.915506 v hold387/A (sky130_fd_sc_hd__dlygate4sd3_1)
     3    0.008002    0.155700    1.210829   22.126335 v hold387/X (sky130_fd_sc_hd__dlygate4sd3_1)
                                                         net1475 (net)
                      0.155700    0.000078   22.126413 v _4094_/A (sky130_fd_sc_hd__or2_1)
     2    0.007655    0.138952    0.584679   22.711092 v _4094_/X (sky130_fd_sc_hd__or2_1)
                                                         _2924_ (net)
                      0.138952    0.000091   22.711184 v _4188_/A (sky130_fd_sc_hd__or3_1)
     1    0.006946    0.178162    0.930539   23.641722 v _4188_/X (sky130_fd_sc_hd__or3_1)
                                                         _3018_ (net)
                      0.178162    0.000115   23.641838 v _4192_/A2 (sky130_fd_sc_hd__o21ai_2)
     7    0.029744    0.583421    0.555508   24.197346 ^ _4192_/Y (sky130_fd_sc_hd__o21ai_2)
                                                         _3022_ (net)
                      0.583432    0.002135   24.199480 ^ _4193_/B (sky130_fd_sc_hd__nand2_1)
     4    0.014523    0.275635    0.439194   24.638674 v _4193_/Y (sky130_fd_sc_hd__nand2_1)
                                                         _3023_ (net)
                      0.275635    0.000339   24.639013 v _4386_/A2 (sky130_fd_sc_hd__a31o_1)
     2    0.005064    0.085304    0.477682   25.116695 v _4386_/X (sky130_fd_sc_hd__a31o_1)
                                                         _3212_ (net)
                      0.085304    0.000052   25.116747 v _4387_/B (sky130_fd_sc_hd__or2_1)
     3    0.011276    0.172461    0.554664   25.671412 v _4387_/X (sky130_fd_sc_hd__or2_1)
                                                         _3213_ (net)
                      0.172461    0.000158   25.671568 v _4388_/A2 (sky130_fd_sc_hd__a21oi_1)
     1    0.001767    0.143827    0.244336   25.915905 ^ _4388_/Y (sky130_fd_sc_hd__a21oi_1)
                                                         _3214_ (net)
                      0.143827    0.000007   25.915913 ^ hold359/A (sky130_fd_sc_hd__dlygate4sd3_1)
     1    0.009315    0.179613    1.153877   27.069790 ^ hold359/X (sky130_fd_sc_hd__dlygate4sd3_1)
                                                         net1447 (net)
                      0.179613    0.000080   27.069868 ^ _4390_/A (sky130_fd_sc_hd__nor2_4)
     1    0.012384    0.061670    0.122675   27.192545 v _4390_/Y (sky130_fd_sc_hd__nor2_4)
                                                         _3216_ (net)
                      0.061672    0.000606   27.193150 v hold360/A (sky130_fd_sc_hd__dlygate4sd3_1)
     9    0.075694    0.706802    1.686558   28.879709 v hold360/X (sky130_fd_sc_hd__dlygate4sd3_1)
                                                         net1448 (net)
                      0.706802    0.000776   28.880486 v fanout91/A (sky130_fd_sc_hd__clkbuf_4)
     7    0.046236    0.181175    0.640567   29.521051 v fanout91/X (sky130_fd_sc_hd__clkbuf_4)
                                                         net91 (net)
                      0.181229    0.003061   29.524113 v hold361/A (sky130_fd_sc_hd__dlygate4sd3_1)
     7    0.048386    0.479386    1.567370   31.091482 v hold361/X (sky130_fd_sc_hd__dlygate4sd3_1)
                                                         net1449 (net)
                      0.479386    0.001691   31.093174 v fanout90/A (sky130_fd_sc_hd__clkbuf_4)
     1    0.012438    0.075729    0.452236   31.545408 v fanout90/X (sky130_fd_sc_hd__clkbuf_4)
                                                         net90 (net)
                      0.075729    0.000611   31.546021 v hold362/A (sky130_fd_sc_hd__dlygate4sd3_1)
    21    0.085618    0.789413    1.757773   33.303791 v hold362/X (sky130_fd_sc_hd__dlygate4sd3_1)
                                                         net1450 (net)
                      0.789413    0.001297   33.305088 v fanout89/A (sky130_fd_sc_hd__buf_2)
    21    0.059640    0.271676    0.744304   34.049393 v fanout89/X (sky130_fd_sc_hd__buf_2)
                                                         net89 (net)
                      0.271703    0.002760   34.052155 v _4968_/A1 (sky130_fd_sc_hd__mux2_1)
     1    0.002291    0.105204    0.722416   34.774570 v _4968_/X (sky130_fd_sc_hd__mux2_1)
                                                         _1742_ (net)
                      0.105204    0.000025   34.774593 v hold5044/A (sky130_fd_sc_hd__dlygate4sd3_1)
     1    0.002135    0.102317    1.128729   35.903324 v hold5044/X (sky130_fd_sc_hd__dlygate4sd3_1)
                                                         net6132 (net)
                      0.102317    0.000021   35.903347 v hold822/A (sky130_fd_sc_hd__dlygate4sd3_1)
     1    0.002999    0.107307    1.141956   37.045300 v hold822/X (sky130_fd_sc_hd__dlygate4sd3_1)
                                                         net1910 (net)
                      0.107307    0.000043   37.045345 v hold5045/A (sky130_fd_sc_hd__dlygate4sd3_1)
     1    0.003226    0.109426    1.148223   38.193565 v hold5045/X (sky130_fd_sc_hd__dlygate4sd3_1)
                                                         net6133 (net)
                      0.109426    0.000039   38.193607 v _7468_/D (sky130_fd_sc_hd__dfrtp_1)
                                             38.193607   data arrival time

                                 30.000000   30.000000   clock clk (rise edge)
                                  4.650000   34.650002   clock source latency
     2    0.153208    0.610000    0.000000   34.650002 ^ wb_clk_i (in)
                                                         wb_clk_i (net)
                      0.748561    0.069278   34.719280 ^ clkbuf_0_wb_clk_i/A (sky130_fd_sc_hd__clkbuf_16)
     5    0.058772    0.127163    0.536826   35.256104 ^ clkbuf_0_wb_clk_i/X (sky130_fd_sc_hd__clkbuf_16)
                                                         clknet_0_wb_clk_i (net)
                      0.128974    0.010278   35.266384 ^ clkbuf_1_1_0_wb_clk_i/A (sky130_fd_sc_hd__clkbuf_8)
     9    0.116476    0.319024    0.439393   35.705776 ^ clkbuf_1_1_0_wb_clk_i/X (sky130_fd_sc_hd__clkbuf_8)
                                                         clknet_1_1_0_wb_clk_i (net)
                      0.319604    0.011234   35.717010 ^ clkbuf_3_7_0_wb_clk_i/A (sky130_fd_sc_hd__clkbuf_8)
     9    0.091405    0.257389    0.479790   36.196800 ^ clkbuf_3_7_0_wb_clk_i/X (sky130_fd_sc_hd__clkbuf_8)
                                                         clknet_3_7_0_wb_clk_i (net)
                      0.258175    0.010605   36.207405 ^ clkbuf_5_30_0_wb_clk_i/A (sky130_fd_sc_hd__clkbuf_8)
    31    0.163316    0.435300    0.579277   36.786682 ^ clkbuf_5_30_0_wb_clk_i/X (sky130_fd_sc_hd__clkbuf_8)
                                                         clknet_5_30_0_wb_clk_i (net)
                      0.436377    0.017828   36.804508 ^ clkbuf_leaf_88_wb_clk_i/A (sky130_fd_sc_hd__clkbuf_8)
     6    0.017847    0.082752    0.390326   37.194836 ^ clkbuf_leaf_88_wb_clk_i/X (sky130_fd_sc_hd__clkbuf_8)
                                                         clknet_leaf_88_wb_clk_i (net)
                      0.082752    0.000171   37.195007 ^ _7468_/CLK (sky130_fd_sc_hd__dfrtp_1)
                                 -0.250000   36.945004   clock uncertainty
                                  0.000000   36.945004   clock reconvergence pessimism
                                 -0.289605   36.655399   library setup time
                                             36.655399   data required time
---------------------------------------------------------------------------------------------
                                             36.655399   data required time
                                            -38.193607   data arrival time
---------------------------------------------------------------------------------------------
                                             -1.538208   slack (VIOLATED)




===========================================================================
 report_check_types -max_slew -max_cap -max_fanout -violators
============================================================================
======================= min_ss_100C_1v60 Corner ===================================

max slew

Pin                                        Limit        Slew       Slack
------------------------------------------------------------------------
hold2587/X                              1.498918    2.189654   -0.690736 (VIOLATED)
ANTENNA_fanout163_A/DIODE               1.500000    2.189656   -0.689656 (VIOLATED)
fanout163/A                             1.500000    2.189656   -0.689656 (VIOLATED)
ANTENNA_fanout160_A/DIODE               1.500000    2.189654   -0.689654 (VIOLATED)
ANTENNA_fanout164_A/DIODE               1.500000    2.189654   -0.689654 (VIOLATED)
ANTENNA_fanout165_A/DIODE               1.500000    2.189654   -0.689654 (VIOLATED)
ANTENNA_hold2587_X/DIODE                1.500000    2.189654   -0.689654 (VIOLATED)
fanout160/A                             1.500000    2.189654   -0.689654 (VIOLATED)
fanout164/A                             1.500000    2.189654   -0.689654 (VIOLATED)
fanout165/A                             1.500000    2.189654   -0.689654 (VIOLATED)
hold240/X                               1.498918    1.851488   -0.352570 (VIOLATED)
ANTENNA_wire713_A/DIODE                 1.500000    1.851673   -0.351673 (VIOLATED)
wire713/A                               1.500000    1.851673   -0.351673 (VIOLATED)
_5647_/B                                1.500000    1.851489   -0.351489 (VIOLATED)
ANTENNA__5603__B/DIODE                  1.500000    1.851488   -0.351488 (VIOLATED)
ANTENNA__5647__B/DIODE                  1.500000    1.851488   -0.351488 (VIOLATED)
ANTENNA_hold240_X/DIODE                 1.500000    1.851488   -0.351488 (VIOLATED)
_5603_/B                                1.500000    1.851488   -0.351488 (VIOLATED)
hold51/X                                1.498918    1.820903   -0.321985 (VIOLATED)
wire717/A                               1.500000    1.821121   -0.321121 (VIOLATED)
ANTENNA_wire717_A/DIODE                 1.500000    1.821121   -0.321121 (VIOLATED)
ANTENNA__5665__B/DIODE                  1.500000    1.820903   -0.320903 (VIOLATED)
ANTENNA__5683__B/DIODE                  1.500000    1.820903   -0.320903 (VIOLATED)
ANTENNA_hold51_X/DIODE                  1.500000    1.820903   -0.320903 (VIOLATED)
_5665_/B                                1.500000    1.820903   -0.320903 (VIOLATED)
_5683_/B                                1.500000    1.820903   -0.320903 (VIOLATED)
hold145/X                               1.498918    1.749454   -0.250536 (VIOLATED)
wire709/A                               1.500000    1.749518   -0.249518 (VIOLATED)
ANTENNA_wire709_A/DIODE                 1.500000    1.749517   -0.249517 (VIOLATED)
ANTENNA__5656__A/DIODE                  1.500000    1.749458   -0.249458 (VIOLATED)
_5656_/A                                1.500000    1.749458   -0.249458 (VIOLATED)
_5674_/C                                1.500000    1.749457   -0.249457 (VIOLATED)
ANTENNA__5674__C/DIODE                  1.500000    1.749454   -0.249454 (VIOLATED)
ANTENNA_hold145_X/DIODE                 1.500000    1.749454   -0.249454 (VIOLATED)
wire721/A                               1.500000    1.712184   -0.212184 (VIOLATED)
ANTENNA_wire721_A/DIODE                 1.500000    1.712183   -0.212183 (VIOLATED)
hold105/X                               1.498918    1.710908   -0.211990 (VIOLATED)
ANTENNA__5629__B/DIODE                  1.500000    1.710908   -0.210908 (VIOLATED)
ANTENNA__5638__B/DIODE                  1.500000    1.710908   -0.210908 (VIOLATED)
ANTENNA_hold105_X/DIODE                 1.500000    1.710908   -0.210908 (VIOLATED)
_5629_/B                                1.500000    1.710908   -0.210908 (VIOLATED)
_5638_/B                                1.500000    1.710908   -0.210908 (VIOLATED)
mprj.synapse_matrix_inst.X1_inst/Vcc_wl_read    0.500000    0.697330   -0.197330 (VIOLATED)
hold1055/X                              1.498918    1.688343   -0.189425 (VIOLATED)
ANTENNA_fanout155_A/DIODE               1.500000    1.688358   -0.188358 (VIOLATED)
fanout155/A                             1.500000    1.688358   -0.188358 (VIOLATED)
ANTENNA__4847__A1/DIODE                 1.500000    1.688343   -0.188343 (VIOLATED)
ANTENNA__5226__A1/DIODE                 1.500000    1.688343   -0.188343 (VIOLATED)
ANTENNA_fanout152_A/DIODE               1.500000    1.688343   -0.188343 (VIOLATED)
ANTENNA_fanout156_A/DIODE               1.500000    1.688343   -0.188343 (VIOLATED)
ANTENNA_hold1055_X/DIODE                1.500000    1.688343   -0.188343 (VIOLATED)
_4847_/A1                               1.500000    1.688343   -0.188343 (VIOLATED)
_5226_/A1                               1.500000    1.688343   -0.188343 (VIOLATED)
fanout152/A                             1.500000    1.688343   -0.188343 (VIOLATED)
fanout156/A                             1.500000    1.688343   -0.188343 (VIOLATED)
_3504_/Y                                1.494453    1.576008   -0.081555 (VIOLATED)
ANTENNA__4107__B/DIODE                  1.500000    1.576043   -0.076043 (VIOLATED)
_4107_/B                                1.500000    1.576043   -0.076043 (VIOLATED)
ANTENNA__3782__B/DIODE                  1.500000    1.576042   -0.076042 (VIOLATED)
_3782_/B                                1.500000    1.576042   -0.076042 (VIOLATED)
ANTENNA__3788__B/DIODE                  1.500000    1.576040   -0.076040 (VIOLATED)
_3788_/B                                1.500000    1.576040   -0.076040 (VIOLATED)
_3573_/A                                1.500000    1.576035   -0.076036 (VIOLATED)
ANTENNA__3573__A/DIODE                  1.500000    1.576035   -0.076035 (VIOLATED)
ANTENNA__3931__B/DIODE                  1.500000    1.576035   -0.076035 (VIOLATED)
_3931_/B                                1.500000    1.576035   -0.076035 (VIOLATED)
ANTENNA__3576__A/DIODE                  1.500000    1.576034   -0.076034 (VIOLATED)
_3576_/A                                1.500000    1.576034   -0.076034 (VIOLATED)
_3506_/A                                1.500000    1.576023   -0.076023 (VIOLATED)
ANTENNA__3506__A/DIODE                  1.500000    1.576023   -0.076023 (VIOLATED)
_3560_/A                                1.500000    1.576017   -0.076017 (VIOLATED)
ANTENNA__3560__A/DIODE                  1.500000    1.576017   -0.076017 (VIOLATED)
ANTENNA__3504__Y/DIODE                  1.500000    1.576008   -0.076008 (VIOLATED)
ANTENNA__3877__B/DIODE                  1.500000    1.576008   -0.076008 (VIOLATED)
ANTENNA__3893__B/DIODE                  1.500000    1.576008   -0.076008 (VIOLATED)
_3877_/B                                1.500000    1.576008   -0.076008 (VIOLATED)
_3893_/B                                1.500000    1.576008   -0.076008 (VIOLATED)
mprj.synapse_matrix_inst.X1_inst/wb_rst_i    0.500000    0.533780   -0.033780 (VIOLATED)
mprj.synapse_matrix_inst.X1_inst/user_rst    0.500000    0.533630   -0.033630 (VIOLATED)
mprj.synapse_matrix_inst.X1_inst/Vcc_Body    0.500000    0.505296   -0.005296 (VIOLATED)

max fanout

Pin                                   Limit Fanout  Slack
---------------------------------------------------------
fanout337/X                              10     41    -31 (VIOLATED)
clkbuf_5_29_0_wb_clk_i/X                 10     31    -21 (VIOLATED)
clkbuf_5_30_0_wb_clk_i/X                 10     31    -21 (VIOLATED)
clkbuf_5_24_0_wb_clk_i/X                 10     27    -17 (VIOLATED)
clkbuf_5_27_0_wb_clk_i/X                 10     27    -17 (VIOLATED)
clkbuf_5_13_0_wb_clk_i/X                 10     25    -15 (VIOLATED)
clkbuf_5_28_0_wb_clk_i/X                 10     25    -15 (VIOLATED)
clkbuf_5_31_0_wb_clk_i/X                 10     25    -15 (VIOLATED)
clkbuf_5_16_0_wb_clk_i/X                 10     23    -13 (VIOLATED)
clkbuf_5_18_0_wb_clk_i/X                 10     23    -13 (VIOLATED)
clkbuf_5_19_0_wb_clk_i/X                 10     23    -13 (VIOLATED)
fanout217/X                              10     22    -12 (VIOLATED)
fanout248/X                              10     22    -12 (VIOLATED)
fanout269/X                              10     22    -12 (VIOLATED)
fanout288/X                              10     22    -12 (VIOLATED)
_3504_/Y                                 10     21    -11 (VIOLATED)
_3520_/X                                 10     21    -11 (VIOLATED)
clkbuf_5_12_0_wb_clk_i/X                 10     21    -11 (VIOLATED)
clkbuf_5_25_0_wb_clk_i/X                 10     21    -11 (VIOLATED)
fanout100/X                              10     21    -11 (VIOLATED)
fanout102/X                              10     21    -11 (VIOLATED)
fanout105/X                              10     21    -11 (VIOLATED)
fanout108/X                              10     21    -11 (VIOLATED)
fanout110/X                              10     21    -11 (VIOLATED)
fanout111/X                              10     21    -11 (VIOLATED)
fanout113/X                              10     21    -11 (VIOLATED)
fanout114/X                              10     21    -11 (VIOLATED)
fanout117/X                              10     21    -11 (VIOLATED)
fanout118/X                              10     21    -11 (VIOLATED)
fanout119/X                              10     21    -11 (VIOLATED)
fanout121/X                              10     21    -11 (VIOLATED)
fanout122/X                              10     21    -11 (VIOLATED)
fanout125/X                              10     21    -11 (VIOLATED)
fanout126/X                              10     21    -11 (VIOLATED)
fanout128/X                              10     21    -11 (VIOLATED)
fanout129/X                              10     21    -11 (VIOLATED)
fanout130/X                              10     21    -11 (VIOLATED)
fanout134/X                              10     21    -11 (VIOLATED)
fanout137/X                              10     21    -11 (VIOLATED)
fanout139/X                              10     21    -11 (VIOLATED)
fanout140/X                              10     21    -11 (VIOLATED)
fanout142/X                              10     21    -11 (VIOLATED)
fanout144/X                              10     21    -11 (VIOLATED)
fanout145/X                              10     21    -11 (VIOLATED)
fanout146/X                              10     21    -11 (VIOLATED)
fanout147/X                              10     21    -11 (VIOLATED)
fanout150/X                              10     21    -11 (VIOLATED)
fanout152/X                              10     21    -11 (VIOLATED)
fanout153/X                              10     21    -11 (VIOLATED)
fanout154/X                              10     21    -11 (VIOLATED)
fanout156/X                              10     21    -11 (VIOLATED)
fanout158/X                              10     21    -11 (VIOLATED)
fanout161/X                              10     21    -11 (VIOLATED)
fanout162/X                              10     21    -11 (VIOLATED)
fanout163/X                              10     21    -11 (VIOLATED)
fanout164/X                              10     21    -11 (VIOLATED)
fanout166/X                              10     21    -11 (VIOLATED)
fanout169/X                              10     21    -11 (VIOLATED)
fanout171/X                              10     21    -11 (VIOLATED)
fanout172/X                              10     21    -11 (VIOLATED)
fanout175/X                              10     21    -11 (VIOLATED)
fanout177/X                              10     21    -11 (VIOLATED)
fanout180/X                              10     21    -11 (VIOLATED)
fanout181/X                              10     21    -11 (VIOLATED)
fanout184/X                              10     21    -11 (VIOLATED)
fanout187/X                              10     21    -11 (VIOLATED)
fanout188/X                              10     21    -11 (VIOLATED)
fanout189/X                              10     21    -11 (VIOLATED)
fanout192/X                              10     21    -11 (VIOLATED)
fanout194/X                              10     21    -11 (VIOLATED)
fanout197/X                              10     21    -11 (VIOLATED)
fanout198/X                              10     21    -11 (VIOLATED)
fanout199/X                              10     21    -11 (VIOLATED)
fanout201/X                              10     21    -11 (VIOLATED)
fanout203/X                              10     21    -11 (VIOLATED)
fanout204/X                              10     21    -11 (VIOLATED)
fanout205/X                              10     21    -11 (VIOLATED)
fanout206/X                              10     21    -11 (VIOLATED)
fanout207/X                              10     21    -11 (VIOLATED)
fanout209/X                              10     21    -11 (VIOLATED)
fanout211/X                              10     21    -11 (VIOLATED)
fanout212/X                              10     21    -11 (VIOLATED)
fanout213/X                              10     21    -11 (VIOLATED)
fanout214/X                              10     21    -11 (VIOLATED)
fanout219/X                              10     21    -11 (VIOLATED)
fanout221/X                              10     21    -11 (VIOLATED)
fanout223/X                              10     21    -11 (VIOLATED)
fanout225/X                              10     21    -11 (VIOLATED)
fanout227/X                              10     21    -11 (VIOLATED)
fanout229/X                              10     21    -11 (VIOLATED)
fanout231/X                              10     21    -11 (VIOLATED)
fanout236/X                              10     21    -11 (VIOLATED)
fanout238/X                              10     21    -11 (VIOLATED)
fanout240/X                              10     21    -11 (VIOLATED)
fanout242/X                              10     21    -11 (VIOLATED)
fanout244/X                              10     21    -11 (VIOLATED)
fanout246/X                              10     21    -11 (VIOLATED)
fanout253/X                              10     21    -11 (VIOLATED)
fanout255/X                              10     21    -11 (VIOLATED)
fanout257/X                              10     21    -11 (VIOLATED)
fanout259/X                              10     21    -11 (VIOLATED)
fanout261/X                              10     21    -11 (VIOLATED)
fanout263/X                              10     21    -11 (VIOLATED)
fanout265/X                              10     21    -11 (VIOLATED)
fanout267/X                              10     21    -11 (VIOLATED)
fanout271/X                              10     21    -11 (VIOLATED)
fanout276/X                              10     21    -11 (VIOLATED)
fanout278/X                              10     21    -11 (VIOLATED)
fanout280/X                              10     21    -11 (VIOLATED)
fanout282/X                              10     21    -11 (VIOLATED)
fanout284/X                              10     21    -11 (VIOLATED)
fanout286/X                              10     21    -11 (VIOLATED)
fanout290/X                              10     21    -11 (VIOLATED)
fanout292/X                              10     21    -11 (VIOLATED)
fanout294/X                              10     21    -11 (VIOLATED)
fanout296/X                              10     21    -11 (VIOLATED)
fanout298/X                              10     21    -11 (VIOLATED)
fanout300/X                              10     21    -11 (VIOLATED)
fanout302/X                              10     21    -11 (VIOLATED)
fanout304/X                              10     21    -11 (VIOLATED)
fanout306/X                              10     21    -11 (VIOLATED)
fanout308/X                              10     21    -11 (VIOLATED)
fanout310/X                              10     21    -11 (VIOLATED)
fanout312/X                              10     21    -11 (VIOLATED)
fanout314/X                              10     21    -11 (VIOLATED)
fanout316/X                              10     21    -11 (VIOLATED)
fanout318/X                              10     21    -11 (VIOLATED)
fanout320/X                              10     21    -11 (VIOLATED)
fanout322/X                              10     21    -11 (VIOLATED)
fanout324/X                              10     21    -11 (VIOLATED)
fanout326/X                              10     21    -11 (VIOLATED)
fanout328/X                              10     21    -11 (VIOLATED)
fanout330/X                              10     21    -11 (VIOLATED)
fanout332/X                              10     21    -11 (VIOLATED)
fanout339/X                              10     21    -11 (VIOLATED)
fanout341/X                              10     21    -11 (VIOLATED)
fanout343/X                              10     21    -11 (VIOLATED)
fanout345/X                              10     21    -11 (VIOLATED)
fanout347/X                              10     21    -11 (VIOLATED)
fanout348/X                              10     21    -11 (VIOLATED)
fanout352/X                              10     21    -11 (VIOLATED)
fanout353/X                              10     21    -11 (VIOLATED)
fanout354/X                              10     21    -11 (VIOLATED)
fanout356/X                              10     21    -11 (VIOLATED)
fanout357/X                              10     21    -11 (VIOLATED)
fanout359/X                              10     21    -11 (VIOLATED)
fanout361/X                              10     21    -11 (VIOLATED)
fanout363/X                              10     21    -11 (VIOLATED)
fanout365/X                              10     21    -11 (VIOLATED)
fanout367/X                              10     21    -11 (VIOLATED)
fanout369/X                              10     21    -11 (VIOLATED)
fanout371/X                              10     21    -11 (VIOLATED)
fanout373/X                              10     21    -11 (VIOLATED)
fanout375/X                              10     21    -11 (VIOLATED)
fanout376/X                              10     21    -11 (VIOLATED)
fanout378/X                              10     21    -11 (VIOLATED)
fanout379/X                              10     21    -11 (VIOLATED)
fanout380/X                              10     21    -11 (VIOLATED)
fanout382/X                              10     21    -11 (VIOLATED)
fanout384/X                              10     21    -11 (VIOLATED)
fanout386/X                              10     21    -11 (VIOLATED)
fanout387/X                              10     21    -11 (VIOLATED)
fanout389/X                              10     21    -11 (VIOLATED)
fanout391/X                              10     21    -11 (VIOLATED)
fanout393/X                              10     21    -11 (VIOLATED)
fanout395/X                              10     21    -11 (VIOLATED)
fanout397/X                              10     21    -11 (VIOLATED)
fanout398/X                              10     21    -11 (VIOLATED)
fanout400/X                              10     21    -11 (VIOLATED)
fanout402/X                              10     21    -11 (VIOLATED)
fanout404/X                              10     21    -11 (VIOLATED)
fanout405/X                              10     21    -11 (VIOLATED)
fanout407/X                              10     21    -11 (VIOLATED)
fanout409/X                              10     21    -11 (VIOLATED)
fanout414/X                              10     21    -11 (VIOLATED)
fanout416/X                              10     21    -11 (VIOLATED)
fanout418/X                              10     21    -11 (VIOLATED)
fanout420/X                              10     21    -11 (VIOLATED)
fanout421/X                              10     21    -11 (VIOLATED)
fanout423/X                              10     21    -11 (VIOLATED)
fanout428/X                              10     21    -11 (VIOLATED)
fanout430/X                              10     21    -11 (VIOLATED)
fanout432/X                              10     21    -11 (VIOLATED)
fanout434/X                              10     21    -11 (VIOLATED)
fanout436/X                              10     21    -11 (VIOLATED)
fanout438/X                              10     21    -11 (VIOLATED)
fanout440/X                              10     21    -11 (VIOLATED)
fanout441/X                              10     21    -11 (VIOLATED)
fanout442/X                              10     21    -11 (VIOLATED)
fanout444/X                              10     21    -11 (VIOLATED)
fanout445/X                              10     21    -11 (VIOLATED)
fanout447/X                              10     21    -11 (VIOLATED)
fanout449/X                              10     21    -11 (VIOLATED)
fanout451/X                              10     21    -11 (VIOLATED)
fanout453/X                              10     21    -11 (VIOLATED)
fanout454/X                              10     21    -11 (VIOLATED)
fanout455/X                              10     21    -11 (VIOLATED)
fanout457/X                              10     21    -11 (VIOLATED)
fanout458/X                              10     21    -11 (VIOLATED)
fanout460/X                              10     21    -11 (VIOLATED)
fanout461/X                              10     21    -11 (VIOLATED)
fanout463/X                              10     21    -11 (VIOLATED)
fanout471/X                              10     21    -11 (VIOLATED)
fanout473/X                              10     21    -11 (VIOLATED)
fanout475/X                              10     21    -11 (VIOLATED)
fanout476/X                              10     21    -11 (VIOLATED)
fanout477/X                              10     21    -11 (VIOLATED)
fanout479/X                              10     21    -11 (VIOLATED)
fanout480/X                              10     21    -11 (VIOLATED)
fanout481/X                              10     21    -11 (VIOLATED)
fanout482/X                              10     21    -11 (VIOLATED)
fanout483/X                              10     21    -11 (VIOLATED)
fanout484/X                              10     21    -11 (VIOLATED)
fanout486/X                              10     21    -11 (VIOLATED)
fanout487/X                              10     21    -11 (VIOLATED)
fanout488/X                              10     21    -11 (VIOLATED)
fanout489/X                              10     21    -11 (VIOLATED)
fanout492/X                              10     21    -11 (VIOLATED)
fanout493/X                              10     21    -11 (VIOLATED)
fanout494/X                              10     21    -11 (VIOLATED)
fanout495/X                              10     21    -11 (VIOLATED)
fanout496/X                              10     21    -11 (VIOLATED)
fanout499/X                              10     21    -11 (VIOLATED)
fanout500/X                              10     21    -11 (VIOLATED)
fanout502/X                              10     21    -11 (VIOLATED)
fanout503/X                              10     21    -11 (VIOLATED)
fanout504/X                              10     21    -11 (VIOLATED)
fanout506/X                              10     21    -11 (VIOLATED)
fanout508/X                              10     21    -11 (VIOLATED)
fanout510/X                              10     21    -11 (VIOLATED)
fanout511/X                              10     21    -11 (VIOLATED)
fanout512/X                              10     21    -11 (VIOLATED)
fanout513/X                              10     21    -11 (VIOLATED)
fanout515/X                              10     21    -11 (VIOLATED)
fanout517/X                              10     21    -11 (VIOLATED)
fanout518/X                              10     21    -11 (VIOLATED)
fanout520/X                              10     21    -11 (VIOLATED)
fanout540/X                              10     21    -11 (VIOLATED)
fanout541/X                              10     21    -11 (VIOLATED)
fanout543/X                              10     21    -11 (VIOLATED)
fanout544/X                              10     21    -11 (VIOLATED)
fanout547/X                              10     21    -11 (VIOLATED)
fanout548/X                              10     21    -11 (VIOLATED)
fanout549/X                              10     21    -11 (VIOLATED)
fanout552/X                              10     21    -11 (VIOLATED)
fanout554/X                              10     21    -11 (VIOLATED)
fanout557/X                              10     21    -11 (VIOLATED)
fanout558/X                              10     21    -11 (VIOLATED)
fanout561/X                              10     21    -11 (VIOLATED)
fanout562/X                              10     21    -11 (VIOLATED)
fanout564/X                              10     21    -11 (VIOLATED)
fanout565/X                              10     21    -11 (VIOLATED)
fanout569/X                              10     21    -11 (VIOLATED)
fanout570/X                              10     21    -11 (VIOLATED)
fanout572/X                              10     21    -11 (VIOLATED)
fanout575/X                              10     21    -11 (VIOLATED)
fanout576/X                              10     21    -11 (VIOLATED)
fanout578/X                              10     21    -11 (VIOLATED)
fanout579/X                              10     21    -11 (VIOLATED)
fanout581/X                              10     21    -11 (VIOLATED)
fanout582/X                              10     21    -11 (VIOLATED)
fanout585/X                              10     21    -11 (VIOLATED)
fanout588/X                              10     21    -11 (VIOLATED)
fanout589/X                              10     21    -11 (VIOLATED)
fanout593/X                              10     21    -11 (VIOLATED)
fanout595/X                              10     21    -11 (VIOLATED)
fanout596/X                              10     21    -11 (VIOLATED)
fanout597/X                              10     21    -11 (VIOLATED)
fanout600/X                              10     21    -11 (VIOLATED)
fanout601/X                              10     21    -11 (VIOLATED)
fanout605/X                              10     21    -11 (VIOLATED)
fanout606/X                              10     21    -11 (VIOLATED)
fanout607/X                              10     21    -11 (VIOLATED)
fanout608/X                              10     21    -11 (VIOLATED)
fanout610/X                              10     21    -11 (VIOLATED)
fanout612/X                              10     21    -11 (VIOLATED)
fanout613/X                              10     21    -11 (VIOLATED)
fanout614/X                              10     21    -11 (VIOLATED)
fanout617/X                              10     21    -11 (VIOLATED)
fanout619/X                              10     21    -11 (VIOLATED)
fanout622/X                              10     21    -11 (VIOLATED)
fanout624/X                              10     21    -11 (VIOLATED)
fanout625/X                              10     21    -11 (VIOLATED)
fanout627/X                              10     21    -11 (VIOLATED)
fanout629/X                              10     21    -11 (VIOLATED)
fanout630/X                              10     21    -11 (VIOLATED)
fanout632/X                              10     21    -11 (VIOLATED)
fanout633/X                              10     21    -11 (VIOLATED)
fanout634/X                              10     21    -11 (VIOLATED)
fanout635/X                              10     21    -11 (VIOLATED)
fanout639/X                              10     21    -11 (VIOLATED)
fanout641/X                              10     21    -11 (VIOLATED)
fanout643/X                              10     21    -11 (VIOLATED)
fanout644/X                              10     21    -11 (VIOLATED)
fanout648/X                              10     21    -11 (VIOLATED)
fanout649/X                              10     21    -11 (VIOLATED)
fanout653/X                              10     21    -11 (VIOLATED)
fanout655/X                              10     21    -11 (VIOLATED)
fanout657/X                              10     21    -11 (VIOLATED)
fanout659/X                              10     21    -11 (VIOLATED)
fanout662/X                              10     21    -11 (VIOLATED)
fanout664/X                              10     21    -11 (VIOLATED)
fanout667/X                              10     21    -11 (VIOLATED)
fanout669/X                              10     21    -11 (VIOLATED)
fanout671/X                              10     21    -11 (VIOLATED)
fanout673/X                              10     21    -11 (VIOLATED)
fanout677/X                              10     21    -11 (VIOLATED)
fanout679/X                              10     21    -11 (VIOLATED)
fanout681/X                              10     21    -11 (VIOLATED)
fanout684/X                              10     21    -11 (VIOLATED)
fanout688/X                              10     21    -11 (VIOLATED)
fanout690/X                              10     21    -11 (VIOLATED)
fanout694/X                              10     21    -11 (VIOLATED)
fanout703/X                              10     21    -11 (VIOLATED)
fanout822/X                              10     21    -11 (VIOLATED)
fanout823/X                              10     21    -11 (VIOLATED)
fanout84/X                               10     21    -11 (VIOLATED)
fanout86/X                               10     21    -11 (VIOLATED)
fanout87/X                               10     21    -11 (VIOLATED)
fanout89/X                               10     21    -11 (VIOLATED)
fanout92/X                               10     21    -11 (VIOLATED)
fanout97/X                               10     21    -11 (VIOLATED)
hold362/X                                10     21    -11 (VIOLATED)
hold42/X                                 10     21    -11 (VIOLATED)
clkbuf_5_0_0_wb_clk_i/X                  10     19     -9 (VIOLATED)
clkbuf_5_14_0_wb_clk_i/X                 10     19     -9 (VIOLATED)
clkbuf_5_15_0_wb_clk_i/X                 10     19     -9 (VIOLATED)
clkbuf_5_26_0_wb_clk_i/X                 10     19     -9 (VIOLATED)
clkbuf_5_8_0_wb_clk_i/X                  10     19     -9 (VIOLATED)
fanout104/X                              10     19     -9 (VIOLATED)
fanout106/X                              10     19     -9 (VIOLATED)
fanout136/X                              10     19     -9 (VIOLATED)
fanout183/X                              10     19     -9 (VIOLATED)
fanout186/X                              10     19     -9 (VIOLATED)
fanout583/X                              10     19     -9 (VIOLATED)
fanout651/X                              10     19     -9 (VIOLATED)
fanout704/X                              10     19     -9 (VIOLATED)
fanout93/X                               10     19     -9 (VIOLATED)
hold56/X                                 10     19     -9 (VIOLATED)
wire234/X                                10     19     -9 (VIOLATED)
wire351/X                                10     19     -9 (VIOLATED)
_3503_/X                                 10     17     -7 (VIOLATED)
_3513_/X                                 10     17     -7 (VIOLATED)
_3534_/X                                 10     17     -7 (VIOLATED)
_5638_/X                                 10     17     -7 (VIOLATED)
clkbuf_5_10_0_wb_clk_i/X                 10     17     -7 (VIOLATED)
clkbuf_5_17_0_wb_clk_i/X                 10     17     -7 (VIOLATED)
clkbuf_5_1_0_wb_clk_i/X                  10     17     -7 (VIOLATED)
clkbuf_5_22_0_wb_clk_i/X                 10     17     -7 (VIOLATED)
clkbuf_5_23_0_wb_clk_i/X                 10     17     -7 (VIOLATED)
fanout151/X                              10     17     -7 (VIOLATED)
fanout155/X                              10     17     -7 (VIOLATED)
fanout167/X                              10     17     -7 (VIOLATED)
fanout190/X                              10     17     -7 (VIOLATED)
fanout216/X                              10     17     -7 (VIOLATED)
fanout368/X                              10     17     -7 (VIOLATED)
fanout456/X                              10     17     -7 (VIOLATED)
fanout505/X                              10     17     -7 (VIOLATED)
fanout560/X                              10     17     -7 (VIOLATED)
fanout580/X                              10     17     -7 (VIOLATED)
fanout620/X                              10     17     -7 (VIOLATED)
fanout652/X                              10     17     -7 (VIOLATED)
fanout95/X                               10     17     -7 (VIOLATED)
hold106/X                                10     17     -7 (VIOLATED)
hold146/X                                10     17     -7 (VIOLATED)
hold161/X                                10     17     -7 (VIOLATED)
hold162/X                                10     17     -7 (VIOLATED)
hold241/X                                10     17     -7 (VIOLATED)
hold38/X                                 10     17     -7 (VIOLATED)
hold43/X                                 10     17     -7 (VIOLATED)
hold52/X                                 10     17     -7 (VIOLATED)
hold711/X                                10     17     -7 (VIOLATED)
wire251/X                                10     17     -7 (VIOLATED)
fanout160/X                              10     16     -6 (VIOLATED)
fanout96/X                               10     16     -6 (VIOLATED)
_3530_/X                                 10     15     -5 (VIOLATED)
clkbuf_5_20_0_wb_clk_i/X                 10     15     -5 (VIOLATED)
clkbuf_5_9_0_wb_clk_i/X                  10     15     -5 (VIOLATED)
fanout107/X                              10     15     -5 (VIOLATED)
fanout120/X                              10     15     -5 (VIOLATED)
fanout123/X                              10     15     -5 (VIOLATED)
fanout132/X                              10     15     -5 (VIOLATED)
fanout138/X                              10     15     -5 (VIOLATED)
fanout148/X                              10     15     -5 (VIOLATED)
fanout185/X                              10     15     -5 (VIOLATED)
fanout215/X                              10     15     -5 (VIOLATED)
fanout230/X                              10     15     -5 (VIOLATED)
fanout239/X                              10     15     -5 (VIOLATED)
fanout254/X                              10     15     -5 (VIOLATED)
fanout256/X                              10     15     -5 (VIOLATED)
fanout262/X                              10     15     -5 (VIOLATED)
fanout266/X                              10     15     -5 (VIOLATED)
fanout281/X                              10     15     -5 (VIOLATED)
fanout285/X                              10     15     -5 (VIOLATED)
fanout293/X                              10     15     -5 (VIOLATED)
fanout313/X                              10     15     -5 (VIOLATED)
fanout340/X                              10     15     -5 (VIOLATED)
fanout346/X                              10     15     -5 (VIOLATED)
fanout349/X                              10     15     -5 (VIOLATED)
fanout374/X                              10     15     -5 (VIOLATED)
fanout396/X                              10     15     -5 (VIOLATED)
fanout403/X                              10     15     -5 (VIOLATED)
fanout413/X                              10     15     -5 (VIOLATED)
fanout435/X                              10     15     -5 (VIOLATED)
fanout437/X                              10     15     -5 (VIOLATED)
fanout462/X                              10     15     -5 (VIOLATED)
fanout472/X                              10     15     -5 (VIOLATED)
fanout490/X                              10     15     -5 (VIOLATED)
fanout491/X                              10     15     -5 (VIOLATED)
fanout498/X                              10     15     -5 (VIOLATED)
fanout522/X                              10     15     -5 (VIOLATED)
fanout546/X                              10     15     -5 (VIOLATED)
fanout567/X                              10     15     -5 (VIOLATED)
fanout568/X                              10     15     -5 (VIOLATED)
fanout577/X                              10     15     -5 (VIOLATED)
fanout599/X                              10     15     -5 (VIOLATED)
fanout626/X                              10     15     -5 (VIOLATED)
fanout656/X                              10     15     -5 (VIOLATED)
fanout685/X                              10     15     -5 (VIOLATED)
fanout689/X                              10     15     -5 (VIOLATED)
fanout88/X                               10     15     -5 (VIOLATED)
hold183/X                                10     15     -5 (VIOLATED)
hold3/X                                  10     15     -5 (VIOLATED)
hold317/X                                10     15     -5 (VIOLATED)
hold459/X                                10     15     -5 (VIOLATED)
wire274/X                                10     15     -5 (VIOLATED)
wire335/X                                10     15     -5 (VIOLATED)
wire412/X                                10     15     -5 (VIOLATED)
wire426/X                                10     15     -5 (VIOLATED)
fanout243/X                              10     14     -4 (VIOLATED)
fanout315/X                              10     14     -4 (VIOLATED)
clkbuf_5_3_0_wb_clk_i/X                  10     13     -3 (VIOLATED)
fanout109/X                              10     13     -3 (VIOLATED)
fanout115/X                              10     13     -3 (VIOLATED)
fanout143/X                              10     13     -3 (VIOLATED)
fanout159/X                              10     13     -3 (VIOLATED)
fanout168/X                              10     13     -3 (VIOLATED)
fanout176/X                              10     13     -3 (VIOLATED)
fanout179/X                              10     13     -3 (VIOLATED)
fanout191/X                              10     13     -3 (VIOLATED)
fanout208/X                              10     13     -3 (VIOLATED)
fanout210/X                              10     13     -3 (VIOLATED)
fanout218/X                              10     13     -3 (VIOLATED)
fanout220/X                              10     13     -3 (VIOLATED)
fanout222/X                              10     13     -3 (VIOLATED)
fanout224/X                              10     13     -3 (VIOLATED)
fanout226/X                              10     13     -3 (VIOLATED)
fanout228/X                              10     13     -3 (VIOLATED)
fanout232/X                              10     13     -3 (VIOLATED)
fanout235/X                              10     13     -3 (VIOLATED)
fanout237/X                              10     13     -3 (VIOLATED)
fanout241/X                              10     13     -3 (VIOLATED)
fanout245/X                              10     13     -3 (VIOLATED)
fanout247/X                              10     13     -3 (VIOLATED)
fanout249/X                              10     13     -3 (VIOLATED)
fanout252/X                              10     13     -3 (VIOLATED)
fanout258/X                              10     13     -3 (VIOLATED)
fanout260/X                              10     13     -3 (VIOLATED)
fanout264/X                              10     13     -3 (VIOLATED)
fanout268/X                              10     13     -3 (VIOLATED)
fanout270/X                              10     13     -3 (VIOLATED)
fanout272/X                              10     13     -3 (VIOLATED)
fanout275/X                              10     13     -3 (VIOLATED)
fanout277/X                              10     13     -3 (VIOLATED)
fanout279/X                              10     13     -3 (VIOLATED)
fanout283/X                              10     13     -3 (VIOLATED)
fanout287/X                              10     13     -3 (VIOLATED)
fanout289/X                              10     13     -3 (VIOLATED)
fanout291/X                              10     13     -3 (VIOLATED)
fanout295/X                              10     13     -3 (VIOLATED)
fanout297/X                              10     13     -3 (VIOLATED)
fanout299/X                              10     13     -3 (VIOLATED)
fanout301/X                              10     13     -3 (VIOLATED)
fanout303/X                              10     13     -3 (VIOLATED)
fanout305/X                              10     13     -3 (VIOLATED)
fanout307/X                              10     13     -3 (VIOLATED)
fanout309/X                              10     13     -3 (VIOLATED)
fanout311/X                              10     13     -3 (VIOLATED)
fanout317/X                              10     13     -3 (VIOLATED)
fanout319/X                              10     13     -3 (VIOLATED)
fanout321/X                              10     13     -3 (VIOLATED)
fanout323/X                              10     13     -3 (VIOLATED)
fanout325/X                              10     13     -3 (VIOLATED)
fanout327/X                              10     13     -3 (VIOLATED)
fanout329/X                              10     13     -3 (VIOLATED)
fanout331/X                              10     13     -3 (VIOLATED)
fanout333/X                              10     13     -3 (VIOLATED)
fanout336/X                              10     13     -3 (VIOLATED)
fanout338/X                              10     13     -3 (VIOLATED)
fanout342/X                              10     13     -3 (VIOLATED)
fanout344/X                              10     13     -3 (VIOLATED)
fanout358/X                              10     13     -3 (VIOLATED)
fanout370/X                              10     13     -3 (VIOLATED)
fanout372/X                              10     13     -3 (VIOLATED)
fanout377/X                              10     13     -3 (VIOLATED)
fanout383/X                              10     13     -3 (VIOLATED)
fanout390/X                              10     13     -3 (VIOLATED)
fanout408/X                              10     13     -3 (VIOLATED)
fanout415/X                              10     13     -3 (VIOLATED)
fanout417/X                              10     13     -3 (VIOLATED)
fanout422/X                              10     13     -3 (VIOLATED)
fanout427/X                              10     13     -3 (VIOLATED)
fanout431/X                              10     13     -3 (VIOLATED)
fanout433/X                              10     13     -3 (VIOLATED)
fanout443/X                              10     13     -3 (VIOLATED)
fanout452/X                              10     13     -3 (VIOLATED)
fanout464/X                              10     13     -3 (VIOLATED)
fanout501/X                              10     13     -3 (VIOLATED)
fanout551/X                              10     13     -3 (VIOLATED)
fanout587/X                              10     13     -3 (VIOLATED)
fanout590/X                              10     13     -3 (VIOLATED)
fanout603/X                              10     13     -3 (VIOLATED)
fanout631/X                              10     13     -3 (VIOLATED)
fanout637/X                              10     13     -3 (VIOLATED)
fanout638/X                              10     13     -3 (VIOLATED)
fanout674/X                              10     13     -3 (VIOLATED)
fanout696/X                              10     13     -3 (VIOLATED)
fanout742/X                              10     13     -3 (VIOLATED)
fanout85/X                               10     13     -3 (VIOLATED)
hold316/X                                10     13     -3 (VIOLATED)
hold703/X                                10     13     -3 (VIOLATED)
hold71/X                                 10     13     -3 (VIOLATED)
_3512_/Y                                 10     11        (VIOLATED)
_3517_/Y                                 10     11        (VIOLATED)
_3529_/X                                 10     11        (VIOLATED)
_3532_/X                                 10     11        (VIOLATED)
_3533_/X                                 10     11        (VIOLATED)
_3546_/X                                 10     11        (VIOLATED)
_3573_/X                                 10     11        (VIOLATED)
_3575_/X                                 10     11        (VIOLATED)
_3585_/X                                 10     11        (VIOLATED)
_3587_/X                                 10     11        (VIOLATED)
_3588_/X                                 10     11        (VIOLATED)
_3591_/X                                 10     11        (VIOLATED)
clkbuf_5_11_0_wb_clk_i/X                 10     11        (VIOLATED)
clkbuf_5_21_0_wb_clk_i/X                 10     11        (VIOLATED)
clkbuf_5_2_0_wb_clk_i/X                  10     11        (VIOLATED)
clkbuf_5_4_0_wb_clk_i/X                  10     11        (VIOLATED)
clkbuf_5_5_0_wb_clk_i/X                  10     11        (VIOLATED)
clkbuf_5_6_0_wb_clk_i/X                  10     11        (VIOLATED)
clkbuf_5_7_0_wb_clk_i/X                  10     11        (VIOLATED)
fanout112/X                              10     11        (VIOLATED)
fanout127/X                              10     11        (VIOLATED)
fanout131/X                              10     11        (VIOLATED)
fanout133/X                              10     11        (VIOLATED)
fanout178/X                              10     11        (VIOLATED)
fanout182/X                              10     11        (VIOLATED)
fanout195/X                              10     11        (VIOLATED)
fanout196/X                              10     11        (VIOLATED)
fanout200/X                              10     11        (VIOLATED)
fanout202/X                              10     11        (VIOLATED)
fanout355/X                              10     11        (VIOLATED)
fanout360/X                              10     11        (VIOLATED)
fanout362/X                              10     11        (VIOLATED)
fanout364/X                              10     11        (VIOLATED)
fanout366/X                              10     11        (VIOLATED)
fanout381/X                              10     11        (VIOLATED)
fanout385/X                              10     11        (VIOLATED)
fanout388/X                              10     11        (VIOLATED)
fanout392/X                              10     11        (VIOLATED)
fanout394/X                              10     11        (VIOLATED)
fanout399/X                              10     11        (VIOLATED)
fanout401/X                              10     11        (VIOLATED)
fanout406/X                              10     11        (VIOLATED)
fanout410/X                              10     11        (VIOLATED)
fanout419/X                              10     11        (VIOLATED)
fanout424/X                              10     11        (VIOLATED)
fanout429/X                              10     11        (VIOLATED)
fanout439/X                              10     11        (VIOLATED)
fanout446/X                              10     11        (VIOLATED)
fanout448/X                              10     11        (VIOLATED)
fanout450/X                              10     11        (VIOLATED)
fanout459/X                              10     11        (VIOLATED)
fanout474/X                              10     11        (VIOLATED)
fanout497/X                              10     11        (VIOLATED)
fanout509/X                              10     11        (VIOLATED)
fanout514/X                              10     11        (VIOLATED)
fanout523/X                              10     11        (VIOLATED)
fanout524/X                              10     11        (VIOLATED)
fanout563/X                              10     11        (VIOLATED)
fanout571/X                              10     11        (VIOLATED)
fanout591/X                              10     11        (VIOLATED)
fanout604/X                              10     11        (VIOLATED)
fanout611/X                              10     11        (VIOLATED)
fanout618/X                              10     11        (VIOLATED)
fanout621/X                              10     11        (VIOLATED)
fanout642/X                              10     11        (VIOLATED)
fanout646/X                              10     11        (VIOLATED)
fanout647/X                              10     11        (VIOLATED)
fanout661/X                              10     11        (VIOLATED)
fanout663/X                              10     11        (VIOLATED)
fanout665/X                              10     11        (VIOLATED)
fanout666/X                              10     11        (VIOLATED)
fanout670/X                              10     11        (VIOLATED)
fanout678/X                              10     11        (VIOLATED)
fanout683/X                              10     11        (VIOLATED)
fanout693/X                              10     11        (VIOLATED)
fanout743/X                              10     11        (VIOLATED)
fanout824/X                              10     11        (VIOLATED)
fanout98/X                               10     11        (VIOLATED)
hold1055/X                               10     11        (VIOLATED)
hold2582/X                               10     11        (VIOLATED)
hold2588/X                               10     11        (VIOLATED)
hold389/X                                10     11        (VIOLATED)
hold69/X                                 10     11        (VIOLATED)

max capacitance

Pin                                        Limit         Cap       Slack
------------------------------------------------------------------------
hold2587/X                              0.100718    0.148463   -0.047745 (VIOLATED)
hold240/X                               0.100718    0.125124   -0.024406 (VIOLATED)
hold51/X                                0.100718    0.123033   -0.022315 (VIOLATED)
hold145/X                               0.100718    0.118200   -0.017482 (VIOLATED)
hold105/X                               0.100718    0.115453   -0.014735 (VIOLATED)
hold1055/X                              0.100718    0.114148   -0.013430 (VIOLATED)
_3504_/Y                                0.065012    0.071184   -0.006172 (VIOLATED)



===========================================================================
report_parasitic_annotation -report_unannotated
============================================================================
Found 829 unannotated drivers.
 analog_io[13]
 analog_io[14]
 analog_io[15]
 analog_io[16]
 analog_io[17]
 analog_io[18]
 analog_io[19]
 analog_io[20]
 analog_io[21]
 analog_io[22]
 analog_io[23]
 analog_io[24]
 analog_io[25]
 analog_io[26]
 analog_io[27]
 analog_io[28]
 analog_io[4]
 io_in[0]
 io_in[10]
 io_in[11]
 io_in[12]
 io_in[13]
 io_in[14]
 io_in[15]
 io_in[16]
 io_in[17]
 io_in[18]
 io_in[19]
 io_in[20]
 io_in[21]
 io_in[22]
 io_in[23]
 io_in[24]
 io_in[25]
 io_in[26]
 io_in[27]
 io_in[28]
 io_in[29]
 io_in[30]
 io_in[31]
 io_in[32]
 io_in[33]
 io_in[34]
 io_in[35]
 io_in[36]
 io_in[37]
 io_in[3]
 io_in[6]
 io_in[7]
 io_in[8]
 io_in[9]
 la_data_in[0]
 la_data_in[100]
 la_data_in[101]
 la_data_in[102]
 la_data_in[103]
 la_data_in[104]
 la_data_in[105]
 la_data_in[106]
 la_data_in[107]
 la_data_in[108]
 la_data_in[109]
 la_data_in[10]
 la_data_in[110]
 la_data_in[111]
 la_data_in[112]
 la_data_in[113]
 la_data_in[114]
 la_data_in[115]
 la_data_in[116]
 la_data_in[117]
 la_data_in[118]
 la_data_in[119]
 la_data_in[11]
 la_data_in[120]
 la_data_in[121]
 la_data_in[122]
 la_data_in[123]
 la_data_in[124]
 la_data_in[125]
 la_data_in[126]
 la_data_in[127]
 la_data_in[12]
 la_data_in[13]
 la_data_in[14]
 la_data_in[15]
 la_data_in[16]
 la_data_in[17]
 la_data_in[18]
 la_data_in[19]
 la_data_in[1]
 la_data_in[20]
 la_data_in[21]
 la_data_in[22]
 la_data_in[23]
 la_data_in[24]
 la_data_in[25]
 la_data_in[26]
 la_data_in[27]
 la_data_in[28]
 la_data_in[29]
 la_data_in[2]
 la_data_in[30]
 la_data_in[31]
 la_data_in[32]
 la_data_in[33]
 la_data_in[34]
 la_data_in[35]
 la_data_in[36]
 la_data_in[37]
 la_data_in[38]
 la_data_in[39]
 la_data_in[3]
 la_data_in[40]
 la_data_in[41]
 la_data_in[42]
 la_data_in[43]
 la_data_in[44]
 la_data_in[45]
 la_data_in[46]
 la_data_in[47]
 la_data_in[48]
 la_data_in[49]
 la_data_in[4]
 la_data_in[50]
 la_data_in[51]
 la_data_in[52]
 la_data_in[53]
 la_data_in[54]
 la_data_in[55]
 la_data_in[56]
 la_data_in[57]
 la_data_in[58]
 la_data_in[59]
 la_data_in[5]
 la_data_in[60]
 la_data_in[61]
 la_data_in[62]
 la_data_in[63]
 la_data_in[64]
 la_data_in[65]
 la_data_in[66]
 la_data_in[67]
 la_data_in[68]
 la_data_in[69]
 la_data_in[6]
 la_data_in[70]
 la_data_in[71]
 la_data_in[72]
 la_data_in[73]
 la_data_in[74]
 la_data_in[75]
 la_data_in[76]
 la_data_in[77]
 la_data_in[78]
 la_data_in[79]
 la_data_in[7]
 la_data_in[80]
 la_data_in[81]
 la_data_in[82]
 la_data_in[83]
 la_data_in[84]
 la_data_in[85]
 la_data_in[86]
 la_data_in[87]
 la_data_in[88]
 la_data_in[89]
 la_data_in[8]
 la_data_in[90]
 la_data_in[91]
 la_data_in[92]
 la_data_in[93]
 la_data_in[94]
 la_data_in[95]
 la_data_in[96]
 la_data_in[97]
 la_data_in[98]
 la_data_in[99]
 la_data_in[9]
 la_oenb[0]
 la_oenb[100]
 la_oenb[101]
 la_oenb[102]
 la_oenb[103]
 la_oenb[104]
 la_oenb[105]
 la_oenb[106]
 la_oenb[107]
 la_oenb[108]
 la_oenb[109]
 la_oenb[10]
 la_oenb[110]
 la_oenb[111]
 la_oenb[112]
 la_oenb[113]
 la_oenb[114]
 la_oenb[115]
 la_oenb[116]
 la_oenb[117]
 la_oenb[118]
 la_oenb[119]
 la_oenb[11]
 la_oenb[120]
 la_oenb[121]
 la_oenb[122]
 la_oenb[123]
 la_oenb[124]
 la_oenb[125]
 la_oenb[126]
 la_oenb[127]
 la_oenb[12]
 la_oenb[13]
 la_oenb[14]
 la_oenb[15]
 la_oenb[16]
 la_oenb[17]
 la_oenb[18]
 la_oenb[19]
 la_oenb[1]
 la_oenb[20]
 la_oenb[21]
 la_oenb[22]
 la_oenb[23]
 la_oenb[24]
 la_oenb[25]
 la_oenb[26]
 la_oenb[27]
 la_oenb[28]
 la_oenb[29]
 la_oenb[2]
 la_oenb[30]
 la_oenb[31]
 la_oenb[32]
 la_oenb[33]
 la_oenb[34]
 la_oenb[35]
 la_oenb[36]
 la_oenb[37]
 la_oenb[38]
 la_oenb[39]
 la_oenb[3]
 la_oenb[40]
 la_oenb[41]
 la_oenb[42]
 la_oenb[43]
 la_oenb[44]
 la_oenb[45]
 la_oenb[46]
 la_oenb[47]
 la_oenb[48]
 la_oenb[49]
 la_oenb[4]
 la_oenb[50]
 la_oenb[51]
 la_oenb[52]
 la_oenb[53]
 la_oenb[54]
 la_oenb[55]
 la_oenb[56]
 la_oenb[57]
 la_oenb[58]
 la_oenb[59]
 la_oenb[5]
 la_oenb[60]
 la_oenb[61]
 la_oenb[62]
 la_oenb[63]
 la_oenb[64]
 la_oenb[65]
 la_oenb[66]
 la_oenb[67]
 la_oenb[68]
 la_oenb[69]
 la_oenb[6]
 la_oenb[70]
 la_oenb[71]
 la_oenb[72]
 la_oenb[73]
 la_oenb[74]
 la_oenb[75]
 la_oenb[76]
 la_oenb[77]
 la_oenb[78]
 la_oenb[79]
 la_oenb[7]
 la_oenb[80]
 la_oenb[81]
 la_oenb[82]
 la_oenb[83]
 la_oenb[84]
 la_oenb[85]
 la_oenb[86]
 la_oenb[87]
 la_oenb[88]
 la_oenb[89]
 la_oenb[8]
 la_oenb[90]
 la_oenb[91]
 la_oenb[92]
 la_oenb[93]
 la_oenb[94]
 la_oenb[95]
 la_oenb[96]
 la_oenb[97]
 la_oenb[98]
 la_oenb[99]
 la_oenb[9]
 user_clock2
 wbs_adr_i[0]
 wbs_adr_i[10]
 wbs_adr_i[11]
 wbs_adr_i[16]
 wbs_adr_i[17]
 wbs_adr_i[18]
 wbs_adr_i[19]
 wbs_adr_i[1]
 wbs_adr_i[20]
 wbs_adr_i[21]
 wbs_adr_i[22]
 wbs_adr_i[23]
 wbs_adr_i[24]
 wbs_adr_i[25]
 wbs_adr_i[26]
 wbs_adr_i[27]
 wbs_adr_i[28]
 wbs_adr_i[29]
 wbs_adr_i[30]
 wbs_adr_i[31]
 wbs_adr_i[3]
 wbs_adr_i[4]
 wbs_adr_i[5]
 wbs_adr_i[6]
 wbs_adr_i[7]
 wbs_adr_i[8]
 wbs_adr_i[9]
 clkload0/Y
 clkload1/Y
 clkload10/Y
 clkload100/X
 clkload101/X
 clkload102/X
 clkload103/X
 clkload104/X
 clkload105/Y
 clkload106/X
 clkload107/Y
 clkload108/Y
 clkload109/Y
 clkload11/Y
 clkload110/X
 clkload111/X
 clkload112/X
 clkload113/Y
 clkload114/Y
 clkload115/Y
 clkload116/Y
 clkload117/Y
 clkload118/X
 clkload119/X
 clkload12/X
 clkload120/Y
 clkload121/X
 clkload122/Y
 clkload123/Y
 clkload124/Y
 clkload125/Y
 clkload126/Y
 clkload127/Y
 clkload128/X
 clkload129/Y
 clkload13/Y
 clkload130/X
 clkload131/X
 clkload132/Y
 clkload133/X
 clkload134/X
 clkload135/X
 clkload136/X
 clkload137/X
 clkload138/X
 clkload139/X
 clkload14/X
 clkload140/Y
 clkload141/X
 clkload142/Y
 clkload143/Y
 clkload144/Y
 clkload145/X
 clkload146/Y
 clkload147/Y
 clkload148/Y
 clkload149/Y
 clkload15/Y
 clkload150/Y
 clkload151/Y
 clkload152/X
 clkload153/Y
 clkload154/Y
 clkload155/Y
 clkload156/X
 clkload157/Y
 clkload158/X
 clkload159/X
 clkload16/Y
 clkload160/X
 clkload161/X
 clkload162/X
 clkload163/X
 clkload164/Y
 clkload165/X
 clkload166/X
 clkload167/X
 clkload168/X
 clkload169/Y
 clkload17/X
 clkload170/Y
 clkload171/Y
 clkload172/Y
 clkload173/Y
 clkload174/Y
 clkload175/Y
 clkload176/Y
 clkload177/Y
 clkload178/X
 clkload179/X
 clkload18/Y
 clkload180/Y
 clkload181/X
 clkload182/X
 clkload183/X
 clkload184/X
 clkload185/X
 clkload186/X
 clkload187/Y
 clkload188/X
 clkload189/Y
 clkload19/Y
 clkload190/X
 clkload191/Y
 clkload192/Y
 clkload193/Y
 clkload194/X
 clkload195/Y
 clkload196/X
 clkload197/Y
 clkload198/Y
 clkload199/Y
 clkload2/Y
 clkload20/X
 clkload200/Y
 clkload201/X
 clkload202/X
 clkload203/X
 clkload204/Y
 clkload205/X
 clkload206/X
 clkload207/X
 clkload208/Y
 clkload209/X
 clkload21/Y
 clkload210/Y
 clkload211/X
 clkload212/Y
 clkload213/Y
 clkload214/Y
 clkload215/Y
 clkload216/Y
 clkload217/Y
 clkload218/Y
 clkload219/Y
 clkload22/X
 clkload220/Y
 clkload221/Y
 clkload23/Y
 clkload24/Y
 clkload25/Y
 clkload26/Y
 clkload27/Y
 clkload28/Y
 clkload29/Y
 clkload3/X
 clkload30/Y
 clkload31/Y
 clkload32/X
 clkload33/X
 clkload34/X
 clkload35/X
 clkload36/X
 clkload37/X
 clkload38/X
 clkload39/Y
 clkload4/X
 clkload40/X
 clkload41/Y
 clkload42/X
 clkload43/X
 clkload44/Y
 clkload45/X
 clkload46/Y
 clkload47/X
 clkload48/Y
 clkload49/X
 clkload5/X
 clkload50/Y
 clkload51/Y
 clkload52/Y
 clkload53/Y
 clkload54/Y
 clkload55/Y
 clkload56/Y
 clkload57/Y
 clkload58/Y
 clkload59/Y
 clkload6/Y
 clkload60/Y
 clkload61/X
 clkload62/X
 clkload63/X
 clkload64/X
 clkload65/X
 clkload66/Y
 clkload67/Y
 clkload68/X
 clkload69/Y
 clkload7/Y
 clkload70/X
 clkload71/X
 clkload72/X
 clkload73/X
 clkload74/Y
 clkload75/Y
 clkload76/Y
 clkload77/X
 clkload78/Y
 clkload79/Y
 clkload8/Y
 clkload80/Y
 clkload81/Y
 clkload82/X
 clkload83/Y
 clkload84/X
 clkload85/X
 clkload86/X
 clkload87/X
 clkload88/Y
 clkload89/Y
 clkload9/Y
 clkload90/X
 clkload91/Y
 clkload92/Y
 clkload93/Y
 clkload94/X
 clkload95/X
 clkload96/Y
 clkload97/Y
 clkload98/X
 clkload99/X
 mprj.synapse_matrix_inst.X1_inst/VDDA
 mprj.synapse_matrix_inst.X1_inst/VDDC
 mprj.synapse_matrix_inst.X1_inst/VSS
 mprj.synapse_matrix_inst.X1_inst/wbs_dat_o[10]
 mprj.synapse_matrix_inst.X1_inst/wbs_dat_o[11]
 mprj.synapse_matrix_inst.X1_inst/wbs_dat_o[12]
 mprj.synapse_matrix_inst.X1_inst/wbs_dat_o[13]
 mprj.synapse_matrix_inst.X1_inst/wbs_dat_o[14]
 mprj.synapse_matrix_inst.X1_inst/wbs_dat_o[15]
 mprj.synapse_matrix_inst.X1_inst/wbs_dat_o[16]
 mprj.synapse_matrix_inst.X1_inst/wbs_dat_o[17]
 mprj.synapse_matrix_inst.X1_inst/wbs_dat_o[18]
 mprj.synapse_matrix_inst.X1_inst/wbs_dat_o[19]
 mprj.synapse_matrix_inst.X1_inst/wbs_dat_o[1]
 mprj.synapse_matrix_inst.X1_inst/wbs_dat_o[20]
 mprj.synapse_matrix_inst.X1_inst/wbs_dat_o[21]
 mprj.synapse_matrix_inst.X1_inst/wbs_dat_o[22]
 mprj.synapse_matrix_inst.X1_inst/wbs_dat_o[23]
 mprj.synapse_matrix_inst.X1_inst/wbs_dat_o[24]
 mprj.synapse_matrix_inst.X1_inst/wbs_dat_o[25]
 mprj.synapse_matrix_inst.X1_inst/wbs_dat_o[26]
 mprj.synapse_matrix_inst.X1_inst/wbs_dat_o[27]
 mprj.synapse_matrix_inst.X1_inst/wbs_dat_o[28]
 mprj.synapse_matrix_inst.X1_inst/wbs_dat_o[29]
 mprj.synapse_matrix_inst.X1_inst/wbs_dat_o[2]
 mprj.synapse_matrix_inst.X1_inst/wbs_dat_o[30]
 mprj.synapse_matrix_inst.X1_inst/wbs_dat_o[31]
 mprj.synapse_matrix_inst.X1_inst/wbs_dat_o[3]
 mprj.synapse_matrix_inst.X1_inst/wbs_dat_o[4]
 mprj.synapse_matrix_inst.X1_inst/wbs_dat_o[5]
 mprj.synapse_matrix_inst.X1_inst/wbs_dat_o[6]
 mprj.synapse_matrix_inst.X1_inst/wbs_dat_o[7]
 mprj.synapse_matrix_inst.X1_inst/wbs_dat_o[8]
 mprj.synapse_matrix_inst.X1_inst/wbs_dat_o[9]
 mprj.synapse_matrix_inst.X1_inst_1085/LO
 mprj.synapse_matrix_inst.X1_inst_1086/LO
 mprj.synapse_matrix_inst.X1_inst_1087/LO
 mprj.synapse_matrix_inst.X1_inst_1088/LO
 mprj.synapse_matrix_inst.X1_inst_851/HI
 mprj.synapse_matrix_inst.X1_inst_852/HI
 mprj.synapse_matrix_inst.X1_inst_853/HI
 mprj.synapse_matrix_inst.X1_inst_854/HI
 mprj.synapse_matrix_inst.X1_inst_855/HI
 mprj.synapse_matrix_inst.X1_inst_856/HI
 mprj.synapse_matrix_inst.X1_inst_857/HI
 mprj.synapse_matrix_inst.X1_inst_858/HI
 mprj.synapse_matrix_inst.X1_inst_859/HI
 mprj.synapse_matrix_inst.X1_inst_860/HI
 mprj.synapse_matrix_inst.X1_inst_861/HI
 mprj.synapse_matrix_inst.X1_inst_862/HI
 mprj.synapse_matrix_inst.X1_inst_863/HI
 mprj.synapse_matrix_inst.X1_inst_864/HI
 mprj.synapse_matrix_inst.X1_inst_865/HI
 mprj.synapse_matrix_inst.X1_inst_866/HI
 mprj.synapse_matrix_inst.X1_inst_867/HI
 mprj.synapse_matrix_inst.X1_inst_868/HI
 mprj.synapse_matrix_inst.X1_inst_869/HI
 mprj.synapse_matrix_inst.X1_inst_870/HI
 mprj.synapse_matrix_inst.X1_inst_871/HI
 mprj.synapse_matrix_inst.X1_inst_872/HI
 mprj.synapse_matrix_inst.X1_inst_873/HI
 mprj.synapse_matrix_inst.X1_inst_874/HI
 mprj.synapse_matrix_inst.X1_inst_875/HI
 mprj.synapse_matrix_inst.X1_inst_876/HI
 mprj.synapse_matrix_inst.X1_inst_877/HI
 mprj.synapse_matrix_inst.X1_inst_878/HI
 user_project_wrapper_1000/HI
 user_project_wrapper_1001/HI
 user_project_wrapper_1002/HI
 user_project_wrapper_1003/HI
 user_project_wrapper_1004/HI
 user_project_wrapper_1005/HI
 user_project_wrapper_1006/HI
 user_project_wrapper_1007/HI
 user_project_wrapper_1008/HI
 user_project_wrapper_1009/HI
 user_project_wrapper_1010/HI
 user_project_wrapper_1011/HI
 user_project_wrapper_1012/HI
 user_project_wrapper_1013/HI
 user_project_wrapper_1014/HI
 user_project_wrapper_1015/HI
 user_project_wrapper_1016/HI
 user_project_wrapper_1017/HI
 user_project_wrapper_1018/HI
 user_project_wrapper_1019/HI
 user_project_wrapper_1020/HI
 user_project_wrapper_1021/HI
 user_project_wrapper_1022/HI
 user_project_wrapper_1023/HI
 user_project_wrapper_1024/HI
 user_project_wrapper_1025/HI
 user_project_wrapper_1026/HI
 user_project_wrapper_1027/HI
 user_project_wrapper_1028/HI
 user_project_wrapper_1029/HI
 user_project_wrapper_1030/HI
 user_project_wrapper_1031/HI
 user_project_wrapper_1032/HI
 user_project_wrapper_1033/HI
 user_project_wrapper_1034/HI
 user_project_wrapper_1035/HI
 user_project_wrapper_1036/HI
 user_project_wrapper_1037/HI
 user_project_wrapper_1038/HI
 user_project_wrapper_1039/HI
 user_project_wrapper_1040/HI
 user_project_wrapper_1041/HI
 user_project_wrapper_1042/HI
 user_project_wrapper_1043/HI
 user_project_wrapper_1044/HI
 user_project_wrapper_1045/HI
 user_project_wrapper_1046/HI
 user_project_wrapper_1047/HI
 user_project_wrapper_1048/HI
 user_project_wrapper_1049/HI
 user_project_wrapper_1050/HI
 user_project_wrapper_1051/HI
 user_project_wrapper_1052/HI
 user_project_wrapper_1053/HI
 user_project_wrapper_1054/HI
 user_project_wrapper_1055/HI
 user_project_wrapper_1056/HI
 user_project_wrapper_1057/HI
 user_project_wrapper_1058/HI
 user_project_wrapper_1059/HI
 user_project_wrapper_1060/HI
 user_project_wrapper_1061/HI
 user_project_wrapper_1062/HI
 user_project_wrapper_1063/HI
 user_project_wrapper_1064/HI
 user_project_wrapper_1065/HI
 user_project_wrapper_1066/HI
 user_project_wrapper_1067/HI
 user_project_wrapper_1068/HI
 user_project_wrapper_1069/HI
 user_project_wrapper_1070/HI
 user_project_wrapper_1071/HI
 user_project_wrapper_1072/HI
 user_project_wrapper_1073/HI
 user_project_wrapper_1074/HI
 user_project_wrapper_1075/HI
 user_project_wrapper_1076/HI
 user_project_wrapper_1077/HI
 user_project_wrapper_1078/HI
 user_project_wrapper_1079/HI
 user_project_wrapper_1080/HI
 user_project_wrapper_1081/HI
 user_project_wrapper_1082/HI
 user_project_wrapper_1083/HI
 user_project_wrapper_1084/HI
 user_project_wrapper_879/HI
 user_project_wrapper_880/HI
 user_project_wrapper_881/HI
 user_project_wrapper_882/HI
 user_project_wrapper_883/HI
 user_project_wrapper_884/HI
 user_project_wrapper_885/HI
 user_project_wrapper_886/HI
 user_project_wrapper_887/HI
 user_project_wrapper_888/HI
 user_project_wrapper_889/HI
 user_project_wrapper_890/HI
 user_project_wrapper_891/HI
 user_project_wrapper_892/HI
 user_project_wrapper_893/HI
 user_project_wrapper_894/HI
 user_project_wrapper_895/HI
 user_project_wrapper_896/HI
 user_project_wrapper_897/HI
 user_project_wrapper_898/HI
 user_project_wrapper_899/HI
 user_project_wrapper_900/HI
 user_project_wrapper_901/HI
 user_project_wrapper_902/HI
 user_project_wrapper_903/HI
 user_project_wrapper_904/HI
 user_project_wrapper_905/HI
 user_project_wrapper_906/HI
 user_project_wrapper_907/HI
 user_project_wrapper_908/HI
 user_project_wrapper_909/HI
 user_project_wrapper_910/HI
 user_project_wrapper_911/HI
 user_project_wrapper_912/HI
 user_project_wrapper_913/HI
 user_project_wrapper_914/HI
 user_project_wrapper_915/HI
 user_project_wrapper_916/HI
 user_project_wrapper_917/HI
 user_project_wrapper_918/HI
 user_project_wrapper_919/HI
 user_project_wrapper_920/HI
 user_project_wrapper_921/HI
 user_project_wrapper_922/HI
 user_project_wrapper_923/HI
 user_project_wrapper_924/HI
 user_project_wrapper_925/HI
 user_project_wrapper_926/HI
 user_project_wrapper_927/HI
 user_project_wrapper_928/HI
 user_project_wrapper_929/HI
 user_project_wrapper_930/HI
 user_project_wrapper_931/HI
 user_project_wrapper_932/HI
 user_project_wrapper_933/HI
 user_project_wrapper_934/HI
 user_project_wrapper_935/HI
 user_project_wrapper_936/HI
 user_project_wrapper_937/HI
 user_project_wrapper_938/HI
 user_project_wrapper_939/HI
 user_project_wrapper_940/HI
 user_project_wrapper_941/HI
 user_project_wrapper_942/HI
 user_project_wrapper_943/HI
 user_project_wrapper_944/HI
 user_project_wrapper_945/HI
 user_project_wrapper_946/HI
 user_project_wrapper_947/HI
 user_project_wrapper_948/HI
 user_project_wrapper_949/HI
 user_project_wrapper_950/HI
 user_project_wrapper_951/HI
 user_project_wrapper_952/HI
 user_project_wrapper_953/HI
 user_project_wrapper_954/HI
 user_project_wrapper_955/HI
 user_project_wrapper_956/HI
 user_project_wrapper_957/HI
 user_project_wrapper_958/HI
 user_project_wrapper_959/HI
 user_project_wrapper_960/HI
 user_project_wrapper_961/HI
 user_project_wrapper_962/HI
 user_project_wrapper_963/HI
 user_project_wrapper_964/HI
 user_project_wrapper_965/HI
 user_project_wrapper_966/HI
 user_project_wrapper_967/HI
 user_project_wrapper_968/HI
 user_project_wrapper_969/HI
 user_project_wrapper_970/HI
 user_project_wrapper_971/HI
 user_project_wrapper_972/HI
 user_project_wrapper_973/HI
 user_project_wrapper_974/HI
 user_project_wrapper_975/HI
 user_project_wrapper_976/HI
 user_project_wrapper_977/HI
 user_project_wrapper_978/HI
 user_project_wrapper_979/HI
 user_project_wrapper_980/HI
 user_project_wrapper_981/HI
 user_project_wrapper_982/HI
 user_project_wrapper_983/HI
 user_project_wrapper_984/HI
 user_project_wrapper_985/HI
 user_project_wrapper_986/HI
 user_project_wrapper_987/HI
 user_project_wrapper_988/HI
 user_project_wrapper_989/HI
 user_project_wrapper_990/HI
 user_project_wrapper_991/HI
 user_project_wrapper_992/HI
 user_project_wrapper_993/HI
 user_project_wrapper_994/HI
 user_project_wrapper_995/HI
 user_project_wrapper_996/HI
 user_project_wrapper_997/HI
 user_project_wrapper_998/HI
 user_project_wrapper_999/HI
Found 0 partially unannotated drivers.

===========================================================================
max slew violation count 80
max fanout violation count 605
max cap violation count 7
============================================================================

===========================================================================
check_setup -verbose -unconstrained_endpoints -multiple_clock -no_clock -no_input_delay -loops -generated_clocks
===========================================================================
Warning: There are 68 input ports missing set_input_delay.
  analog_io[0]
  analog_io[10]
  analog_io[11]
  analog_io[12]
  analog_io[13]
  analog_io[14]
  analog_io[15]
  analog_io[16]
  analog_io[17]
  analog_io[18]
  analog_io[19]
  analog_io[1]
  analog_io[20]
  analog_io[21]
  analog_io[22]
  analog_io[23]
  analog_io[24]
  analog_io[25]
  analog_io[26]
  analog_io[27]
  analog_io[28]
  analog_io[2]
  analog_io[3]
  analog_io[4]
  analog_io[5]
  analog_io[6]
  analog_io[7]
  analog_io[8]
  analog_io[9]
  io_in[0]
  io_in[10]
  io_in[11]
  io_in[12]
  io_in[13]
  io_in[14]
  io_in[15]
  io_in[16]
  io_in[17]
  io_in[18]
  io_in[19]
  io_in[1]
  io_in[20]
  io_in[21]
  io_in[22]
  io_in[23]
  io_in[24]
  io_in[25]
  io_in[26]
  io_in[27]
  io_in[28]
  io_in[29]
  io_in[2]
  io_in[30]
  io_in[31]
  io_in[32]
  io_in[33]
  io_in[34]
  io_in[35]
  io_in[36]
  io_in[37]
  io_in[3]
  io_in[4]
  io_in[5]
  io_in[6]
  io_in[7]
  io_in[8]
  io_in[9]
  user_clock2
Warning: There are 268 unconstrained endpoints.
  analog_io[0]
  analog_io[10]
  analog_io[11]
  analog_io[12]
  analog_io[13]
  analog_io[14]
  analog_io[15]
  analog_io[16]
  analog_io[17]
  analog_io[18]
  analog_io[19]
  analog_io[1]
  analog_io[20]
  analog_io[21]
  analog_io[22]
  analog_io[23]
  analog_io[24]
  analog_io[25]
  analog_io[26]
  analog_io[27]
  analog_io[28]
  analog_io[2]
  analog_io[3]
  analog_io[4]
  analog_io[5]
  analog_io[6]
  analog_io[7]
  analog_io[8]
  analog_io[9]
  io_oeb[0]
  io_oeb[10]
  io_oeb[11]
  io_oeb[12]
  io_oeb[13]
  io_oeb[14]
  io_oeb[15]
  io_oeb[16]
  io_oeb[17]
  io_oeb[18]
  io_oeb[19]
  io_oeb[1]
  io_oeb[20]
  io_oeb[21]
  io_oeb[22]
  io_oeb[23]
  io_oeb[24]
  io_oeb[25]
  io_oeb[26]
  io_oeb[27]
  io_oeb[28]
  io_oeb[29]
  io_oeb[2]
  io_oeb[30]
  io_oeb[31]
  io_oeb[32]
  io_oeb[33]
  io_oeb[34]
  io_oeb[35]
  io_oeb[36]
  io_oeb[37]
  io_oeb[3]
  io_oeb[4]
  io_oeb[5]
  io_oeb[6]
  io_oeb[7]
  io_oeb[8]
  io_oeb[9]
  io_out[0]
  io_out[10]
  io_out[11]
  io_out[12]
  io_out[13]
  io_out[14]
  io_out[15]
  io_out[16]
  io_out[17]
  io_out[18]
  io_out[19]
  io_out[1]
  io_out[20]
  io_out[21]
  io_out[22]
  io_out[23]
  io_out[24]
  io_out[25]
  io_out[26]
  io_out[27]
  io_out[28]
  io_out[29]
  io_out[2]
  io_out[30]
  io_out[31]
  io_out[32]
  io_out[33]
  io_out[34]
  io_out[35]
  io_out[36]
  io_out[37]
  io_out[3]
  io_out[4]
  io_out[5]
  io_out[6]
  io_out[7]
  io_out[8]
  io_out[9]
  la_data_out[0]
  la_data_out[100]
  la_data_out[101]
  la_data_out[102]
  la_data_out[103]
  la_data_out[104]
  la_data_out[105]
  la_data_out[106]
  la_data_out[107]
  la_data_out[108]
  la_data_out[109]
  la_data_out[10]
  la_data_out[110]
  la_data_out[111]
  la_data_out[112]
  la_data_out[113]
  la_data_out[114]
  la_data_out[115]
  la_data_out[116]
  la_data_out[117]
  la_data_out[118]
  la_data_out[119]
  la_data_out[11]
  la_data_out[120]
  la_data_out[121]
  la_data_out[122]
  la_data_out[123]
  la_data_out[124]
  la_data_out[125]
  la_data_out[126]
  la_data_out[127]
  la_data_out[12]
  la_data_out[13]
  la_data_out[14]
  la_data_out[15]
  la_data_out[16]
  la_data_out[17]
  la_data_out[18]
  la_data_out[19]
  la_data_out[1]
  la_data_out[20]
  la_data_out[21]
  la_data_out[22]
  la_data_out[23]
  la_data_out[24]
  la_data_out[25]
  la_data_out[26]
  la_data_out[27]
  la_data_out[28]
  la_data_out[29]
  la_data_out[2]
  la_data_out[30]
  la_data_out[31]
  la_data_out[32]
  la_data_out[33]
  la_data_out[34]
  la_data_out[35]
  la_data_out[36]
  la_data_out[37]
  la_data_out[38]
  la_data_out[39]
  la_data_out[3]
  la_data_out[40]
  la_data_out[41]
  la_data_out[42]
  la_data_out[43]
  la_data_out[44]
  la_data_out[45]
  la_data_out[46]
  la_data_out[47]
  la_data_out[48]
  la_data_out[49]
  la_data_out[4]
  la_data_out[50]
  la_data_out[51]
  la_data_out[52]
  la_data_out[53]
  la_data_out[54]
  la_data_out[55]
  la_data_out[56]
  la_data_out[57]
  la_data_out[58]
  la_data_out[59]
  la_data_out[5]
  la_data_out[60]
  la_data_out[61]
  la_data_out[62]
  la_data_out[63]
  la_data_out[64]
  la_data_out[65]
  la_data_out[66]
  la_data_out[67]
  la_data_out[68]
  la_data_out[69]
  la_data_out[6]
  la_data_out[70]
  la_data_out[71]
  la_data_out[72]
  la_data_out[73]
  la_data_out[74]
  la_data_out[75]
  la_data_out[76]
  la_data_out[77]
  la_data_out[78]
  la_data_out[79]
  la_data_out[7]
  la_data_out[80]
  la_data_out[81]
  la_data_out[82]
  la_data_out[83]
  la_data_out[84]
  la_data_out[85]
  la_data_out[86]
  la_data_out[87]
  la_data_out[88]
  la_data_out[89]
  la_data_out[8]
  la_data_out[90]
  la_data_out[91]
  la_data_out[92]
  la_data_out[93]
  la_data_out[94]
  la_data_out[95]
  la_data_out[96]
  la_data_out[97]
  la_data_out[98]
  la_data_out[99]
  la_data_out[9]
  user_irq[0]
  user_irq[1]
  user_irq[2]
  mprj.synapse_matrix_inst.X1_inst/wbs_adr_i[0]
  mprj.synapse_matrix_inst.X1_inst/wbs_adr_i[10]
  mprj.synapse_matrix_inst.X1_inst/wbs_adr_i[11]
  mprj.synapse_matrix_inst.X1_inst/wbs_adr_i[12]
  mprj.synapse_matrix_inst.X1_inst/wbs_adr_i[13]
  mprj.synapse_matrix_inst.X1_inst/wbs_adr_i[14]
  mprj.synapse_matrix_inst.X1_inst/wbs_adr_i[15]
  mprj.synapse_matrix_inst.X1_inst/wbs_adr_i[16]
  mprj.synapse_matrix_inst.X1_inst/wbs_adr_i[17]
  mprj.synapse_matrix_inst.X1_inst/wbs_adr_i[18]
  mprj.synapse_matrix_inst.X1_inst/wbs_adr_i[19]
  mprj.synapse_matrix_inst.X1_inst/wbs_adr_i[1]
  mprj.synapse_matrix_inst.X1_inst/wbs_adr_i[20]
  mprj.synapse_matrix_inst.X1_inst/wbs_adr_i[21]
  mprj.synapse_matrix_inst.X1_inst/wbs_adr_i[22]
  mprj.synapse_matrix_inst.X1_inst/wbs_adr_i[23]
  mprj.synapse_matrix_inst.X1_inst/wbs_adr_i[24]
  mprj.synapse_matrix_inst.X1_inst/wbs_adr_i[25]
  mprj.synapse_matrix_inst.X1_inst/wbs_adr_i[26]
  mprj.synapse_matrix_inst.X1_inst/wbs_adr_i[27]
  mprj.synapse_matrix_inst.X1_inst/wbs_adr_i[28]
  mprj.synapse_matrix_inst.X1_inst/wbs_adr_i[29]
  mprj.synapse_matrix_inst.X1_inst/wbs_adr_i[2]
  mprj.synapse_matrix_inst.X1_inst/wbs_adr_i[30]
  mprj.synapse_matrix_inst.X1_inst/wbs_adr_i[31]
  mprj.synapse_matrix_inst.X1_inst/wbs_adr_i[3]
  mprj.synapse_matrix_inst.X1_inst/wbs_adr_i[4]
  mprj.synapse_matrix_inst.X1_inst/wbs_adr_i[5]
  mprj.synapse_matrix_inst.X1_inst/wbs_adr_i[6]
  mprj.synapse_matrix_inst.X1_inst/wbs_adr_i[7]
  mprj.synapse_matrix_inst.X1_inst/wbs_adr_i[8]
  mprj.synapse_matrix_inst.X1_inst/wbs_adr_i[9]
