Netgen 1.5.278 compiled on Sun Sep 29 13:29:03 UTC 2024
Warning: netgen command 'format' use fully-qualified name '::netgen::format'
Warning: netgen command 'global' use fully-qualified name '::netgen::global'
Call to undefined subcircuit sky130_fd_pr__pfet_01v8_hvt
Creating placeholder cell definition.
Call to undefined subcircuit sky130_fd_pr__nfet_01v8
Creating placeholder cell definition.
Call to undefined subcircuit sky130_fd_pr__diode_pw2nd_05v5
Creating placeholder cell definition.
Call to undefined subcircuit sky130_fd_pr__special_nfet_01v8
Creating placeholder cell definition.
Call to undefined subcircuit sky130_fd_pr__res_generic_po
Creating placeholder cell definition.
Warning:  A case-insensitive file has been read and so the	verilog file must be treated case-insensitive to match.
Reading SPICE netlist file '/home/impact/tapeout_8IP/dependencies/pdks/sky130A/libs.ref/sky130_fd_sc_hd/spice/sky130_ef_sc_hd__decap_12.spice'...
Call to undefined subcircuit sky130_fd_pr__pfet_01v8_hvt
Creating placeholder cell definition.
Call to undefined subcircuit sky130_fd_pr__nfet_01v8
Creating placeholder cell definition.
Reading SPICE netlist file '/home/impact/tapeout_8IP/dependencies/pdks/sky130A/libs.ref/sky130_fd_sc_hd/spice/sky130_ef_sc_hd__decap_20_12.spice'...
Reading SPICE netlist file '/home/impact/tapeout_8IP/dependencies/pdks/sky130A/libs.ref/sky130_fd_sc_hd/spice/sky130_ef_sc_hd__decap_40_12.spice'...
Reading SPICE netlist file '/home/impact/tapeout_8IP/dependencies/pdks/sky130A/libs.ref/sky130_fd_sc_hd/spice/sky130_ef_sc_hd__decap_60_12.spice'...
Reading SPICE netlist file '/home/impact/tapeout_8IP/dependencies/pdks/sky130A/libs.ref/sky130_fd_sc_hd/spice/sky130_ef_sc_hd__decap_80_12.spice'...
Reading SPICE netlist file '/home/impact/tapeout_8IP/dependencies/pdks/sky130A/libs.ref/sky130_fd_sc_hd/spice/sky130_ef_sc_hd__fill_12.spice'...
Reading SPICE netlist file '/home/impact/tapeout_8IP/dependencies/pdks/sky130A/libs.ref/sky130_fd_sc_hd/spice/sky130_ef_sc_hd__fill_2.spice'...
Reading SPICE netlist file '/home/impact/tapeout_8IP/dependencies/pdks/sky130A/libs.ref/sky130_fd_sc_hd/spice/sky130_ef_sc_hd__fill_4.spice'...
Reading SPICE netlist file '/home/impact/tapeout_8IP/dependencies/pdks/sky130A/libs.ref/sky130_fd_sc_hd/spice/sky130_ef_sc_hd__fill_8.spice'...
Reading SPICE netlist file '/home/impact/tapeout_8IP/dependencies/pdks/sky130A/libs.ref/sky130_fd_sc_hd/spice/sky130_fd_sc_hd.spice'...
Call to undefined subcircuit sky130_fd_pr__res_generic_po
Creating placeholder cell definition.
Call to undefined subcircuit sky130_fd_pr__special_nfet_01v8
Creating placeholder cell definition.
Call to undefined subcircuit sky130_fd_pr__diode_pw2nd_05v5
Creating placeholder cell definition.
Call to undefined subcircuit sky130_fd_pr__special_pfet_01v8_hvt
Creating placeholder cell definition.
Call to undefined subcircuit sky130_fd_sc_hd__nand2_2
Creating placeholder cell definition.
Call to undefined subcircuit sky130_fd_sc_hd__nor2_2
Creating placeholder cell definition.
Warning:  A case-insensitive file has been read and so the	verilog file must be treated case-insensitive to match.
Note:  Implicit pin LO in instance \mprj.synapse_matrix_inst.X1_inst_1086  of sky130_fd_sc_hd__conb_1 in cell user_project_wrapper
Note:  Implicit pin LO in instance \mprj.synapse_matrix_inst.X1_inst_1087  of sky130_fd_sc_hd__conb_1 in cell user_project_wrapper
Note:  Implicit pin LO in instance \mprj.synapse_matrix_inst.X1_inst_1088  of sky130_fd_sc_hd__conb_1 in cell user_project_wrapper
Note:  Implicit pin HI in instance \mprj.synapse_matrix_inst.X1_inst_852  of sky130_fd_sc_hd__conb_1 in cell user_project_wrapper
Note:  Implicit pin HI in instance \mprj.synapse_matrix_inst.X1_inst_853  of sky130_fd_sc_hd__conb_1 in cell user_project_wrapper
Note:  Implicit pin HI in instance \mprj.synapse_matrix_inst.X1_inst_854  of sky130_fd_sc_hd__conb_1 in cell user_project_wrapper
Note:  Implicit pin HI in instance \mprj.synapse_matrix_inst.X1_inst_855  of sky130_fd_sc_hd__conb_1 in cell user_project_wrapper
Note:  Implicit pin HI in instance \mprj.synapse_matrix_inst.X1_inst_856  of sky130_fd_sc_hd__conb_1 in cell user_project_wrapper
Note:  Implicit pin HI in instance \mprj.synapse_matrix_inst.X1_inst_857  of sky130_fd_sc_hd__conb_1 in cell user_project_wrapper
Note:  Implicit pin HI in instance \mprj.synapse_matrix_inst.X1_inst_858  of sky130_fd_sc_hd__conb_1 in cell user_project_wrapper
Note:  Implicit pin HI in instance \mprj.synapse_matrix_inst.X1_inst_859  of sky130_fd_sc_hd__conb_1 in cell user_project_wrapper
Note:  Implicit pin HI in instance \mprj.synapse_matrix_inst.X1_inst_860  of sky130_fd_sc_hd__conb_1 in cell user_project_wrapper
Note:  Implicit pin HI in instance \mprj.synapse_matrix_inst.X1_inst_861  of sky130_fd_sc_hd__conb_1 in cell user_project_wrapper
Note:  Implicit pin HI in instance \mprj.synapse_matrix_inst.X1_inst_862  of sky130_fd_sc_hd__conb_1 in cell user_project_wrapper
Note:  Implicit pin HI in instance \mprj.synapse_matrix_inst.X1_inst_863  of sky130_fd_sc_hd__conb_1 in cell user_project_wrapper
Note:  Implicit pin HI in instance \mprj.synapse_matrix_inst.X1_inst_864  of sky130_fd_sc_hd__conb_1 in cell user_project_wrapper
Note:  Implicit pin HI in instance \mprj.synapse_matrix_inst.X1_inst_865  of sky130_fd_sc_hd__conb_1 in cell user_project_wrapper
Note:  Implicit pin HI in instance \mprj.synapse_matrix_inst.X1_inst_866  of sky130_fd_sc_hd__conb_1 in cell user_project_wrapper
Note:  Implicit pin HI in instance \mprj.synapse_matrix_inst.X1_inst_867  of sky130_fd_sc_hd__conb_1 in cell user_project_wrapper
Note:  Implicit pin HI in instance \mprj.synapse_matrix_inst.X1_inst_868  of sky130_fd_sc_hd__conb_1 in cell user_project_wrapper
Note:  Implicit pin HI in instance \mprj.synapse_matrix_inst.X1_inst_869  of sky130_fd_sc_hd__conb_1 in cell user_project_wrapper
Note:  Implicit pin HI in instance \mprj.synapse_matrix_inst.X1_inst_870  of sky130_fd_sc_hd__conb_1 in cell user_project_wrapper
Note:  Implicit pin HI in instance \mprj.synapse_matrix_inst.X1_inst_871  of sky130_fd_sc_hd__conb_1 in cell user_project_wrapper
Note:  Implicit pin HI in instance \mprj.synapse_matrix_inst.X1_inst_872  of sky130_fd_sc_hd__conb_1 in cell user_project_wrapper
Note:  Implicit pin HI in instance \mprj.synapse_matrix_inst.X1_inst_873  of sky130_fd_sc_hd__conb_1 in cell user_project_wrapper
Note:  Implicit pin HI in instance \mprj.synapse_matrix_inst.X1_inst_874  of sky130_fd_sc_hd__conb_1 in cell user_project_wrapper
Note:  Implicit pin HI in instance \mprj.synapse_matrix_inst.X1_inst_875  of sky130_fd_sc_hd__conb_1 in cell user_project_wrapper
Note:  Implicit pin HI in instance \mprj.synapse_matrix_inst.X1_inst_876  of sky130_fd_sc_hd__conb_1 in cell user_project_wrapper
Note:  Implicit pin HI in instance \mprj.synapse_matrix_inst.X1_inst_877  of sky130_fd_sc_hd__conb_1 in cell user_project_wrapper
Note:  Implicit pin HI in instance \mprj.synapse_matrix_inst.X1_inst_878  of sky130_fd_sc_hd__conb_1 in cell user_project_wrapper
Note:  Implicit pin HI in instance user_project_wrapper_879 of sky130_fd_sc_hd__conb_1 in cell user_project_wrapper
Note:  Implicit pin HI in instance user_project_wrapper_880 of sky130_fd_sc_hd__conb_1 in cell user_project_wrapper
Note:  Implicit pin HI in instance user_project_wrapper_881 of sky130_fd_sc_hd__conb_1 in cell user_project_wrapper
Note:  Implicit pin HI in instance user_project_wrapper_882 of sky130_fd_sc_hd__conb_1 in cell user_project_wrapper
Note:  Implicit pin HI in instance user_project_wrapper_883 of sky130_fd_sc_hd__conb_1 in cell user_project_wrapper
Note:  Implicit pin HI in instance user_project_wrapper_884 of sky130_fd_sc_hd__conb_1 in cell user_project_wrapper
Note:  Implicit pin HI in instance user_project_wrapper_885 of sky130_fd_sc_hd__conb_1 in cell user_project_wrapper
Note:  Implicit pin HI in instance user_project_wrapper_886 of sky130_fd_sc_hd__conb_1 in cell user_project_wrapper
Note:  Implicit pin HI in instance user_project_wrapper_887 of sky130_fd_sc_hd__conb_1 in cell user_project_wrapper
Note:  Implicit pin HI in instance user_project_wrapper_888 of sky130_fd_sc_hd__conb_1 in cell user_project_wrapper
Note:  Implicit pin HI in instance user_project_wrapper_889 of sky130_fd_sc_hd__conb_1 in cell user_project_wrapper
Note:  Implicit pin HI in instance user_project_wrapper_890 of sky130_fd_sc_hd__conb_1 in cell user_project_wrapper
Note:  Implicit pin HI in instance user_project_wrapper_891 of sky130_fd_sc_hd__conb_1 in cell user_project_wrapper
Note:  Implicit pin HI in instance user_project_wrapper_892 of sky130_fd_sc_hd__conb_1 in cell user_project_wrapper
Note:  Implicit pin HI in instance user_project_wrapper_893 of sky130_fd_sc_hd__conb_1 in cell user_project_wrapper
Note:  Implicit pin HI in instance user_project_wrapper_894 of sky130_fd_sc_hd__conb_1 in cell user_project_wrapper
Note:  Implicit pin HI in instance user_project_wrapper_895 of sky130_fd_sc_hd__conb_1 in cell user_project_wrapper
Note:  Implicit pin HI in instance user_project_wrapper_896 of sky130_fd_sc_hd__conb_1 in cell user_project_wrapper
Note:  Implicit pin HI in instance user_project_wrapper_897 of sky130_fd_sc_hd__conb_1 in cell user_project_wrapper
Note:  Implicit pin HI in instance user_project_wrapper_898 of sky130_fd_sc_hd__conb_1 in cell user_project_wrapper
Note:  Implicit pin HI in instance user_project_wrapper_899 of sky130_fd_sc_hd__conb_1 in cell user_project_wrapper
Note:  Implicit pin HI in instance user_project_wrapper_900 of sky130_fd_sc_hd__conb_1 in cell user_project_wrapper
Note:  Implicit pin HI in instance user_project_wrapper_901 of sky130_fd_sc_hd__conb_1 in cell user_project_wrapper
Note:  Implicit pin HI in instance user_project_wrapper_902 of sky130_fd_sc_hd__conb_1 in cell user_project_wrapper
Note:  Implicit pin HI in instance user_project_wrapper_903 of sky130_fd_sc_hd__conb_1 in cell user_project_wrapper
Note:  Implicit pin HI in instance user_project_wrapper_904 of sky130_fd_sc_hd__conb_1 in cell user_project_wrapper
Note:  Implicit pin HI in instance user_project_wrapper_905 of sky130_fd_sc_hd__conb_1 in cell user_project_wrapper
Note:  Implicit pin HI in instance user_project_wrapper_906 of sky130_fd_sc_hd__conb_1 in cell user_project_wrapper
Note:  Implicit pin HI in instance user_project_wrapper_907 of sky130_fd_sc_hd__conb_1 in cell user_project_wrapper
Note:  Implicit pin HI in instance user_project_wrapper_908 of sky130_fd_sc_hd__conb_1 in cell user_project_wrapper
Note:  Implicit pin HI in instance user_project_wrapper_909 of sky130_fd_sc_hd__conb_1 in cell user_project_wrapper
Note:  Implicit pin HI in instance user_project_wrapper_910 of sky130_fd_sc_hd__conb_1 in cell user_project_wrapper
Note:  Implicit pin HI in instance user_project_wrapper_911 of sky130_fd_sc_hd__conb_1 in cell user_project_wrapper
Note:  Implicit pin HI in instance user_project_wrapper_912 of sky130_fd_sc_hd__conb_1 in cell user_project_wrapper
Note:  Implicit pin HI in instance user_project_wrapper_913 of sky130_fd_sc_hd__conb_1 in cell user_project_wrapper
Note:  Implicit pin HI in instance user_project_wrapper_914 of sky130_fd_sc_hd__conb_1 in cell user_project_wrapper
Note:  Implicit pin HI in instance user_project_wrapper_915 of sky130_fd_sc_hd__conb_1 in cell user_project_wrapper
Note:  Implicit pin HI in instance user_project_wrapper_916 of sky130_fd_sc_hd__conb_1 in cell user_project_wrapper
Note:  Implicit pin HI in instance user_project_wrapper_917 of sky130_fd_sc_hd__conb_1 in cell user_project_wrapper
Note:  Implicit pin HI in instance user_project_wrapper_918 of sky130_fd_sc_hd__conb_1 in cell user_project_wrapper
Note:  Implicit pin HI in instance user_project_wrapper_919 of sky130_fd_sc_hd__conb_1 in cell user_project_wrapper
Note:  Implicit pin HI in instance user_project_wrapper_920 of sky130_fd_sc_hd__conb_1 in cell user_project_wrapper
Note:  Implicit pin HI in instance user_project_wrapper_921 of sky130_fd_sc_hd__conb_1 in cell user_project_wrapper
Note:  Implicit pin HI in instance user_project_wrapper_922 of sky130_fd_sc_hd__conb_1 in cell user_project_wrapper
Note:  Implicit pin HI in instance user_project_wrapper_923 of sky130_fd_sc_hd__conb_1 in cell user_project_wrapper
Note:  Implicit pin HI in instance user_project_wrapper_924 of sky130_fd_sc_hd__conb_1 in cell user_project_wrapper
Note:  Implicit pin HI in instance user_project_wrapper_925 of sky130_fd_sc_hd__conb_1 in cell user_project_wrapper
Note:  Implicit pin HI in instance user_project_wrapper_926 of sky130_fd_sc_hd__conb_1 in cell user_project_wrapper
Note:  Implicit pin HI in instance user_project_wrapper_927 of sky130_fd_sc_hd__conb_1 in cell user_project_wrapper
Note:  Implicit pin HI in instance user_project_wrapper_928 of sky130_fd_sc_hd__conb_1 in cell user_project_wrapper
Note:  Implicit pin HI in instance user_project_wrapper_929 of sky130_fd_sc_hd__conb_1 in cell user_project_wrapper
Note:  Implicit pin HI in instance user_project_wrapper_930 of sky130_fd_sc_hd__conb_1 in cell user_project_wrapper
Note:  Implicit pin HI in instance user_project_wrapper_931 of sky130_fd_sc_hd__conb_1 in cell user_project_wrapper
Note:  Implicit pin HI in instance user_project_wrapper_932 of sky130_fd_sc_hd__conb_1 in cell user_project_wrapper
Note:  Implicit pin HI in instance user_project_wrapper_933 of sky130_fd_sc_hd__conb_1 in cell user_project_wrapper
Note:  Implicit pin HI in instance user_project_wrapper_934 of sky130_fd_sc_hd__conb_1 in cell user_project_wrapper
Note:  Implicit pin HI in instance user_project_wrapper_935 of sky130_fd_sc_hd__conb_1 in cell user_project_wrapper
Note:  Implicit pin HI in instance user_project_wrapper_936 of sky130_fd_sc_hd__conb_1 in cell user_project_wrapper
Note:  Implicit pin HI in instance user_project_wrapper_937 of sky130_fd_sc_hd__conb_1 in cell user_project_wrapper
Note:  Implicit pin HI in instance user_project_wrapper_938 of sky130_fd_sc_hd__conb_1 in cell user_project_wrapper
Note:  Implicit pin HI in instance user_project_wrapper_939 of sky130_fd_sc_hd__conb_1 in cell user_project_wrapper
Note:  Implicit pin HI in instance user_project_wrapper_940 of sky130_fd_sc_hd__conb_1 in cell user_project_wrapper
Note:  Implicit pin HI in instance user_project_wrapper_941 of sky130_fd_sc_hd__conb_1 in cell user_project_wrapper
Note:  Implicit pin HI in instance user_project_wrapper_942 of sky130_fd_sc_hd__conb_1 in cell user_project_wrapper
Note:  Implicit pin HI in instance user_project_wrapper_943 of sky130_fd_sc_hd__conb_1 in cell user_project_wrapper
Note:  Implicit pin HI in instance user_project_wrapper_944 of sky130_fd_sc_hd__conb_1 in cell user_project_wrapper
Note:  Implicit pin HI in instance user_project_wrapper_945 of sky130_fd_sc_hd__conb_1 in cell user_project_wrapper
Note:  Implicit pin HI in instance user_project_wrapper_946 of sky130_fd_sc_hd__conb_1 in cell user_project_wrapper
Note:  Implicit pin HI in instance user_project_wrapper_947 of sky130_fd_sc_hd__conb_1 in cell user_project_wrapper
Note:  Implicit pin HI in instance user_project_wrapper_948 of sky130_fd_sc_hd__conb_1 in cell user_project_wrapper
Note:  Implicit pin HI in instance user_project_wrapper_949 of sky130_fd_sc_hd__conb_1 in cell user_project_wrapper
Note:  Implicit pin HI in instance user_project_wrapper_950 of sky130_fd_sc_hd__conb_1 in cell user_project_wrapper
Note:  Implicit pin HI in instance user_project_wrapper_951 of sky130_fd_sc_hd__conb_1 in cell user_project_wrapper
Note:  Implicit pin HI in instance user_project_wrapper_952 of sky130_fd_sc_hd__conb_1 in cell user_project_wrapper
Note:  Implicit pin HI in instance user_project_wrapper_953 of sky130_fd_sc_hd__conb_1 in cell user_project_wrapper
Note:  Implicit pin HI in instance user_project_wrapper_954 of sky130_fd_sc_hd__conb_1 in cell user_project_wrapper
Note:  Implicit pin HI in instance user_project_wrapper_955 of sky130_fd_sc_hd__conb_1 in cell user_project_wrapper
Note:  Implicit pin HI in instance user_project_wrapper_956 of sky130_fd_sc_hd__conb_1 in cell user_project_wrapper
Note:  Implicit pin HI in instance user_project_wrapper_957 of sky130_fd_sc_hd__conb_1 in cell user_project_wrapper
Note:  Implicit pin HI in instance user_project_wrapper_958 of sky130_fd_sc_hd__conb_1 in cell user_project_wrapper
Note:  Implicit pin HI in instance user_project_wrapper_959 of sky130_fd_sc_hd__conb_1 in cell user_project_wrapper
Note:  Implicit pin HI in instance user_project_wrapper_960 of sky130_fd_sc_hd__conb_1 in cell user_project_wrapper
Note:  Implicit pin HI in instance user_project_wrapper_961 of sky130_fd_sc_hd__conb_1 in cell user_project_wrapper
Note:  Implicit pin HI in instance user_project_wrapper_962 of sky130_fd_sc_hd__conb_1 in cell user_project_wrapper
Note:  Implicit pin HI in instance user_project_wrapper_963 of sky130_fd_sc_hd__conb_1 in cell user_project_wrapper
Note:  Implicit pin HI in instance user_project_wrapper_964 of sky130_fd_sc_hd__conb_1 in cell user_project_wrapper
Note:  Implicit pin HI in instance user_project_wrapper_965 of sky130_fd_sc_hd__conb_1 in cell user_project_wrapper
Note:  Implicit pin HI in instance user_project_wrapper_966 of sky130_fd_sc_hd__conb_1 in cell user_project_wrapper
Note:  Implicit pin HI in instance user_project_wrapper_967 of sky130_fd_sc_hd__conb_1 in cell user_project_wrapper
Note:  Implicit pin HI in instance user_project_wrapper_968 of sky130_fd_sc_hd__conb_1 in cell user_project_wrapper
Note:  Implicit pin HI in instance user_project_wrapper_969 of sky130_fd_sc_hd__conb_1 in cell user_project_wrapper
Note:  Implicit pin HI in instance user_project_wrapper_970 of sky130_fd_sc_hd__conb_1 in cell user_project_wrapper
Note:  Implicit pin HI in instance user_project_wrapper_971 of sky130_fd_sc_hd__conb_1 in cell user_project_wrapper
Note:  Implicit pin HI in instance user_project_wrapper_972 of sky130_fd_sc_hd__conb_1 in cell user_project_wrapper
Note:  Implicit pin HI in instance user_project_wrapper_973 of sky130_fd_sc_hd__conb_1 in cell user_project_wrapper
Note:  Implicit pin HI in instance user_project_wrapper_974 of sky130_fd_sc_hd__conb_1 in cell user_project_wrapper
Note:  Implicit pin HI in instance user_project_wrapper_975 of sky130_fd_sc_hd__conb_1 in cell user_project_wrapper
Note:  Implicit pin HI in instance user_project_wrapper_976 of sky130_fd_sc_hd__conb_1 in cell user_project_wrapper
Note:  Implicit pin HI in instance user_project_wrapper_977 of sky130_fd_sc_hd__conb_1 in cell user_project_wrapper
Note:  Implicit pin HI in instance user_project_wrapper_978 of sky130_fd_sc_hd__conb_1 in cell user_project_wrapper
Note:  Implicit pin HI in instance user_project_wrapper_979 of sky130_fd_sc_hd__conb_1 in cell user_project_wrapper
Note:  Implicit pin HI in instance user_project_wrapper_980 of sky130_fd_sc_hd__conb_1 in cell user_project_wrapper
Note:  Implicit pin HI in instance user_project_wrapper_981 of sky130_fd_sc_hd__conb_1 in cell user_project_wrapper
Note:  Implicit pin HI in instance user_project_wrapper_982 of sky130_fd_sc_hd__conb_1 in cell user_project_wrapper
Note:  Implicit pin HI in instance user_project_wrapper_983 of sky130_fd_sc_hd__conb_1 in cell user_project_wrapper
Note:  Implicit pin HI in instance user_project_wrapper_984 of sky130_fd_sc_hd__conb_1 in cell user_project_wrapper
Note:  Implicit pin HI in instance user_project_wrapper_985 of sky130_fd_sc_hd__conb_1 in cell user_project_wrapper
Note:  Implicit pin HI in instance user_project_wrapper_986 of sky130_fd_sc_hd__conb_1 in cell user_project_wrapper
Note:  Implicit pin HI in instance user_project_wrapper_987 of sky130_fd_sc_hd__conb_1 in cell user_project_wrapper
Note:  Implicit pin HI in instance user_project_wrapper_988 of sky130_fd_sc_hd__conb_1 in cell user_project_wrapper
Note:  Implicit pin HI in instance user_project_wrapper_989 of sky130_fd_sc_hd__conb_1 in cell user_project_wrapper
Note:  Implicit pin HI in instance user_project_wrapper_990 of sky130_fd_sc_hd__conb_1 in cell user_project_wrapper
Note:  Implicit pin HI in instance user_project_wrapper_991 of sky130_fd_sc_hd__conb_1 in cell user_project_wrapper
Note:  Implicit pin HI in instance user_project_wrapper_992 of sky130_fd_sc_hd__conb_1 in cell user_project_wrapper
Note:  Implicit pin HI in instance user_project_wrapper_993 of sky130_fd_sc_hd__conb_1 in cell user_project_wrapper
Note:  Implicit pin HI in instance user_project_wrapper_994 of sky130_fd_sc_hd__conb_1 in cell user_project_wrapper
Note:  Implicit pin HI in instance user_project_wrapper_995 of sky130_fd_sc_hd__conb_1 in cell user_project_wrapper
Note:  Implicit pin HI in instance user_project_wrapper_996 of sky130_fd_sc_hd__conb_1 in cell user_project_wrapper
Note:  Implicit pin HI in instance user_project_wrapper_997 of sky130_fd_sc_hd__conb_1 in cell user_project_wrapper
Note:  Implicit pin HI in instance user_project_wrapper_998 of sky130_fd_sc_hd__conb_1 in cell user_project_wrapper
Note:  Implicit pin HI in instance user_project_wrapper_999 of sky130_fd_sc_hd__conb_1 in cell user_project_wrapper
Note:  Implicit pin HI in instance user_project_wrapper_1000 of sky130_fd_sc_hd__conb_1 in cell user_project_wrapper
Note:  Implicit pin HI in instance user_project_wrapper_1001 of sky130_fd_sc_hd__conb_1 in cell user_project_wrapper
Note:  Implicit pin HI in instance user_project_wrapper_1002 of sky130_fd_sc_hd__conb_1 in cell user_project_wrapper
Note:  Implicit pin HI in instance user_project_wrapper_1003 of sky130_fd_sc_hd__conb_1 in cell user_project_wrapper
Note:  Implicit pin HI in instance user_project_wrapper_1004 of sky130_fd_sc_hd__conb_1 in cell user_project_wrapper
Note:  Implicit pin HI in instance user_project_wrapper_1005 of sky130_fd_sc_hd__conb_1 in cell user_project_wrapper
Note:  Implicit pin HI in instance user_project_wrapper_1006 of sky130_fd_sc_hd__conb_1 in cell user_project_wrapper
Note:  Implicit pin HI in instance user_project_wrapper_1007 of sky130_fd_sc_hd__conb_1 in cell user_project_wrapper
Note:  Implicit pin HI in instance user_project_wrapper_1008 of sky130_fd_sc_hd__conb_1 in cell user_project_wrapper
Note:  Implicit pin HI in instance user_project_wrapper_1009 of sky130_fd_sc_hd__conb_1 in cell user_project_wrapper
Note:  Implicit pin HI in instance user_project_wrapper_1010 of sky130_fd_sc_hd__conb_1 in cell user_project_wrapper
Note:  Implicit pin HI in instance user_project_wrapper_1011 of sky130_fd_sc_hd__conb_1 in cell user_project_wrapper
Note:  Implicit pin HI in instance user_project_wrapper_1012 of sky130_fd_sc_hd__conb_1 in cell user_project_wrapper
Note:  Implicit pin HI in instance user_project_wrapper_1013 of sky130_fd_sc_hd__conb_1 in cell user_project_wrapper
Note:  Implicit pin HI in instance user_project_wrapper_1014 of sky130_fd_sc_hd__conb_1 in cell user_project_wrapper
Note:  Implicit pin HI in instance user_project_wrapper_1015 of sky130_fd_sc_hd__conb_1 in cell user_project_wrapper
Note:  Implicit pin HI in instance user_project_wrapper_1016 of sky130_fd_sc_hd__conb_1 in cell user_project_wrapper
Note:  Implicit pin HI in instance user_project_wrapper_1017 of sky130_fd_sc_hd__conb_1 in cell user_project_wrapper
Note:  Implicit pin HI in instance user_project_wrapper_1018 of sky130_fd_sc_hd__conb_1 in cell user_project_wrapper
Note:  Implicit pin HI in instance user_project_wrapper_1019 of sky130_fd_sc_hd__conb_1 in cell user_project_wrapper
Note:  Implicit pin HI in instance user_project_wrapper_1020 of sky130_fd_sc_hd__conb_1 in cell user_project_wrapper
Note:  Implicit pin HI in instance user_project_wrapper_1021 of sky130_fd_sc_hd__conb_1 in cell user_project_wrapper
Note:  Implicit pin HI in instance user_project_wrapper_1022 of sky130_fd_sc_hd__conb_1 in cell user_project_wrapper
Note:  Implicit pin HI in instance user_project_wrapper_1023 of sky130_fd_sc_hd__conb_1 in cell user_project_wrapper
Note:  Implicit pin HI in instance user_project_wrapper_1024 of sky130_fd_sc_hd__conb_1 in cell user_project_wrapper
Note:  Implicit pin HI in instance user_project_wrapper_1025 of sky130_fd_sc_hd__conb_1 in cell user_project_wrapper
Note:  Implicit pin HI in instance user_project_wrapper_1026 of sky130_fd_sc_hd__conb_1 in cell user_project_wrapper
Note:  Implicit pin HI in instance user_project_wrapper_1027 of sky130_fd_sc_hd__conb_1 in cell user_project_wrapper
Note:  Implicit pin HI in instance user_project_wrapper_1028 of sky130_fd_sc_hd__conb_1 in cell user_project_wrapper
Note:  Implicit pin HI in instance user_project_wrapper_1029 of sky130_fd_sc_hd__conb_1 in cell user_project_wrapper
Note:  Implicit pin HI in instance user_project_wrapper_1030 of sky130_fd_sc_hd__conb_1 in cell user_project_wrapper
Note:  Implicit pin HI in instance user_project_wrapper_1031 of sky130_fd_sc_hd__conb_1 in cell user_project_wrapper
Note:  Implicit pin HI in instance user_project_wrapper_1032 of sky130_fd_sc_hd__conb_1 in cell user_project_wrapper
Note:  Implicit pin HI in instance user_project_wrapper_1033 of sky130_fd_sc_hd__conb_1 in cell user_project_wrapper
Note:  Implicit pin HI in instance user_project_wrapper_1034 of sky130_fd_sc_hd__conb_1 in cell user_project_wrapper
Note:  Implicit pin HI in instance user_project_wrapper_1035 of sky130_fd_sc_hd__conb_1 in cell user_project_wrapper
Note:  Implicit pin HI in instance user_project_wrapper_1036 of sky130_fd_sc_hd__conb_1 in cell user_project_wrapper
Note:  Implicit pin HI in instance user_project_wrapper_1037 of sky130_fd_sc_hd__conb_1 in cell user_project_wrapper
Note:  Implicit pin HI in instance user_project_wrapper_1038 of sky130_fd_sc_hd__conb_1 in cell user_project_wrapper
Note:  Implicit pin HI in instance user_project_wrapper_1039 of sky130_fd_sc_hd__conb_1 in cell user_project_wrapper
Note:  Implicit pin HI in instance user_project_wrapper_1040 of sky130_fd_sc_hd__conb_1 in cell user_project_wrapper
Note:  Implicit pin HI in instance user_project_wrapper_1041 of sky130_fd_sc_hd__conb_1 in cell user_project_wrapper
Note:  Implicit pin HI in instance user_project_wrapper_1042 of sky130_fd_sc_hd__conb_1 in cell user_project_wrapper
Note:  Implicit pin HI in instance user_project_wrapper_1043 of sky130_fd_sc_hd__conb_1 in cell user_project_wrapper
Note:  Implicit pin HI in instance user_project_wrapper_1044 of sky130_fd_sc_hd__conb_1 in cell user_project_wrapper
Note:  Implicit pin HI in instance user_project_wrapper_1045 of sky130_fd_sc_hd__conb_1 in cell user_project_wrapper
Note:  Implicit pin HI in instance user_project_wrapper_1046 of sky130_fd_sc_hd__conb_1 in cell user_project_wrapper
Note:  Implicit pin HI in instance user_project_wrapper_1047 of sky130_fd_sc_hd__conb_1 in cell user_project_wrapper
Note:  Implicit pin HI in instance user_project_wrapper_1048 of sky130_fd_sc_hd__conb_1 in cell user_project_wrapper
Note:  Implicit pin HI in instance user_project_wrapper_1049 of sky130_fd_sc_hd__conb_1 in cell user_project_wrapper
Note:  Implicit pin HI in instance user_project_wrapper_1050 of sky130_fd_sc_hd__conb_1 in cell user_project_wrapper
Note:  Implicit pin HI in instance user_project_wrapper_1051 of sky130_fd_sc_hd__conb_1 in cell user_project_wrapper
Note:  Implicit pin HI in instance user_project_wrapper_1052 of sky130_fd_sc_hd__conb_1 in cell user_project_wrapper
Note:  Implicit pin HI in instance user_project_wrapper_1053 of sky130_fd_sc_hd__conb_1 in cell user_project_wrapper
Note:  Implicit pin HI in instance user_project_wrapper_1054 of sky130_fd_sc_hd__conb_1 in cell user_project_wrapper
Note:  Implicit pin HI in instance user_project_wrapper_1055 of sky130_fd_sc_hd__conb_1 in cell user_project_wrapper
Note:  Implicit pin HI in instance user_project_wrapper_1056 of sky130_fd_sc_hd__conb_1 in cell user_project_wrapper
Note:  Implicit pin HI in instance user_project_wrapper_1057 of sky130_fd_sc_hd__conb_1 in cell user_project_wrapper
Note:  Implicit pin HI in instance user_project_wrapper_1058 of sky130_fd_sc_hd__conb_1 in cell user_project_wrapper
Note:  Implicit pin HI in instance user_project_wrapper_1059 of sky130_fd_sc_hd__conb_1 in cell user_project_wrapper
Note:  Implicit pin HI in instance user_project_wrapper_1060 of sky130_fd_sc_hd__conb_1 in cell user_project_wrapper
Note:  Implicit pin HI in instance user_project_wrapper_1061 of sky130_fd_sc_hd__conb_1 in cell user_project_wrapper
Note:  Implicit pin HI in instance user_project_wrapper_1062 of sky130_fd_sc_hd__conb_1 in cell user_project_wrapper
Note:  Implicit pin HI in instance user_project_wrapper_1063 of sky130_fd_sc_hd__conb_1 in cell user_project_wrapper
Note:  Implicit pin HI in instance user_project_wrapper_1064 of sky130_fd_sc_hd__conb_1 in cell user_project_wrapper
Note:  Implicit pin HI in instance user_project_wrapper_1065 of sky130_fd_sc_hd__conb_1 in cell user_project_wrapper
Note:  Implicit pin HI in instance user_project_wrapper_1066 of sky130_fd_sc_hd__conb_1 in cell user_project_wrapper
Note:  Implicit pin HI in instance user_project_wrapper_1067 of sky130_fd_sc_hd__conb_1 in cell user_project_wrapper
Note:  Implicit pin HI in instance user_project_wrapper_1068 of sky130_fd_sc_hd__conb_1 in cell user_project_wrapper
Note:  Implicit pin HI in instance user_project_wrapper_1069 of sky130_fd_sc_hd__conb_1 in cell user_project_wrapper
Note:  Implicit pin HI in instance user_project_wrapper_1070 of sky130_fd_sc_hd__conb_1 in cell user_project_wrapper
Note:  Implicit pin HI in instance user_project_wrapper_1071 of sky130_fd_sc_hd__conb_1 in cell user_project_wrapper
Note:  Implicit pin HI in instance user_project_wrapper_1072 of sky130_fd_sc_hd__conb_1 in cell user_project_wrapper
Note:  Implicit pin HI in instance user_project_wrapper_1073 of sky130_fd_sc_hd__conb_1 in cell user_project_wrapper
Note:  Implicit pin HI in instance user_project_wrapper_1074 of sky130_fd_sc_hd__conb_1 in cell user_project_wrapper
Note:  Implicit pin HI in instance user_project_wrapper_1075 of sky130_fd_sc_hd__conb_1 in cell user_project_wrapper
Note:  Implicit pin HI in instance user_project_wrapper_1076 of sky130_fd_sc_hd__conb_1 in cell user_project_wrapper
Note:  Implicit pin HI in instance user_project_wrapper_1077 of sky130_fd_sc_hd__conb_1 in cell user_project_wrapper
Note:  Implicit pin HI in instance user_project_wrapper_1078 of sky130_fd_sc_hd__conb_1 in cell user_project_wrapper
Note:  Implicit pin HI in instance user_project_wrapper_1079 of sky130_fd_sc_hd__conb_1 in cell user_project_wrapper
Note:  Implicit pin HI in instance user_project_wrapper_1080 of sky130_fd_sc_hd__conb_1 in cell user_project_wrapper
Note:  Implicit pin HI in instance user_project_wrapper_1081 of sky130_fd_sc_hd__conb_1 in cell user_project_wrapper
Note:  Implicit pin HI in instance user_project_wrapper_1082 of sky130_fd_sc_hd__conb_1 in cell user_project_wrapper
Note:  Implicit pin HI in instance user_project_wrapper_1083 of sky130_fd_sc_hd__conb_1 in cell user_project_wrapper
Note:  Implicit pin HI in instance user_project_wrapper_1084 of sky130_fd_sc_hd__conb_1 in cell user_project_wrapper
Note:  Implicit pin LO in instance \mprj.synapse_matrix_inst.X1_inst_1085  of sky130_fd_sc_hd__conb_1 in cell user_project_wrapper
Creating placeholder cell definition for module Neuromorphic_X1_wb.
Note:  Implicit pin HI in instance \mprj.synapse_matrix_inst.X1_inst_851  of sky130_fd_sc_hd__conb_1 in cell user_project_wrapper
Note:  Implicit pin Y in instance clkload0 of sky130_fd_sc_hd__clkinvlp_4 in cell user_project_wrapper
Note:  Implicit pin Y in instance clkload1 of sky130_fd_sc_hd__clkinv_8 in cell user_project_wrapper
Note:  Implicit pin Y in instance clkload2 of sky130_fd_sc_hd__inv_8 in cell user_project_wrapper
Note:  Implicit pin X in instance clkload3 of sky130_fd_sc_hd__clkbuf_8 in cell user_project_wrapper
Note:  Implicit pin X in instance clkload4 of sky130_fd_sc_hd__clkbuf_8 in cell user_project_wrapper
Note:  Implicit pin X in instance clkload5 of sky130_fd_sc_hd__clkbuf_8 in cell user_project_wrapper
Note:  Implicit pin Y in instance clkload6 of sky130_fd_sc_hd__inv_6 in cell user_project_wrapper
Note:  Implicit pin Y in instance clkload7 of sky130_fd_sc_hd__clkinv_4 in cell user_project_wrapper
Note:  Implicit pin Y in instance clkload8 of sky130_fd_sc_hd__clkinv_8 in cell user_project_wrapper
Note:  Implicit pin Y in instance clkload9 of sky130_fd_sc_hd__inv_6 in cell user_project_wrapper
Note:  Implicit pin Y in instance clkload10 of sky130_fd_sc_hd__inv_8 in cell user_project_wrapper
Note:  Implicit pin Y in instance clkload11 of sky130_fd_sc_hd__inv_8 in cell user_project_wrapper
Note:  Implicit pin X in instance clkload12 of sky130_fd_sc_hd__clkbuf_8 in cell user_project_wrapper
Note:  Implicit pin Y in instance clkload13 of sky130_fd_sc_hd__inv_8 in cell user_project_wrapper
Note:  Implicit pin X in instance clkload14 of sky130_fd_sc_hd__clkbuf_8 in cell user_project_wrapper
Note:  Implicit pin Y in instance clkload15 of sky130_fd_sc_hd__clkinv_4 in cell user_project_wrapper
Note:  Implicit pin Y in instance clkload16 of sky130_fd_sc_hd__inv_8 in cell user_project_wrapper
Note:  Implicit pin X in instance clkload17 of sky130_fd_sc_hd__clkbuf_8 in cell user_project_wrapper
Note:  Implicit pin Y in instance clkload18 of sky130_fd_sc_hd__inv_6 in cell user_project_wrapper
Note:  Implicit pin Y in instance clkload19 of sky130_fd_sc_hd__inv_8 in cell user_project_wrapper
Note:  Implicit pin X in instance clkload20 of sky130_fd_sc_hd__clkbuf_4 in cell user_project_wrapper
Note:  Implicit pin Y in instance clkload21 of sky130_fd_sc_hd__inv_6 in cell user_project_wrapper
Note:  Implicit pin X in instance clkload22 of sky130_fd_sc_hd__clkbuf_8 in cell user_project_wrapper
Note:  Implicit pin Y in instance clkload23 of sky130_fd_sc_hd__inv_6 in cell user_project_wrapper
Note:  Implicit pin Y in instance clkload24 of sky130_fd_sc_hd__clkinvlp_4 in cell user_project_wrapper
Note:  Implicit pin Y in instance clkload25 of sky130_fd_sc_hd__clkinv_2 in cell user_project_wrapper
Note:  Implicit pin Y in instance clkload26 of sky130_fd_sc_hd__bufinv_16 in cell user_project_wrapper
Note:  Implicit pin Y in instance clkload27 of sky130_fd_sc_hd__bufinv_16 in cell user_project_wrapper
Note:  Implicit pin Y in instance clkload28 of sky130_fd_sc_hd__clkinv_2 in cell user_project_wrapper
Note:  Implicit pin Y in instance clkload29 of sky130_fd_sc_hd__clkinv_2 in cell user_project_wrapper
Note:  Implicit pin Y in instance clkload30 of sky130_fd_sc_hd__clkinvlp_4 in cell user_project_wrapper
Note:  Implicit pin Y in instance clkload31 of sky130_fd_sc_hd__bufinv_16 in cell user_project_wrapper
Note:  Implicit pin X in instance clkload32 of sky130_fd_sc_hd__clkbuf_4 in cell user_project_wrapper
Note:  Implicit pin X in instance clkload33 of sky130_fd_sc_hd__clkbuf_4 in cell user_project_wrapper
Note:  Implicit pin X in instance clkload34 of sky130_fd_sc_hd__clkbuf_4 in cell user_project_wrapper
Note:  Implicit pin X in instance clkload35 of sky130_fd_sc_hd__clkbuf_4 in cell user_project_wrapper
Note:  Implicit pin X in instance clkload36 of sky130_fd_sc_hd__clkbuf_8 in cell user_project_wrapper
Note:  Implicit pin X in instance clkload37 of sky130_fd_sc_hd__clkbuf_4 in cell user_project_wrapper
Note:  Implicit pin X in instance clkload38 of sky130_fd_sc_hd__clkbuf_4 in cell user_project_wrapper
Note:  Implicit pin Y in instance clkload39 of sky130_fd_sc_hd__bufinv_16 in cell user_project_wrapper
Note:  Implicit pin X in instance clkload40 of sky130_fd_sc_hd__clkbuf_4 in cell user_project_wrapper
Note:  Implicit pin Y in instance clkload41 of sky130_fd_sc_hd__bufinv_16 in cell user_project_wrapper
Note:  Implicit pin X in instance clkload42 of sky130_fd_sc_hd__clkbuf_4 in cell user_project_wrapper
Note:  Implicit pin X in instance clkload43 of sky130_fd_sc_hd__clkbuf_8 in cell user_project_wrapper
Note:  Implicit pin Y in instance clkload44 of sky130_fd_sc_hd__clkinv_2 in cell user_project_wrapper
Note:  Implicit pin X in instance clkload45 of sky130_fd_sc_hd__clkbuf_4 in cell user_project_wrapper
Note:  Implicit pin Y in instance clkload46 of sky130_fd_sc_hd__bufinv_16 in cell user_project_wrapper
Note:  Implicit pin X in instance clkload47 of sky130_fd_sc_hd__clkbuf_4 in cell user_project_wrapper
Note:  Implicit pin Y in instance clkload48 of sky130_fd_sc_hd__clkinv_2 in cell user_project_wrapper
Note:  Implicit pin X in instance clkload49 of sky130_fd_sc_hd__clkbuf_4 in cell user_project_wrapper
Note:  Implicit pin Y in instance clkload50 of sky130_fd_sc_hd__clkinv_2 in cell user_project_wrapper
Note:  Implicit pin Y in instance clkload51 of sky130_fd_sc_hd__clkinv_2 in cell user_project_wrapper
Note:  Implicit pin Y in instance clkload52 of sky130_fd_sc_hd__clkinv_2 in cell user_project_wrapper
Note:  Implicit pin Y in instance clkload53 of sky130_fd_sc_hd__clkinv_2 in cell user_project_wrapper
Note:  Implicit pin Y in instance clkload54 of sky130_fd_sc_hd__clkinv_2 in cell user_project_wrapper
Note:  Implicit pin Y in instance clkload55 of sky130_fd_sc_hd__inv_4 in cell user_project_wrapper
Note:  Implicit pin Y in instance clkload56 of sky130_fd_sc_hd__bufinv_16 in cell user_project_wrapper
Note:  Implicit pin Y in instance clkload57 of sky130_fd_sc_hd__clkinv_2 in cell user_project_wrapper
Note:  Implicit pin Y in instance clkload58 of sky130_fd_sc_hd__clkinv_2 in cell user_project_wrapper
Note:  Implicit pin Y in instance clkload59 of sky130_fd_sc_hd__bufinv_16 in cell user_project_wrapper
Note:  Implicit pin Y in instance clkload60 of sky130_fd_sc_hd__clkinv_2 in cell user_project_wrapper
Note:  Implicit pin X in instance clkload61 of sky130_fd_sc_hd__clkbuf_8 in cell user_project_wrapper
Note:  Implicit pin X in instance clkload62 of sky130_fd_sc_hd__clkbuf_8 in cell user_project_wrapper
Note:  Implicit pin X in instance clkload63 of sky130_fd_sc_hd__clkbuf_8 in cell user_project_wrapper
Note:  Implicit pin X in instance clkload64 of sky130_fd_sc_hd__clkbuf_4 in cell user_project_wrapper
Note:  Implicit pin X in instance clkload65 of sky130_fd_sc_hd__clkbuf_4 in cell user_project_wrapper
Note:  Implicit pin Y in instance clkload66 of sky130_fd_sc_hd__clkinv_2 in cell user_project_wrapper
Note:  Implicit pin Y in instance clkload67 of sky130_fd_sc_hd__clkinv_2 in cell user_project_wrapper
Note:  Implicit pin X in instance clkload68 of sky130_fd_sc_hd__clkbuf_8 in cell user_project_wrapper
Note:  Implicit pin Y in instance clkload69 of sky130_fd_sc_hd__clkinv_2 in cell user_project_wrapper
Note:  Implicit pin X in instance clkload70 of sky130_fd_sc_hd__clkbuf_8 in cell user_project_wrapper
Note:  Implicit pin X in instance clkload71 of sky130_fd_sc_hd__clkbuf_4 in cell user_project_wrapper
Note:  Implicit pin X in instance clkload72 of sky130_fd_sc_hd__clkbuf_8 in cell user_project_wrapper
Note:  Implicit pin X in instance clkload73 of sky130_fd_sc_hd__clkbuf_8 in cell user_project_wrapper
Note:  Implicit pin Y in instance clkload74 of sky130_fd_sc_hd__bufinv_16 in cell user_project_wrapper
Note:  Implicit pin Y in instance clkload75 of sky130_fd_sc_hd__clkinv_2 in cell user_project_wrapper
Note:  Implicit pin Y in instance clkload76 of sky130_fd_sc_hd__clkinv_2 in cell user_project_wrapper
Note:  Implicit pin X in instance clkload77 of sky130_fd_sc_hd__clkbuf_4 in cell user_project_wrapper
Note:  Implicit pin Y in instance clkload78 of sky130_fd_sc_hd__bufinv_16 in cell user_project_wrapper
Note:  Implicit pin Y in instance clkload79 of sky130_fd_sc_hd__clkinv_2 in cell user_project_wrapper
Note:  Implicit pin Y in instance clkload80 of sky130_fd_sc_hd__clkinvlp_4 in cell user_project_wrapper
Note:  Implicit pin Y in instance clkload81 of sky130_fd_sc_hd__bufinv_16 in cell user_project_wrapper
Note:  Implicit pin X in instance clkload82 of sky130_fd_sc_hd__clkbuf_4 in cell user_project_wrapper
Note:  Implicit pin Y in instance clkload83 of sky130_fd_sc_hd__clkinv_2 in cell user_project_wrapper
Note:  Implicit pin X in instance clkload84 of sky130_fd_sc_hd__clkbuf_4 in cell user_project_wrapper
Note:  Implicit pin X in instance clkload85 of sky130_fd_sc_hd__clkbuf_8 in cell user_project_wrapper
Note:  Implicit pin X in instance clkload86 of sky130_fd_sc_hd__clkbuf_4 in cell user_project_wrapper
Note:  Implicit pin X in instance clkload87 of sky130_fd_sc_hd__clkbuf_8 in cell user_project_wrapper
Note:  Implicit pin Y in instance clkload88 of sky130_fd_sc_hd__clkinv_2 in cell user_project_wrapper
Note:  Implicit pin Y in instance clkload89 of sky130_fd_sc_hd__clkinv_2 in cell user_project_wrapper
Note:  Implicit pin X in instance clkload90 of sky130_fd_sc_hd__clkbuf_4 in cell user_project_wrapper
Note:  Implicit pin Y in instance clkload91 of sky130_fd_sc_hd__clkinv_2 in cell user_project_wrapper
Note:  Implicit pin Y in instance clkload92 of sky130_fd_sc_hd__clkinv_2 in cell user_project_wrapper
Note:  Implicit pin Y in instance clkload93 of sky130_fd_sc_hd__clkinv_2 in cell user_project_wrapper
Note:  Implicit pin X in instance clkload94 of sky130_fd_sc_hd__clkbuf_4 in cell user_project_wrapper
Note:  Implicit pin X in instance clkload95 of sky130_fd_sc_hd__clkbuf_8 in cell user_project_wrapper
Note:  Implicit pin Y in instance clkload96 of sky130_fd_sc_hd__clkinv_2 in cell user_project_wrapper
Note:  Implicit pin Y in instance clkload97 of sky130_fd_sc_hd__clkinv_2 in cell user_project_wrapper
Note:  Implicit pin X in instance clkload98 of sky130_fd_sc_hd__clkbuf_8 in cell user_project_wrapper
Note:  Implicit pin X in instance clkload99 of sky130_fd_sc_hd__clkbuf_4 in cell user_project_wrapper
Note:  Implicit pin X in instance clkload100 of sky130_fd_sc_hd__clkbuf_8 in cell user_project_wrapper
Note:  Implicit pin X in instance clkload101 of sky130_fd_sc_hd__clkbuf_8 in cell user_project_wrapper
Note:  Implicit pin X in instance clkload102 of sky130_fd_sc_hd__clkbuf_8 in cell user_project_wrapper
Note:  Implicit pin X in instance clkload103 of sky130_fd_sc_hd__clkbuf_4 in cell user_project_wrapper
Note:  Implicit pin X in instance clkload104 of sky130_fd_sc_hd__clkbuf_8 in cell user_project_wrapper
Note:  Implicit pin Y in instance clkload105 of sky130_fd_sc_hd__clkinv_2 in cell user_project_wrapper
Note:  Implicit pin X in instance clkload106 of sky130_fd_sc_hd__clkbuf_8 in cell user_project_wrapper
Note:  Implicit pin Y in instance clkload107 of sky130_fd_sc_hd__bufinv_16 in cell user_project_wrapper
Note:  Implicit pin Y in instance clkload108 of sky130_fd_sc_hd__clkinv_2 in cell user_project_wrapper
Note:  Implicit pin Y in instance clkload109 of sky130_fd_sc_hd__bufinv_16 in cell user_project_wrapper
Note:  Implicit pin X in instance clkload110 of sky130_fd_sc_hd__clkbuf_4 in cell user_project_wrapper
Note:  Implicit pin X in instance clkload111 of sky130_fd_sc_hd__clkbuf_8 in cell user_project_wrapper
Note:  Implicit pin X in instance clkload112 of sky130_fd_sc_hd__clkbuf_8 in cell user_project_wrapper
Note:  Implicit pin Y in instance clkload113 of sky130_fd_sc_hd__clkinvlp_4 in cell user_project_wrapper
Note:  Implicit pin Y in instance clkload114 of sky130_fd_sc_hd__bufinv_16 in cell user_project_wrapper
Note:  Implicit pin Y in instance clkload115 of sky130_fd_sc_hd__clkinv_2 in cell user_project_wrapper
Note:  Implicit pin Y in instance clkload116 of sky130_fd_sc_hd__bufinv_16 in cell user_project_wrapper
Note:  Implicit pin Y in instance clkload117 of sky130_fd_sc_hd__clkinv_2 in cell user_project_wrapper
Note:  Implicit pin X in instance clkload118 of sky130_fd_sc_hd__clkbuf_8 in cell user_project_wrapper
Note:  Implicit pin X in instance clkload119 of sky130_fd_sc_hd__clkbuf_8 in cell user_project_wrapper
Note:  Implicit pin Y in instance clkload120 of sky130_fd_sc_hd__bufinv_16 in cell user_project_wrapper
Note:  Implicit pin X in instance clkload121 of sky130_fd_sc_hd__clkbuf_4 in cell user_project_wrapper
Note:  Implicit pin Y in instance clkload122 of sky130_fd_sc_hd__clkinvlp_4 in cell user_project_wrapper
Note:  Implicit pin Y in instance clkload123 of sky130_fd_sc_hd__bufinv_16 in cell user_project_wrapper
Note:  Implicit pin Y in instance clkload124 of sky130_fd_sc_hd__bufinv_16 in cell user_project_wrapper
Note:  Implicit pin Y in instance clkload125 of sky130_fd_sc_hd__bufinv_16 in cell user_project_wrapper
Note:  Implicit pin Y in instance clkload126 of sky130_fd_sc_hd__clkinv_2 in cell user_project_wrapper
Note:  Implicit pin Y in instance clkload127 of sky130_fd_sc_hd__clkinv_2 in cell user_project_wrapper
Note:  Implicit pin X in instance clkload128 of sky130_fd_sc_hd__clkbuf_4 in cell user_project_wrapper
Note:  Implicit pin Y in instance clkload129 of sky130_fd_sc_hd__clkinv_2 in cell user_project_wrapper
Note:  Implicit pin X in instance clkload130 of sky130_fd_sc_hd__clkbuf_8 in cell user_project_wrapper
Note:  Implicit pin X in instance clkload131 of sky130_fd_sc_hd__clkbuf_8 in cell user_project_wrapper
Note:  Implicit pin Y in instance clkload132 of sky130_fd_sc_hd__clkinv_2 in cell user_project_wrapper
Note:  Implicit pin X in instance clkload133 of sky130_fd_sc_hd__clkbuf_4 in cell user_project_wrapper
Note:  Implicit pin X in instance clkload134 of sky130_fd_sc_hd__clkbuf_4 in cell user_project_wrapper
Note:  Implicit pin X in instance clkload135 of sky130_fd_sc_hd__clkbuf_4 in cell user_project_wrapper
Note:  Implicit pin X in instance clkload136 of sky130_fd_sc_hd__clkbuf_4 in cell user_project_wrapper
Note:  Implicit pin X in instance clkload137 of sky130_fd_sc_hd__clkbuf_4 in cell user_project_wrapper
Note:  Implicit pin X in instance clkload138 of sky130_fd_sc_hd__clkbuf_8 in cell user_project_wrapper
Note:  Implicit pin X in instance clkload139 of sky130_fd_sc_hd__clkbuf_8 in cell user_project_wrapper
Note:  Implicit pin Y in instance clkload140 of sky130_fd_sc_hd__clkinv_2 in cell user_project_wrapper
Note:  Implicit pin X in instance clkload141 of sky130_fd_sc_hd__clkbuf_8 in cell user_project_wrapper
Note:  Implicit pin Y in instance clkload142 of sky130_fd_sc_hd__clkinv_2 in cell user_project_wrapper
Note:  Implicit pin Y in instance clkload143 of sky130_fd_sc_hd__clkinv_2 in cell user_project_wrapper
Note:  Implicit pin Y in instance clkload144 of sky130_fd_sc_hd__clkinv_2 in cell user_project_wrapper
Note:  Implicit pin X in instance clkload145 of sky130_fd_sc_hd__clkbuf_8 in cell user_project_wrapper
Note:  Implicit pin Y in instance clkload146 of sky130_fd_sc_hd__clkinv_2 in cell user_project_wrapper
Note:  Implicit pin Y in instance clkload147 of sky130_fd_sc_hd__clkinv_2 in cell user_project_wrapper
Note:  Implicit pin Y in instance clkload148 of sky130_fd_sc_hd__clkinv_2 in cell user_project_wrapper
Note:  Implicit pin Y in instance clkload149 of sky130_fd_sc_hd__clkinv_2 in cell user_project_wrapper
Note:  Implicit pin Y in instance clkload150 of sky130_fd_sc_hd__clkinv_2 in cell user_project_wrapper
Note:  Implicit pin Y in instance clkload151 of sky130_fd_sc_hd__clkinvlp_4 in cell user_project_wrapper
Note:  Implicit pin X in instance clkload152 of sky130_fd_sc_hd__clkbuf_8 in cell user_project_wrapper
Note:  Implicit pin Y in instance clkload153 of sky130_fd_sc_hd__clkinv_2 in cell user_project_wrapper
Note:  Implicit pin Y in instance clkload154 of sky130_fd_sc_hd__clkinv_2 in cell user_project_wrapper
Note:  Implicit pin Y in instance clkload155 of sky130_fd_sc_hd__bufinv_16 in cell user_project_wrapper
Note:  Implicit pin X in instance clkload156 of sky130_fd_sc_hd__clkbuf_8 in cell user_project_wrapper
Note:  Implicit pin Y in instance clkload157 of sky130_fd_sc_hd__clkinv_2 in cell user_project_wrapper
Note:  Implicit pin X in instance clkload158 of sky130_fd_sc_hd__clkbuf_4 in cell user_project_wrapper
Note:  Implicit pin X in instance clkload159 of sky130_fd_sc_hd__clkbuf_4 in cell user_project_wrapper
Note:  Implicit pin X in instance clkload160 of sky130_fd_sc_hd__clkbuf_8 in cell user_project_wrapper
Note:  Implicit pin X in instance clkload161 of sky130_fd_sc_hd__clkbuf_8 in cell user_project_wrapper
Note:  Implicit pin X in instance clkload162 of sky130_fd_sc_hd__clkbuf_4 in cell user_project_wrapper
Note:  Implicit pin X in instance clkload163 of sky130_fd_sc_hd__clkbuf_4 in cell user_project_wrapper
Note:  Implicit pin Y in instance clkload164 of sky130_fd_sc_hd__clkinv_2 in cell user_project_wrapper
Note:  Implicit pin X in instance clkload165 of sky130_fd_sc_hd__clkbuf_4 in cell user_project_wrapper
Note:  Implicit pin X in instance clkload166 of sky130_fd_sc_hd__clkbuf_4 in cell user_project_wrapper
Note:  Implicit pin X in instance clkload167 of sky130_fd_sc_hd__clkbuf_4 in cell user_project_wrapper
Note:  Implicit pin X in instance clkload168 of sky130_fd_sc_hd__clkbuf_8 in cell user_project_wrapper
Note:  Implicit pin Y in instance clkload169 of sky130_fd_sc_hd__bufinv_16 in cell user_project_wrapper
Note:  Implicit pin Y in instance clkload170 of sky130_fd_sc_hd__clkinv_2 in cell user_project_wrapper
Note:  Implicit pin Y in instance clkload171 of sky130_fd_sc_hd__bufinv_16 in cell user_project_wrapper
Note:  Implicit pin Y in instance clkload172 of sky130_fd_sc_hd__bufinv_16 in cell user_project_wrapper
Note:  Implicit pin Y in instance clkload173 of sky130_fd_sc_hd__clkinv_2 in cell user_project_wrapper
Note:  Implicit pin Y in instance clkload174 of sky130_fd_sc_hd__bufinv_16 in cell user_project_wrapper
Note:  Implicit pin Y in instance clkload175 of sky130_fd_sc_hd__bufinv_16 in cell user_project_wrapper
Note:  Implicit pin Y in instance clkload176 of sky130_fd_sc_hd__bufinv_16 in cell user_project_wrapper
Note:  Implicit pin Y in instance clkload177 of sky130_fd_sc_hd__clkinv_2 in cell user_project_wrapper
Note:  Implicit pin X in instance clkload178 of sky130_fd_sc_hd__clkbuf_8 in cell user_project_wrapper
Note:  Implicit pin X in instance clkload179 of sky130_fd_sc_hd__clkbuf_4 in cell user_project_wrapper
Note:  Implicit pin Y in instance clkload180 of sky130_fd_sc_hd__clkinv_2 in cell user_project_wrapper
Note:  Implicit pin X in instance clkload181 of sky130_fd_sc_hd__clkbuf_8 in cell user_project_wrapper
Note:  Implicit pin X in instance clkload182 of sky130_fd_sc_hd__clkbuf_4 in cell user_project_wrapper
Note:  Implicit pin X in instance clkload183 of sky130_fd_sc_hd__clkbuf_8 in cell user_project_wrapper
Note:  Implicit pin X in instance clkload184 of sky130_fd_sc_hd__clkbuf_8 in cell user_project_wrapper
Note:  Implicit pin X in instance clkload185 of sky130_fd_sc_hd__clkbuf_4 in cell user_project_wrapper
Note:  Implicit pin X in instance clkload186 of sky130_fd_sc_hd__clkbuf_4 in cell user_project_wrapper
Note:  Implicit pin Y in instance clkload187 of sky130_fd_sc_hd__bufinv_16 in cell user_project_wrapper
Note:  Implicit pin X in instance clkload188 of sky130_fd_sc_hd__clkbuf_8 in cell user_project_wrapper
Note:  Implicit pin Y in instance clkload189 of sky130_fd_sc_hd__clkinv_2 in cell user_project_wrapper
Note:  Implicit pin X in instance clkload190 of sky130_fd_sc_hd__clkbuf_8 in cell user_project_wrapper
Note:  Implicit pin Y in instance clkload191 of sky130_fd_sc_hd__clkinv_2 in cell user_project_wrapper
Note:  Implicit pin Y in instance clkload192 of sky130_fd_sc_hd__clkinv_2 in cell user_project_wrapper
Note:  Implicit pin Y in instance clkload193 of sky130_fd_sc_hd__bufinv_16 in cell user_project_wrapper
Note:  Implicit pin X in instance clkload194 of sky130_fd_sc_hd__clkbuf_8 in cell user_project_wrapper
Note:  Implicit pin Y in instance clkload195 of sky130_fd_sc_hd__bufinv_16 in cell user_project_wrapper
Note:  Implicit pin X in instance clkload196 of sky130_fd_sc_hd__clkbuf_8 in cell user_project_wrapper
Note:  Implicit pin Y in instance clkload197 of sky130_fd_sc_hd__clkinv_2 in cell user_project_wrapper
Note:  Implicit pin Y in instance clkload198 of sky130_fd_sc_hd__bufinv_16 in cell user_project_wrapper
Note:  Implicit pin Y in instance clkload199 of sky130_fd_sc_hd__clkinvlp_4 in cell user_project_wrapper
Note:  Implicit pin Y in instance clkload200 of sky130_fd_sc_hd__clkinv_2 in cell user_project_wrapper
Note:  Implicit pin X in instance clkload201 of sky130_fd_sc_hd__clkbuf_4 in cell user_project_wrapper
Note:  Implicit pin X in instance clkload202 of sky130_fd_sc_hd__clkbuf_4 in cell user_project_wrapper
Note:  Implicit pin X in instance clkload203 of sky130_fd_sc_hd__clkbuf_8 in cell user_project_wrapper
Note:  Implicit pin Y in instance clkload204 of sky130_fd_sc_hd__clkinv_2 in cell user_project_wrapper
Note:  Implicit pin X in instance clkload205 of sky130_fd_sc_hd__clkbuf_4 in cell user_project_wrapper
Note:  Implicit pin X in instance clkload206 of sky130_fd_sc_hd__clkbuf_4 in cell user_project_wrapper
Note:  Implicit pin X in instance clkload207 of sky130_fd_sc_hd__clkbuf_4 in cell user_project_wrapper
Note:  Implicit pin Y in instance clkload208 of sky130_fd_sc_hd__bufinv_16 in cell user_project_wrapper
Note:  Implicit pin X in instance clkload209 of sky130_fd_sc_hd__clkbuf_8 in cell user_project_wrapper
Note:  Implicit pin Y in instance clkload210 of sky130_fd_sc_hd__bufinv_16 in cell user_project_wrapper
Note:  Implicit pin X in instance clkload211 of sky130_fd_sc_hd__clkbuf_4 in cell user_project_wrapper
Note:  Implicit pin Y in instance clkload212 of sky130_fd_sc_hd__inv_16 in cell user_project_wrapper
Note:  Implicit pin Y in instance clkload213 of sky130_fd_sc_hd__inv_16 in cell user_project_wrapper
Note:  Implicit pin Y in instance clkload214 of sky130_fd_sc_hd__inv_16 in cell user_project_wrapper
Note:  Implicit pin Y in instance clkload215 of sky130_fd_sc_hd__inv_12 in cell user_project_wrapper
Note:  Implicit pin Y in instance clkload216 of sky130_fd_sc_hd__inv_12 in cell user_project_wrapper
Note:  Implicit pin Y in instance clkload217 of sky130_fd_sc_hd__inv_16 in cell user_project_wrapper
Note:  Implicit pin Y in instance clkload218 of sky130_fd_sc_hd__inv_16 in cell user_project_wrapper
Note:  Implicit pin Y in instance clkload219 of sky130_fd_sc_hd__inv_16 in cell user_project_wrapper
Note:  Implicit pin Y in instance clkload220 of sky130_fd_sc_hd__inv_16 in cell user_project_wrapper
Note:  Implicit pin Y in instance clkload221 of sky130_fd_sc_hd__inv_16 in cell user_project_wrapper
Treating empty subcircuits as black-box cells
Generating JSON file result

Reading setup file /nix/store/iah2c26wzpgdvqc1jv2xxg55xq5km74d-python3-3.11.9-env/lib/python3.11/site-packages/librelane/scripts/netgen/setup.tcl

Model sky130_fd_pr__res_generic_po pin 1 == 2
No property value found for device sky130_fd_pr__res_generic_po
No property mult found for device sky130_fd_pr__res_generic_po
Model sky130_fd_pr__res_generic_po pin 1 == 2
No property value found for device sky130_fd_pr__res_generic_po
No property mult found for device sky130_fd_pr__res_generic_po
Model sky130_fd_pr__nfet_01v8 pin 1 == 3
No property mult found for device sky130_fd_pr__nfet_01v8
No property sa found for device sky130_fd_pr__nfet_01v8
No property sb found for device sky130_fd_pr__nfet_01v8
No property sd found for device sky130_fd_pr__nfet_01v8
No property nf found for device sky130_fd_pr__nfet_01v8
No property nrd found for device sky130_fd_pr__nfet_01v8
No property nrs found for device sky130_fd_pr__nfet_01v8
No property area found for device sky130_fd_pr__nfet_01v8
No property perim found for device sky130_fd_pr__nfet_01v8
No property topography found for device sky130_fd_pr__nfet_01v8
Model sky130_fd_pr__nfet_01v8 pin 1 == 3
No property mult found for device sky130_fd_pr__nfet_01v8
No property sa found for device sky130_fd_pr__nfet_01v8
No property sb found for device sky130_fd_pr__nfet_01v8
No property sd found for device sky130_fd_pr__nfet_01v8
No property nf found for device sky130_fd_pr__nfet_01v8
No property nrd found for device sky130_fd_pr__nfet_01v8
No property nrs found for device sky130_fd_pr__nfet_01v8
No property area found for device sky130_fd_pr__nfet_01v8
No property perim found for device sky130_fd_pr__nfet_01v8
No property topography found for device sky130_fd_pr__nfet_01v8
Model sky130_fd_pr__pfet_01v8_hvt pin 1 == 3
No property mult found for device sky130_fd_pr__pfet_01v8_hvt
No property sa found for device sky130_fd_pr__pfet_01v8_hvt
No property sb found for device sky130_fd_pr__pfet_01v8_hvt
No property sd found for device sky130_fd_pr__pfet_01v8_hvt
No property nf found for device sky130_fd_pr__pfet_01v8_hvt
No property nrd found for device sky130_fd_pr__pfet_01v8_hvt
No property nrs found for device sky130_fd_pr__pfet_01v8_hvt
No property area found for device sky130_fd_pr__pfet_01v8_hvt
No property perim found for device sky130_fd_pr__pfet_01v8_hvt
No property topography found for device sky130_fd_pr__pfet_01v8_hvt
Model sky130_fd_pr__pfet_01v8_hvt pin 1 == 3
No property mult found for device sky130_fd_pr__pfet_01v8_hvt
No property sa found for device sky130_fd_pr__pfet_01v8_hvt
No property sb found for device sky130_fd_pr__pfet_01v8_hvt
No property sd found for device sky130_fd_pr__pfet_01v8_hvt
No property nf found for device sky130_fd_pr__pfet_01v8_hvt
No property nrd found for device sky130_fd_pr__pfet_01v8_hvt
No property nrs found for device sky130_fd_pr__pfet_01v8_hvt
No property area found for device sky130_fd_pr__pfet_01v8_hvt
No property perim found for device sky130_fd_pr__pfet_01v8_hvt
No property topography found for device sky130_fd_pr__pfet_01v8_hvt
Model sky130_fd_pr__special_nfet_01v8 pin 1 == 3
No property mult found for device sky130_fd_pr__special_nfet_01v8
No property sa found for device sky130_fd_pr__special_nfet_01v8
No property sb found for device sky130_fd_pr__special_nfet_01v8
No property sd found for device sky130_fd_pr__special_nfet_01v8
No property nf found for device sky130_fd_pr__special_nfet_01v8
No property nrd found for device sky130_fd_pr__special_nfet_01v8
No property nrs found for device sky130_fd_pr__special_nfet_01v8
No property area found for device sky130_fd_pr__special_nfet_01v8
No property perim found for device sky130_fd_pr__special_nfet_01v8
No property topography found for device sky130_fd_pr__special_nfet_01v8
Model sky130_fd_pr__special_nfet_01v8 pin 1 == 3
No property as found for device sky130_fd_pr__special_nfet_01v8
No property ad found for device sky130_fd_pr__special_nfet_01v8
No property ps found for device sky130_fd_pr__special_nfet_01v8
No property pd found for device sky130_fd_pr__special_nfet_01v8
No property mult found for device sky130_fd_pr__special_nfet_01v8
No property sa found for device sky130_fd_pr__special_nfet_01v8
No property sb found for device sky130_fd_pr__special_nfet_01v8
No property sd found for device sky130_fd_pr__special_nfet_01v8
No property nf found for device sky130_fd_pr__special_nfet_01v8
No property nrd found for device sky130_fd_pr__special_nfet_01v8
No property nrs found for device sky130_fd_pr__special_nfet_01v8
No property area found for device sky130_fd_pr__special_nfet_01v8
No property perim found for device sky130_fd_pr__special_nfet_01v8
No property topography found for device sky130_fd_pr__special_nfet_01v8
Model sky130_fd_pr__special_pfet_01v8_hvt pin 1 == 3
No property as found for device sky130_fd_pr__special_pfet_01v8_hvt
No property ad found for device sky130_fd_pr__special_pfet_01v8_hvt
No property ps found for device sky130_fd_pr__special_pfet_01v8_hvt
No property pd found for device sky130_fd_pr__special_pfet_01v8_hvt
No property mult found for device sky130_fd_pr__special_pfet_01v8_hvt
No property sa found for device sky130_fd_pr__special_pfet_01v8_hvt
No property sb found for device sky130_fd_pr__special_pfet_01v8_hvt
No property sd found for device sky130_fd_pr__special_pfet_01v8_hvt
No property nf found for device sky130_fd_pr__special_pfet_01v8_hvt
No property nrd found for device sky130_fd_pr__special_pfet_01v8_hvt
No property nrs found for device sky130_fd_pr__special_pfet_01v8_hvt
No property area found for device sky130_fd_pr__special_pfet_01v8_hvt
No property perim found for device sky130_fd_pr__special_pfet_01v8_hvt
No property topography found for device sky130_fd_pr__special_pfet_01v8_hvt
No property value found for device sky130_fd_pr__diode_pw2nd_05v5
No property mult found for device sky130_fd_pr__diode_pw2nd_05v5
No property value found for device sky130_fd_pr__diode_pw2nd_05v5
No property mult found for device sky130_fd_pr__diode_pw2nd_05v5
Matching pins of sky130_fd_pr__nfet_01v8 in circuits 1 and 2

Subcircuit pins:
Circuit 1: sky130_fd_pr__nfet_01v8         |Circuit 2: sky130_fd_pr__nfet_01v8         
-------------------------------------------|-------------------------------------------
1                                          |1                                          
2                                          |2                                          
3                                          |3                                          
4                                          |4                                          
---------------------------------------------------------------------------------------
Cell pin lists are equivalent.
Matching pins of sky130_fd_pr__pfet_01v8_hvt in circuits 1 and 2

Subcircuit pins:
Circuit 1: sky130_fd_pr__pfet_01v8_hvt     |Circuit 2: sky130_fd_pr__pfet_01v8_hvt     
-------------------------------------------|-------------------------------------------
1                                          |1                                          
2                                          |2                                          
3                                          |3                                          
4                                          |4                                          
---------------------------------------------------------------------------------------
Cell pin lists are equivalent.
Matching pins of sky130_fd_pr__diode_pw2nd_05v5 in circuits 1 and 2

Subcircuit pins:
Circuit 1: sky130_fd_pr__diode_pw2nd_05v5  |Circuit 2: sky130_fd_pr__diode_pw2nd_05v5  
-------------------------------------------|-------------------------------------------
1                                          |1                                          
2                                          |2                                          
---------------------------------------------------------------------------------------
Cell pin lists are equivalent.
Matching pins of sky130_fd_pr__res_generic_po in circuits 1 and 2

Subcircuit pins:
Circuit 1: sky130_fd_pr__res_generic_po    |Circuit 2: sky130_fd_pr__res_generic_po    
-------------------------------------------|-------------------------------------------
1                                          |1                                          
2                                          |2                                          
---------------------------------------------------------------------------------------
Cell pin lists are equivalent.
Matching pins of sky130_fd_pr__special_nfet_01v8 in circuits 1 and 2

Subcircuit pins:
Circuit 1: sky130_fd_pr__special_nfet_01v8 |Circuit 2: sky130_fd_pr__special_nfet_01v8 
-------------------------------------------|-------------------------------------------
1                                          |1                                          
2                                          |2                                          
3                                          |3                                          
4                                          |4                                          
---------------------------------------------------------------------------------------
Cell pin lists are equivalent.
Comparison output logged to file /home/impact/tapeout_8IP/openlane/user_project_wrapper/runs/26_05_13_08_55/68-netgen-lvs/reports/lvs.netgen.rpt
Logging to file "/home/impact/tapeout_8IP/openlane/user_project_wrapper/runs/26_05_13_08_55/68-netgen-lvs/reports/lvs.netgen.rpt" enabled
Circuit sky130_fd_pr__pfet_01v8_hvt contains no devices.
Circuit sky130_fd_pr__nfet_01v8 contains no devices.
Circuit sky130_fd_pr__diode_pw2nd_05v5 contains no devices.
Circuit sky130_fd_pr__special_nfet_01v8 contains no devices.
Circuit sky130_fd_pr__res_generic_po contains no devices.

Contents of circuit 1:  Circuit: 'sky130_ef_sc_hd__decap_40_12'
Circuit sky130_ef_sc_hd__decap_40_12 contains 2 device instances.
  Class: sky130_fd_pr__nfet_01v8 instances:   1
  Class: sky130_fd_pr__pfet_01v8_hvt instances:   1
Circuit contains 4 nets.
Contents of circuit 2:  Circuit: 'sky130_ef_sc_hd__decap_40_12'
Circuit sky130_ef_sc_hd__decap_40_12 contains 2 device instances.
  Class: sky130_fd_pr__nfet_01v8 instances:   1
  Class: sky130_fd_pr__pfet_01v8_hvt instances:   1
Circuit contains 4 nets.

Circuit 1 contains 2 devices, Circuit 2 contains 2 devices.
Circuit 1 contains 4 nets,    Circuit 2 contains 4 nets.


Contents of circuit 1:  Circuit: 'sky130_fd_sc_hd__diode_2'
Circuit sky130_fd_sc_hd__diode_2 contains 1 device instances.
  Class: sky130_fd_pr__diode_pw2nd_05v5 instances:   1
Circuit contains 2 nets, and 3 disconnected pins.
Contents of circuit 2:  Circuit: 'sky130_fd_sc_hd__diode_2'
Circuit sky130_fd_sc_hd__diode_2 contains 1 device instances.
  Class: sky130_fd_pr__diode_pw2nd_05v5 instances:   1
Circuit contains 2 nets, and 3 disconnected pins.

Circuit 1 contains 1 devices, Circuit 2 contains 1 devices.
Circuit 1 contains 2 nets,    Circuit 2 contains 2 nets.


Contents of circuit 1:  Circuit: 'sky130_fd_sc_hd__decap_3'
Circuit sky130_fd_sc_hd__decap_3 contains 2 device instances.
  Class: sky130_fd_pr__nfet_01v8 instances:   1
  Class: sky130_fd_pr__pfet_01v8_hvt instances:   1
Circuit contains 4 nets.
Contents of circuit 2:  Circuit: 'sky130_fd_sc_hd__decap_3'
Circuit sky130_fd_sc_hd__decap_3 contains 2 device instances.
  Class: sky130_fd_pr__nfet_01v8 instances:   1
  Class: sky130_fd_pr__pfet_01v8_hvt instances:   1
Circuit contains 4 nets.

Circuit 1 contains 2 devices, Circuit 2 contains 2 devices.
Circuit 1 contains 4 nets,    Circuit 2 contains 4 nets.


Contents of circuit 1:  Circuit: 'sky130_fd_sc_hd__dfrtp_1'
Circuit sky130_fd_sc_hd__dfrtp_1 contains 28 device instances.
  Class: sky130_fd_pr__nfet_01v8 instances:  10
  Class: sky130_fd_pr__pfet_01v8_hvt instances:  14
  Class: sky130_fd_pr__special_nfet_01v8 instances:   4
Circuit contains 21 nets.
Contents of circuit 2:  Circuit: 'sky130_fd_sc_hd__dfrtp_1'
Circuit sky130_fd_sc_hd__dfrtp_1 contains 28 device instances.
  Class: sky130_fd_pr__nfet_01v8 instances:  10
  Class: sky130_fd_pr__pfet_01v8_hvt instances:  14
  Class: sky130_fd_pr__special_nfet_01v8 instances:   4
Circuit contains 21 nets.

Circuit 1 contains 28 devices, Circuit 2 contains 28 devices.
Circuit 1 contains 21 nets,    Circuit 2 contains 21 nets.


Contents of circuit 1:  Circuit: 'sky130_fd_sc_hd__conb_1'
Circuit sky130_fd_sc_hd__conb_1 contains 2 device instances.
  Class: sky130_fd_pr__res_generic_po instances:   2
Circuit contains 4 nets, and 2 disconnected pins.
Contents of circuit 2:  Circuit: 'sky130_fd_sc_hd__conb_1'
Circuit sky130_fd_sc_hd__conb_1 contains 2 device instances.
  Class: sky130_fd_pr__res_generic_po instances:   2
Circuit contains 4 nets, and 2 disconnected pins.

Circuit 1 contains 2 devices, Circuit 2 contains 2 devices.
Circuit 1 contains 4 nets,    Circuit 2 contains 4 nets.


Contents of circuit 1:  Circuit: 'sky130_fd_sc_hd__inv_2'
Circuit sky130_fd_sc_hd__inv_2 contains 4 device instances.
  Class: sky130_fd_pr__nfet_01v8 instances:   2
  Class: sky130_fd_pr__pfet_01v8_hvt instances:   2
Circuit contains 6 nets.
Contents of circuit 2:  Circuit: 'sky130_fd_sc_hd__inv_2'
Circuit sky130_fd_sc_hd__inv_2 contains 4 device instances.
  Class: sky130_fd_pr__nfet_01v8 instances:   2
  Class: sky130_fd_pr__pfet_01v8_hvt instances:   2
Circuit contains 6 nets.

Circuit was modified by parallel/series device merging.
New circuit summary:

Contents of circuit 1:  Circuit: 'sky130_fd_sc_hd__inv_2'
Circuit sky130_fd_sc_hd__inv_2 contains 2 device instances.
  Class: sky130_fd_pr__nfet_01v8 instances:   1
  Class: sky130_fd_pr__pfet_01v8_hvt instances:   1
Circuit contains 6 nets.
Contents of circuit 2:  Circuit: 'sky130_fd_sc_hd__inv_2'
Circuit sky130_fd_sc_hd__inv_2 contains 2 device instances.
  Class: sky130_fd_pr__nfet_01v8 instances:   1
  Class: sky130_fd_pr__pfet_01v8_hvt instances:   1
Circuit contains 6 nets.

Circuit 1 contains 2 devices, Circuit 2 contains 2 devices.
Circuit 1 contains 6 nets,    Circuit 2 contains 6 nets.


Contents of circuit 1:  Circuit: 'sky130_fd_sc_hd__and3_1'
Circuit sky130_fd_sc_hd__and3_1 contains 8 device instances.
  Class: sky130_fd_pr__nfet_01v8 instances:   4
  Class: sky130_fd_pr__pfet_01v8_hvt instances:   4
Circuit contains 11 nets.
Contents of circuit 2:  Circuit: 'sky130_fd_sc_hd__and3_1'
Circuit sky130_fd_sc_hd__and3_1 contains 8 device instances.
  Class: sky130_fd_pr__nfet_01v8 instances:   4
  Class: sky130_fd_pr__pfet_01v8_hvt instances:   4
Circuit contains 11 nets.

Circuit 1 contains 8 devices, Circuit 2 contains 8 devices.
Circuit 1 contains 11 nets,    Circuit 2 contains 11 nets.


Contents of circuit 1:  Circuit: 'sky130_fd_sc_hd__buf_6'
Circuit sky130_fd_sc_hd__buf_6 contains 16 device instances.
  Class: sky130_fd_pr__nfet_01v8 instances:   8
  Class: sky130_fd_pr__pfet_01v8_hvt instances:   8
Circuit contains 7 nets.
Contents of circuit 2:  Circuit: 'sky130_fd_sc_hd__buf_6'
Circuit sky130_fd_sc_hd__buf_6 contains 16 device instances.
  Class: sky130_fd_pr__nfet_01v8 instances:   8
  Class: sky130_fd_pr__pfet_01v8_hvt instances:   8
Circuit contains 7 nets.

Circuit was modified by parallel/series device merging.
New circuit summary:

Contents of circuit 1:  Circuit: 'sky130_fd_sc_hd__buf_6'
Circuit sky130_fd_sc_hd__buf_6 contains 4 device instances.
  Class: sky130_fd_pr__nfet_01v8 instances:   2
  Class: sky130_fd_pr__pfet_01v8_hvt instances:   2
Circuit contains 7 nets.
Contents of circuit 2:  Circuit: 'sky130_fd_sc_hd__buf_6'
Circuit sky130_fd_sc_hd__buf_6 contains 4 device instances.
  Class: sky130_fd_pr__nfet_01v8 instances:   2
  Class: sky130_fd_pr__pfet_01v8_hvt instances:   2
Circuit contains 7 nets.

Circuit 1 contains 4 devices, Circuit 2 contains 4 devices.
Circuit 1 contains 7 nets,    Circuit 2 contains 7 nets.


Contents of circuit 1:  Circuit: 'sky130_fd_sc_hd__or4_4'
Circuit sky130_fd_sc_hd__or4_4 contains 16 device instances.
  Class: sky130_fd_pr__nfet_01v8 instances:   8
  Class: sky130_fd_pr__pfet_01v8_hvt instances:   8
Circuit contains 13 nets.
Contents of circuit 2:  Circuit: 'sky130_fd_sc_hd__or4_4'
Circuit sky130_fd_sc_hd__or4_4 contains 16 device instances.
  Class: sky130_fd_pr__nfet_01v8 instances:   8
  Class: sky130_fd_pr__pfet_01v8_hvt instances:   8
Circuit contains 13 nets.

Circuit was modified by parallel/series device merging.
New circuit summary:

Contents of circuit 1:  Circuit: 'sky130_fd_sc_hd__or4_4'
Circuit sky130_fd_sc_hd__or4_4 contains 10 device instances.
  Class: sky130_fd_pr__nfet_01v8 instances:   5
  Class: sky130_fd_pr__pfet_01v8_hvt instances:   5
Circuit contains 13 nets.
Contents of circuit 2:  Circuit: 'sky130_fd_sc_hd__or4_4'
Circuit sky130_fd_sc_hd__or4_4 contains 10 device instances.
  Class: sky130_fd_pr__nfet_01v8 instances:   5
  Class: sky130_fd_pr__pfet_01v8_hvt instances:   5
Circuit contains 13 nets.

Circuit 1 contains 10 devices, Circuit 2 contains 10 devices.
Circuit 1 contains 13 nets,    Circuit 2 contains 13 nets.


Contents of circuit 1:  Circuit: 'sky130_fd_sc_hd__dlygate4sd3_1'
Circuit sky130_fd_sc_hd__dlygate4sd3_1 contains 8 device instances.
  Class: sky130_fd_pr__nfet_01v8 instances:   4
  Class: sky130_fd_pr__pfet_01v8_hvt instances:   4
Circuit contains 9 nets.
Contents of circuit 2:  Circuit: 'sky130_fd_sc_hd__dlygate4sd3_1'
Circuit sky130_fd_sc_hd__dlygate4sd3_1 contains 8 device instances.
  Class: sky130_fd_pr__nfet_01v8 instances:   4
  Class: sky130_fd_pr__pfet_01v8_hvt instances:   4
Circuit contains 9 nets.

Circuit 1 contains 8 devices, Circuit 2 contains 8 devices.
Circuit 1 contains 9 nets,    Circuit 2 contains 9 nets.


Contents of circuit 1:  Circuit: 'sky130_fd_sc_hd__mux2_1'
Circuit sky130_fd_sc_hd__mux2_1 contains 12 device instances.
  Class: sky130_fd_pr__nfet_01v8 instances:   6
  Class: sky130_fd_pr__pfet_01v8_hvt instances:   6
Circuit contains 14 nets.
Contents of circuit 2:  Circuit: 'sky130_fd_sc_hd__mux2_1'
Circuit sky130_fd_sc_hd__mux2_1 contains 12 device instances.
  Class: sky130_fd_pr__nfet_01v8 instances:   6
  Class: sky130_fd_pr__pfet_01v8_hvt instances:   6
Circuit contains 14 nets.

Circuit 1 contains 12 devices, Circuit 2 contains 12 devices.
Circuit 1 contains 14 nets,    Circuit 2 contains 14 nets.


Contents of circuit 1:  Circuit: 'sky130_fd_sc_hd__and2_1'
Circuit sky130_fd_sc_hd__and2_1 contains 6 device instances.
  Class: sky130_fd_pr__nfet_01v8 instances:   3
  Class: sky130_fd_pr__pfet_01v8_hvt instances:   3
Circuit contains 9 nets.
Contents of circuit 2:  Circuit: 'sky130_fd_sc_hd__and2_1'
Circuit sky130_fd_sc_hd__and2_1 contains 6 device instances.
  Class: sky130_fd_pr__nfet_01v8 instances:   3
  Class: sky130_fd_pr__pfet_01v8_hvt instances:   3
Circuit contains 9 nets.

Circuit 1 contains 6 devices, Circuit 2 contains 6 devices.
Circuit 1 contains 9 nets,    Circuit 2 contains 9 nets.


Contents of circuit 1:  Circuit: 'sky130_fd_sc_hd__clkbuf_8'
Circuit sky130_fd_sc_hd__clkbuf_8 contains 20 device instances.
  Class: sky130_fd_pr__nfet_01v8 instances:  10
  Class: sky130_fd_pr__pfet_01v8_hvt instances:  10
Circuit contains 7 nets.
Contents of circuit 2:  Circuit: 'sky130_fd_sc_hd__clkbuf_8'
Circuit sky130_fd_sc_hd__clkbuf_8 contains 20 device instances.
  Class: sky130_fd_pr__nfet_01v8 instances:  10
  Class: sky130_fd_pr__pfet_01v8_hvt instances:  10
Circuit contains 7 nets.

Circuit was modified by parallel/series device merging.
New circuit summary:

Contents of circuit 1:  Circuit: 'sky130_fd_sc_hd__clkbuf_8'
Circuit sky130_fd_sc_hd__clkbuf_8 contains 4 device instances.
  Class: sky130_fd_pr__nfet_01v8 instances:   2
  Class: sky130_fd_pr__pfet_01v8_hvt instances:   2
Circuit contains 7 nets.
Contents of circuit 2:  Circuit: 'sky130_fd_sc_hd__clkbuf_8'
Circuit sky130_fd_sc_hd__clkbuf_8 contains 4 device instances.
  Class: sky130_fd_pr__nfet_01v8 instances:   2
  Class: sky130_fd_pr__pfet_01v8_hvt instances:   2
Circuit contains 7 nets.

Circuit 1 contains 4 devices, Circuit 2 contains 4 devices.
Circuit 1 contains 7 nets,    Circuit 2 contains 7 nets.


Contents of circuit 1:  Circuit: 'sky130_fd_sc_hd__a22o_1'
Circuit sky130_fd_sc_hd__a22o_1 contains 10 device instances.
  Class: sky130_fd_pr__nfet_01v8 instances:   5
  Class: sky130_fd_pr__pfet_01v8_hvt instances:   5
Circuit contains 13 nets.
Contents of circuit 2:  Circuit: 'sky130_fd_sc_hd__a22o_1'
Circuit sky130_fd_sc_hd__a22o_1 contains 10 device instances.
  Class: sky130_fd_pr__nfet_01v8 instances:   5
  Class: sky130_fd_pr__pfet_01v8_hvt instances:   5
Circuit contains 13 nets.

Circuit 1 contains 10 devices, Circuit 2 contains 10 devices.
Circuit 1 contains 13 nets,    Circuit 2 contains 13 nets.


Contents of circuit 1:  Circuit: 'sky130_fd_sc_hd__nor4_1'
Circuit sky130_fd_sc_hd__nor4_1 contains 8 device instances.
  Class: sky130_fd_pr__nfet_01v8 instances:   4
  Class: sky130_fd_pr__pfet_01v8_hvt instances:   4
Circuit contains 12 nets.
Contents of circuit 2:  Circuit: 'sky130_fd_sc_hd__nor4_1'
Circuit sky130_fd_sc_hd__nor4_1 contains 8 device instances.
  Class: sky130_fd_pr__nfet_01v8 instances:   4
  Class: sky130_fd_pr__pfet_01v8_hvt instances:   4
Circuit contains 12 nets.

Circuit 1 contains 8 devices, Circuit 2 contains 8 devices.
Circuit 1 contains 12 nets,    Circuit 2 contains 12 nets.


Contents of circuit 1:  Circuit: 'sky130_fd_sc_hd__xnor2_1'
Circuit sky130_fd_sc_hd__xnor2_1 contains 10 device instances.
  Class: sky130_fd_pr__nfet_01v8 instances:   5
  Class: sky130_fd_pr__pfet_01v8_hvt instances:   5
Circuit contains 11 nets.
Contents of circuit 2:  Circuit: 'sky130_fd_sc_hd__xnor2_1'
Circuit sky130_fd_sc_hd__xnor2_1 contains 10 device instances.
  Class: sky130_fd_pr__nfet_01v8 instances:   5
  Class: sky130_fd_pr__pfet_01v8_hvt instances:   5
Circuit contains 11 nets.

Circuit 1 contains 10 devices, Circuit 2 contains 10 devices.
Circuit 1 contains 11 nets,    Circuit 2 contains 11 nets.


Contents of circuit 1:  Circuit: 'sky130_fd_sc_hd__o31a_1'
Circuit sky130_fd_sc_hd__o31a_1 contains 10 device instances.
  Class: sky130_fd_pr__nfet_01v8 instances:   5
  Class: sky130_fd_pr__pfet_01v8_hvt instances:   5
Circuit contains 13 nets.
Contents of circuit 2:  Circuit: 'sky130_fd_sc_hd__o31a_1'
Circuit sky130_fd_sc_hd__o31a_1 contains 10 device instances.
  Class: sky130_fd_pr__nfet_01v8 instances:   5
  Class: sky130_fd_pr__pfet_01v8_hvt instances:   5
Circuit contains 13 nets.

Circuit 1 contains 10 devices, Circuit 2 contains 10 devices.
Circuit 1 contains 13 nets,    Circuit 2 contains 13 nets.


Contents of circuit 1:  Circuit: 'sky130_fd_sc_hd__buf_2'
Circuit sky130_fd_sc_hd__buf_2 contains 6 device instances.
  Class: sky130_fd_pr__nfet_01v8 instances:   3
  Class: sky130_fd_pr__pfet_01v8_hvt instances:   3
Circuit contains 7 nets.
Contents of circuit 2:  Circuit: 'sky130_fd_sc_hd__buf_2'
Circuit sky130_fd_sc_hd__buf_2 contains 6 device instances.
  Class: sky130_fd_pr__nfet_01v8 instances:   3
  Class: sky130_fd_pr__pfet_01v8_hvt instances:   3
Circuit contains 7 nets.

Circuit was modified by parallel/series device merging.
New circuit summary:

Contents of circuit 1:  Circuit: 'sky130_fd_sc_hd__buf_2'
Circuit sky130_fd_sc_hd__buf_2 contains 4 device instances.
  Class: sky130_fd_pr__nfet_01v8 instances:   2
  Class: sky130_fd_pr__pfet_01v8_hvt instances:   2
Circuit contains 7 nets.
Contents of circuit 2:  Circuit: 'sky130_fd_sc_hd__buf_2'
Circuit sky130_fd_sc_hd__buf_2 contains 4 device instances.
  Class: sky130_fd_pr__nfet_01v8 instances:   2
  Class: sky130_fd_pr__pfet_01v8_hvt instances:   2
Circuit contains 7 nets.

Circuit 1 contains 4 devices, Circuit 2 contains 4 devices.
Circuit 1 contains 7 nets,    Circuit 2 contains 7 nets.


Contents of circuit 1:  Circuit: 'sky130_fd_sc_hd__clkbuf_4'
Circuit sky130_fd_sc_hd__clkbuf_4 contains 10 device instances.
  Class: sky130_fd_pr__nfet_01v8 instances:   5
  Class: sky130_fd_pr__pfet_01v8_hvt instances:   5
Circuit contains 7 nets.
Contents of circuit 2:  Circuit: 'sky130_fd_sc_hd__clkbuf_4'
Circuit sky130_fd_sc_hd__clkbuf_4 contains 10 device instances.
  Class: sky130_fd_pr__nfet_01v8 instances:   5
  Class: sky130_fd_pr__pfet_01v8_hvt instances:   5
Circuit contains 7 nets.

Circuit was modified by parallel/series device merging.
New circuit summary:

Contents of circuit 1:  Circuit: 'sky130_fd_sc_hd__clkbuf_4'
Circuit sky130_fd_sc_hd__clkbuf_4 contains 4 device instances.
  Class: sky130_fd_pr__nfet_01v8 instances:   2
  Class: sky130_fd_pr__pfet_01v8_hvt instances:   2
Circuit contains 7 nets.
Contents of circuit 2:  Circuit: 'sky130_fd_sc_hd__clkbuf_4'
Circuit sky130_fd_sc_hd__clkbuf_4 contains 4 device instances.
  Class: sky130_fd_pr__nfet_01v8 instances:   2
  Class: sky130_fd_pr__pfet_01v8_hvt instances:   2
Circuit contains 7 nets.

Circuit 1 contains 4 devices, Circuit 2 contains 4 devices.
Circuit 1 contains 7 nets,    Circuit 2 contains 7 nets.


Contents of circuit 1:  Circuit: 'sky130_fd_sc_hd__clkbuf_2'
Circuit sky130_fd_sc_hd__clkbuf_2 contains 6 device instances.
  Class: sky130_fd_pr__nfet_01v8 instances:   3
  Class: sky130_fd_pr__pfet_01v8_hvt instances:   3
Circuit contains 7 nets.
Contents of circuit 2:  Circuit: 'sky130_fd_sc_hd__clkbuf_2'
Circuit sky130_fd_sc_hd__clkbuf_2 contains 6 device instances.
  Class: sky130_fd_pr__nfet_01v8 instances:   3
  Class: sky130_fd_pr__pfet_01v8_hvt instances:   3
Circuit contains 7 nets.

Circuit was modified by parallel/series device merging.
New circuit summary:

Contents of circuit 1:  Circuit: 'sky130_fd_sc_hd__clkbuf_2'
Circuit sky130_fd_sc_hd__clkbuf_2 contains 4 device instances.
  Class: sky130_fd_pr__nfet_01v8 instances:   2
  Class: sky130_fd_pr__pfet_01v8_hvt instances:   2
Circuit contains 7 nets.
Contents of circuit 2:  Circuit: 'sky130_fd_sc_hd__clkbuf_2'
Circuit sky130_fd_sc_hd__clkbuf_2 contains 4 device instances.
  Class: sky130_fd_pr__nfet_01v8 instances:   2
  Class: sky130_fd_pr__pfet_01v8_hvt instances:   2
Circuit contains 7 nets.

Circuit 1 contains 4 devices, Circuit 2 contains 4 devices.
Circuit 1 contains 7 nets,    Circuit 2 contains 7 nets.


Contents of circuit 1:  Circuit: 'sky130_fd_sc_hd__buf_4'
Circuit sky130_fd_sc_hd__buf_4 contains 10 device instances.
  Class: sky130_fd_pr__nfet_01v8 instances:   5
  Class: sky130_fd_pr__pfet_01v8_hvt instances:   5
Circuit contains 7 nets.
Contents of circuit 2:  Circuit: 'sky130_fd_sc_hd__buf_4'
Circuit sky130_fd_sc_hd__buf_4 contains 10 device instances.
  Class: sky130_fd_pr__nfet_01v8 instances:   5
  Class: sky130_fd_pr__pfet_01v8_hvt instances:   5
Circuit contains 7 nets.

Circuit was modified by parallel/series device merging.
New circuit summary:

Contents of circuit 1:  Circuit: 'sky130_fd_sc_hd__buf_4'
Circuit sky130_fd_sc_hd__buf_4 contains 4 device instances.
  Class: sky130_fd_pr__nfet_01v8 instances:   2
  Class: sky130_fd_pr__pfet_01v8_hvt instances:   2
Circuit contains 7 nets.
Contents of circuit 2:  Circuit: 'sky130_fd_sc_hd__buf_4'
Circuit sky130_fd_sc_hd__buf_4 contains 4 device instances.
  Class: sky130_fd_pr__nfet_01v8 instances:   2
  Class: sky130_fd_pr__pfet_01v8_hvt instances:   2
Circuit contains 7 nets.

Circuit 1 contains 4 devices, Circuit 2 contains 4 devices.
Circuit 1 contains 7 nets,    Circuit 2 contains 7 nets.


Contents of circuit 1:  Circuit: 'sky130_fd_sc_hd__a2111o_1'
Circuit sky130_fd_sc_hd__a2111o_1 contains 12 device instances.
  Class: sky130_fd_pr__nfet_01v8 instances:   6
  Class: sky130_fd_pr__pfet_01v8_hvt instances:   6
Circuit contains 15 nets.
Contents of circuit 2:  Circuit: 'sky130_fd_sc_hd__a2111o_1'
Circuit sky130_fd_sc_hd__a2111o_1 contains 12 device instances.
  Class: sky130_fd_pr__nfet_01v8 instances:   6
  Class: sky130_fd_pr__pfet_01v8_hvt instances:   6
Circuit contains 15 nets.

Circuit 1 contains 12 devices, Circuit 2 contains 12 devices.
Circuit 1 contains 15 nets,    Circuit 2 contains 15 nets.


Contents of circuit 1:  Circuit: 'sky130_fd_sc_hd__buf_8'
Circuit sky130_fd_sc_hd__buf_8 contains 22 device instances.
  Class: sky130_fd_pr__nfet_01v8 instances:  11
  Class: sky130_fd_pr__pfet_01v8_hvt instances:  11
Circuit contains 7 nets.
Contents of circuit 2:  Circuit: 'sky130_fd_sc_hd__buf_8'
Circuit sky130_fd_sc_hd__buf_8 contains 22 device instances.
  Class: sky130_fd_pr__nfet_01v8 instances:  11
  Class: sky130_fd_pr__pfet_01v8_hvt instances:  11
Circuit contains 7 nets.

Circuit was modified by parallel/series device merging.
New circuit summary:

Contents of circuit 1:  Circuit: 'sky130_fd_sc_hd__buf_8'
Circuit sky130_fd_sc_hd__buf_8 contains 4 device instances.
  Class: sky130_fd_pr__nfet_01v8 instances:   2
  Class: sky130_fd_pr__pfet_01v8_hvt instances:   2
Circuit contains 7 nets.
Contents of circuit 2:  Circuit: 'sky130_fd_sc_hd__buf_8'
Circuit sky130_fd_sc_hd__buf_8 contains 4 device instances.
  Class: sky130_fd_pr__nfet_01v8 instances:   2
  Class: sky130_fd_pr__pfet_01v8_hvt instances:   2
Circuit contains 7 nets.

Circuit 1 contains 4 devices, Circuit 2 contains 4 devices.
Circuit 1 contains 7 nets,    Circuit 2 contains 7 nets.


Contents of circuit 1:  Circuit: 'sky130_fd_sc_hd__a21oi_1'
Circuit sky130_fd_sc_hd__a21oi_1 contains 6 device instances.
  Class: sky130_fd_pr__nfet_01v8 instances:   3
  Class: sky130_fd_pr__pfet_01v8_hvt instances:   3
Circuit contains 10 nets.
Contents of circuit 2:  Circuit: 'sky130_fd_sc_hd__a21oi_1'
Circuit sky130_fd_sc_hd__a21oi_1 contains 6 device instances.
  Class: sky130_fd_pr__nfet_01v8 instances:   3
  Class: sky130_fd_pr__pfet_01v8_hvt instances:   3
Circuit contains 10 nets.

Circuit 1 contains 6 devices, Circuit 2 contains 6 devices.
Circuit 1 contains 10 nets,    Circuit 2 contains 10 nets.


Contents of circuit 1:  Circuit: 'sky130_fd_sc_hd__a221o_1'
Circuit sky130_fd_sc_hd__a221o_1 contains 12 device instances.
  Class: sky130_fd_pr__nfet_01v8 instances:   6
  Class: sky130_fd_pr__pfet_01v8_hvt instances:   6
Circuit contains 15 nets.
Contents of circuit 2:  Circuit: 'sky130_fd_sc_hd__a221o_1'
Circuit sky130_fd_sc_hd__a221o_1 contains 12 device instances.
  Class: sky130_fd_pr__nfet_01v8 instances:   6
  Class: sky130_fd_pr__pfet_01v8_hvt instances:   6
Circuit contains 15 nets.

Circuit 1 contains 12 devices, Circuit 2 contains 12 devices.
Circuit 1 contains 15 nets,    Circuit 2 contains 15 nets.


Contents of circuit 1:  Circuit: 'sky130_fd_sc_hd__nor4_2'
Circuit sky130_fd_sc_hd__nor4_2 contains 16 device instances.
  Class: sky130_fd_pr__nfet_01v8 instances:   8
  Class: sky130_fd_pr__pfet_01v8_hvt instances:   8
Circuit contains 12 nets.
Contents of circuit 2:  Circuit: 'sky130_fd_sc_hd__nor4_2'
Circuit sky130_fd_sc_hd__nor4_2 contains 16 device instances.
  Class: sky130_fd_pr__nfet_01v8 instances:   8
  Class: sky130_fd_pr__pfet_01v8_hvt instances:   8
Circuit contains 12 nets.

Circuit was modified by parallel/series device merging.
New circuit summary:

Contents of circuit 1:  Circuit: 'sky130_fd_sc_hd__nor4_2'
Circuit sky130_fd_sc_hd__nor4_2 contains 8 device instances.
  Class: sky130_fd_pr__nfet_01v8 instances:   4
  Class: sky130_fd_pr__pfet_01v8_hvt instances:   4
Circuit contains 12 nets.
Contents of circuit 2:  Circuit: 'sky130_fd_sc_hd__nor4_2'
Circuit sky130_fd_sc_hd__nor4_2 contains 8 device instances.
  Class: sky130_fd_pr__nfet_01v8 instances:   4
  Class: sky130_fd_pr__pfet_01v8_hvt instances:   4
Circuit contains 12 nets.

Circuit 1 contains 8 devices, Circuit 2 contains 8 devices.
Circuit 1 contains 12 nets,    Circuit 2 contains 12 nets.


Contents of circuit 1:  Circuit: 'sky130_fd_sc_hd__and2_2'
Circuit sky130_fd_sc_hd__and2_2 contains 8 device instances.
  Class: sky130_fd_pr__nfet_01v8 instances:   4
  Class: sky130_fd_pr__pfet_01v8_hvt instances:   4
Circuit contains 9 nets.
Contents of circuit 2:  Circuit: 'sky130_fd_sc_hd__and2_2'
Circuit sky130_fd_sc_hd__and2_2 contains 8 device instances.
  Class: sky130_fd_pr__nfet_01v8 instances:   4
  Class: sky130_fd_pr__pfet_01v8_hvt instances:   4
Circuit contains 9 nets.

Circuit was modified by parallel/series device merging.
New circuit summary:

Contents of circuit 1:  Circuit: 'sky130_fd_sc_hd__and2_2'
Circuit sky130_fd_sc_hd__and2_2 contains 6 device instances.
  Class: sky130_fd_pr__nfet_01v8 instances:   3
  Class: sky130_fd_pr__pfet_01v8_hvt instances:   3
Circuit contains 9 nets.
Contents of circuit 2:  Circuit: 'sky130_fd_sc_hd__and2_2'
Circuit sky130_fd_sc_hd__and2_2 contains 6 device instances.
  Class: sky130_fd_pr__nfet_01v8 instances:   3
  Class: sky130_fd_pr__pfet_01v8_hvt instances:   3
Circuit contains 9 nets.

Circuit 1 contains 6 devices, Circuit 2 contains 6 devices.
Circuit 1 contains 9 nets,    Circuit 2 contains 9 nets.


Contents of circuit 1:  Circuit: 'sky130_fd_sc_hd__and4b_2'
Circuit sky130_fd_sc_hd__and4b_2 contains 14 device instances.
  Class: sky130_fd_pr__nfet_01v8 instances:   7
  Class: sky130_fd_pr__pfet_01v8_hvt instances:   7
Circuit contains 14 nets.
Contents of circuit 2:  Circuit: 'sky130_fd_sc_hd__and4b_2'
Circuit sky130_fd_sc_hd__and4b_2 contains 14 device instances.
  Class: sky130_fd_pr__nfet_01v8 instances:   7
  Class: sky130_fd_pr__pfet_01v8_hvt instances:   7
Circuit contains 14 nets.

Circuit was modified by parallel/series device merging.
New circuit summary:

Contents of circuit 1:  Circuit: 'sky130_fd_sc_hd__and4b_2'
Circuit sky130_fd_sc_hd__and4b_2 contains 12 device instances.
  Class: sky130_fd_pr__nfet_01v8 instances:   6
  Class: sky130_fd_pr__pfet_01v8_hvt instances:   6
Circuit contains 14 nets.
Contents of circuit 2:  Circuit: 'sky130_fd_sc_hd__and4b_2'
Circuit sky130_fd_sc_hd__and4b_2 contains 12 device instances.
  Class: sky130_fd_pr__nfet_01v8 instances:   6
  Class: sky130_fd_pr__pfet_01v8_hvt instances:   6
Circuit contains 14 nets.

Circuit 1 contains 12 devices, Circuit 2 contains 12 devices.
Circuit 1 contains 14 nets,    Circuit 2 contains 14 nets.


Contents of circuit 1:  Circuit: 'sky130_fd_sc_hd__a221o_2'
Circuit sky130_fd_sc_hd__a221o_2 contains 14 device instances.
  Class: sky130_fd_pr__nfet_01v8 instances:   7
  Class: sky130_fd_pr__pfet_01v8_hvt instances:   7
Circuit contains 15 nets.
Contents of circuit 2:  Circuit: 'sky130_fd_sc_hd__a221o_2'
Circuit sky130_fd_sc_hd__a221o_2 contains 14 device instances.
  Class: sky130_fd_pr__nfet_01v8 instances:   7
  Class: sky130_fd_pr__pfet_01v8_hvt instances:   7
Circuit contains 15 nets.

Circuit was modified by parallel/series device merging.
New circuit summary:

Contents of circuit 1:  Circuit: 'sky130_fd_sc_hd__a221o_2'
Circuit sky130_fd_sc_hd__a221o_2 contains 12 device instances.
  Class: sky130_fd_pr__nfet_01v8 instances:   6
  Class: sky130_fd_pr__pfet_01v8_hvt instances:   6
Circuit contains 15 nets.
Contents of circuit 2:  Circuit: 'sky130_fd_sc_hd__a221o_2'
Circuit sky130_fd_sc_hd__a221o_2 contains 12 device instances.
  Class: sky130_fd_pr__nfet_01v8 instances:   6
  Class: sky130_fd_pr__pfet_01v8_hvt instances:   6
Circuit contains 15 nets.

Circuit 1 contains 12 devices, Circuit 2 contains 12 devices.
Circuit 1 contains 15 nets,    Circuit 2 contains 15 nets.


Contents of circuit 1:  Circuit: 'sky130_fd_sc_hd__dfrtp_2'
Circuit sky130_fd_sc_hd__dfrtp_2 contains 30 device instances.
  Class: sky130_fd_pr__nfet_01v8 instances:  11
  Class: sky130_fd_pr__pfet_01v8_hvt instances:  15
  Class: sky130_fd_pr__special_nfet_01v8 instances:   4
Circuit contains 21 nets.
Contents of circuit 2:  Circuit: 'sky130_fd_sc_hd__dfrtp_2'
Circuit sky130_fd_sc_hd__dfrtp_2 contains 30 device instances.
  Class: sky130_fd_pr__nfet_01v8 instances:  11
  Class: sky130_fd_pr__pfet_01v8_hvt instances:  15
  Class: sky130_fd_pr__special_nfet_01v8 instances:   4
Circuit contains 21 nets.

Circuit was modified by parallel/series device merging.
New circuit summary:

Contents of circuit 1:  Circuit: 'sky130_fd_sc_hd__dfrtp_2'
Circuit sky130_fd_sc_hd__dfrtp_2 contains 28 device instances.
  Class: sky130_fd_pr__nfet_01v8 instances:  10
  Class: sky130_fd_pr__pfet_01v8_hvt instances:  14
  Class: sky130_fd_pr__special_nfet_01v8 instances:   4
Circuit contains 21 nets.
Contents of circuit 2:  Circuit: 'sky130_fd_sc_hd__dfrtp_2'
Circuit sky130_fd_sc_hd__dfrtp_2 contains 28 device instances.
  Class: sky130_fd_pr__nfet_01v8 instances:  10
  Class: sky130_fd_pr__pfet_01v8_hvt instances:  14
  Class: sky130_fd_pr__special_nfet_01v8 instances:   4
Circuit contains 21 nets.

Circuit 1 contains 28 devices, Circuit 2 contains 28 devices.
Circuit 1 contains 21 nets,    Circuit 2 contains 21 nets.


Contents of circuit 1:  Circuit: 'sky130_fd_sc_hd__nand3b_4'
Circuit sky130_fd_sc_hd__nand3b_4 contains 26 device instances.
  Class: sky130_fd_pr__nfet_01v8 instances:  13
  Class: sky130_fd_pr__pfet_01v8_hvt instances:  13
Circuit contains 11 nets.
Contents of circuit 2:  Circuit: 'sky130_fd_sc_hd__nand3b_4'
Circuit sky130_fd_sc_hd__nand3b_4 contains 26 device instances.
  Class: sky130_fd_pr__nfet_01v8 instances:  13
  Class: sky130_fd_pr__pfet_01v8_hvt instances:  13
Circuit contains 11 nets.

Circuit was modified by parallel/series device merging.
New circuit summary:

Contents of circuit 1:  Circuit: 'sky130_fd_sc_hd__nand3b_4'
Circuit sky130_fd_sc_hd__nand3b_4 contains 8 device instances.
  Class: sky130_fd_pr__nfet_01v8 instances:   4
  Class: sky130_fd_pr__pfet_01v8_hvt instances:   4
Circuit contains 11 nets.
Contents of circuit 2:  Circuit: 'sky130_fd_sc_hd__nand3b_4'
Circuit sky130_fd_sc_hd__nand3b_4 contains 8 device instances.
  Class: sky130_fd_pr__nfet_01v8 instances:   4
  Class: sky130_fd_pr__pfet_01v8_hvt instances:   4
Circuit contains 11 nets.

Circuit 1 contains 8 devices, Circuit 2 contains 8 devices.
Circuit 1 contains 11 nets,    Circuit 2 contains 11 nets.


Contents of circuit 1:  Circuit: 'sky130_fd_sc_hd__and3_2'
Circuit sky130_fd_sc_hd__and3_2 contains 10 device instances.
  Class: sky130_fd_pr__nfet_01v8 instances:   5
  Class: sky130_fd_pr__pfet_01v8_hvt instances:   5
Circuit contains 11 nets.
Contents of circuit 2:  Circuit: 'sky130_fd_sc_hd__and3_2'
Circuit sky130_fd_sc_hd__and3_2 contains 10 device instances.
  Class: sky130_fd_pr__nfet_01v8 instances:   5
  Class: sky130_fd_pr__pfet_01v8_hvt instances:   5
Circuit contains 11 nets.

Circuit was modified by parallel/series device merging.
New circuit summary:

Contents of circuit 1:  Circuit: 'sky130_fd_sc_hd__and3_2'
Circuit sky130_fd_sc_hd__and3_2 contains 8 device instances.
  Class: sky130_fd_pr__nfet_01v8 instances:   4
  Class: sky130_fd_pr__pfet_01v8_hvt instances:   4
Circuit contains 11 nets.
Contents of circuit 2:  Circuit: 'sky130_fd_sc_hd__and3_2'
Circuit sky130_fd_sc_hd__and3_2 contains 8 device instances.
  Class: sky130_fd_pr__nfet_01v8 instances:   4
  Class: sky130_fd_pr__pfet_01v8_hvt instances:   4
Circuit contains 11 nets.

Circuit 1 contains 8 devices, Circuit 2 contains 8 devices.
Circuit 1 contains 11 nets,    Circuit 2 contains 11 nets.


Contents of circuit 1:  Circuit: 'sky130_fd_sc_hd__buf_12'
Circuit sky130_fd_sc_hd__buf_12 contains 32 device instances.
  Class: sky130_fd_pr__nfet_01v8 instances:  16
  Class: sky130_fd_pr__pfet_01v8_hvt instances:  16
Circuit contains 7 nets.
Contents of circuit 2:  Circuit: 'sky130_fd_sc_hd__buf_12'
Circuit sky130_fd_sc_hd__buf_12 contains 32 device instances.
  Class: sky130_fd_pr__nfet_01v8 instances:  16
  Class: sky130_fd_pr__pfet_01v8_hvt instances:  16
Circuit contains 7 nets.

Circuit was modified by parallel/series device merging.
New circuit summary:

Contents of circuit 1:  Circuit: 'sky130_fd_sc_hd__buf_12'
Circuit sky130_fd_sc_hd__buf_12 contains 4 device instances.
  Class: sky130_fd_pr__nfet_01v8 instances:   2
  Class: sky130_fd_pr__pfet_01v8_hvt instances:   2
Circuit contains 7 nets.
Contents of circuit 2:  Circuit: 'sky130_fd_sc_hd__buf_12'
Circuit sky130_fd_sc_hd__buf_12 contains 4 device instances.
  Class: sky130_fd_pr__nfet_01v8 instances:   2
  Class: sky130_fd_pr__pfet_01v8_hvt instances:   2
Circuit contains 7 nets.

Circuit 1 contains 4 devices, Circuit 2 contains 4 devices.
Circuit 1 contains 7 nets,    Circuit 2 contains 7 nets.


Contents of circuit 1:  Circuit: 'sky130_fd_sc_hd__or4_1'
Circuit sky130_fd_sc_hd__or4_1 contains 10 device instances.
  Class: sky130_fd_pr__nfet_01v8 instances:   5
  Class: sky130_fd_pr__pfet_01v8_hvt instances:   5
Circuit contains 13 nets.
Contents of circuit 2:  Circuit: 'sky130_fd_sc_hd__or4_1'
Circuit sky130_fd_sc_hd__or4_1 contains 10 device instances.
  Class: sky130_fd_pr__nfet_01v8 instances:   5
  Class: sky130_fd_pr__pfet_01v8_hvt instances:   5
Circuit contains 13 nets.

Circuit 1 contains 10 devices, Circuit 2 contains 10 devices.
Circuit 1 contains 13 nets,    Circuit 2 contains 13 nets.


Contents of circuit 1:  Circuit: 'sky130_fd_sc_hd__and2_4'
Circuit sky130_fd_sc_hd__and2_4 contains 12 device instances.
  Class: sky130_fd_pr__nfet_01v8 instances:   6
  Class: sky130_fd_pr__pfet_01v8_hvt instances:   6
Circuit contains 9 nets.
Contents of circuit 2:  Circuit: 'sky130_fd_sc_hd__and2_4'
Circuit sky130_fd_sc_hd__and2_4 contains 12 device instances.
  Class: sky130_fd_pr__nfet_01v8 instances:   6
  Class: sky130_fd_pr__pfet_01v8_hvt instances:   6
Circuit contains 9 nets.

Circuit was modified by parallel/series device merging.
New circuit summary:

Contents of circuit 1:  Circuit: 'sky130_fd_sc_hd__and2_4'
Circuit sky130_fd_sc_hd__and2_4 contains 6 device instances.
  Class: sky130_fd_pr__nfet_01v8 instances:   3
  Class: sky130_fd_pr__pfet_01v8_hvt instances:   3
Circuit contains 9 nets.
Contents of circuit 2:  Circuit: 'sky130_fd_sc_hd__and2_4'
Circuit sky130_fd_sc_hd__and2_4 contains 6 device instances.
  Class: sky130_fd_pr__nfet_01v8 instances:   3
  Class: sky130_fd_pr__pfet_01v8_hvt instances:   3
Circuit contains 9 nets.

Circuit 1 contains 6 devices, Circuit 2 contains 6 devices.
Circuit 1 contains 9 nets,    Circuit 2 contains 9 nets.


Contents of circuit 1:  Circuit: 'sky130_fd_sc_hd__or4_2'
Circuit sky130_fd_sc_hd__or4_2 contains 12 device instances.
  Class: sky130_fd_pr__nfet_01v8 instances:   6
  Class: sky130_fd_pr__pfet_01v8_hvt instances:   6
Circuit contains 13 nets.
Contents of circuit 2:  Circuit: 'sky130_fd_sc_hd__or4_2'
Circuit sky130_fd_sc_hd__or4_2 contains 12 device instances.
  Class: sky130_fd_pr__nfet_01v8 instances:   6
  Class: sky130_fd_pr__pfet_01v8_hvt instances:   6
Circuit contains 13 nets.

Circuit was modified by parallel/series device merging.
New circuit summary:

Contents of circuit 1:  Circuit: 'sky130_fd_sc_hd__or4_2'
Circuit sky130_fd_sc_hd__or4_2 contains 10 device instances.
  Class: sky130_fd_pr__nfet_01v8 instances:   5
  Class: sky130_fd_pr__pfet_01v8_hvt instances:   5
Circuit contains 13 nets.
Contents of circuit 2:  Circuit: 'sky130_fd_sc_hd__or4_2'
Circuit sky130_fd_sc_hd__or4_2 contains 10 device instances.
  Class: sky130_fd_pr__nfet_01v8 instances:   5
  Class: sky130_fd_pr__pfet_01v8_hvt instances:   5
Circuit contains 13 nets.

Circuit 1 contains 10 devices, Circuit 2 contains 10 devices.
Circuit 1 contains 13 nets,    Circuit 2 contains 13 nets.


Contents of circuit 1:  Circuit: 'sky130_fd_sc_hd__a2bb2o_1'
Circuit sky130_fd_sc_hd__a2bb2o_1 contains 12 device instances.
  Class: sky130_fd_pr__nfet_01v8 instances:   6
  Class: sky130_fd_pr__pfet_01v8_hvt instances:   6
Circuit contains 14 nets.
Contents of circuit 2:  Circuit: 'sky130_fd_sc_hd__a2bb2o_1'
Circuit sky130_fd_sc_hd__a2bb2o_1 contains 12 device instances.
  Class: sky130_fd_pr__nfet_01v8 instances:   6
  Class: sky130_fd_pr__pfet_01v8_hvt instances:   6
Circuit contains 14 nets.

Circuit 1 contains 12 devices, Circuit 2 contains 12 devices.
Circuit 1 contains 14 nets,    Circuit 2 contains 14 nets.


Contents of circuit 1:  Circuit: 'sky130_fd_sc_hd__nand2_1'
Circuit sky130_fd_sc_hd__nand2_1 contains 4 device instances.
  Class: sky130_fd_pr__nfet_01v8 instances:   2
  Class: sky130_fd_pr__pfet_01v8_hvt instances:   2
Circuit contains 8 nets.
Contents of circuit 2:  Circuit: 'sky130_fd_sc_hd__nand2_1'
Circuit sky130_fd_sc_hd__nand2_1 contains 4 device instances.
  Class: sky130_fd_pr__nfet_01v8 instances:   2
  Class: sky130_fd_pr__pfet_01v8_hvt instances:   2
Circuit contains 8 nets.

Circuit 1 contains 4 devices, Circuit 2 contains 4 devices.
Circuit 1 contains 8 nets,    Circuit 2 contains 8 nets.


Contents of circuit 1:  Circuit: 'sky130_fd_sc_hd__xor2_2'
Circuit sky130_fd_sc_hd__xor2_2 contains 20 device instances.
  Class: sky130_fd_pr__nfet_01v8 instances:  10
  Class: sky130_fd_pr__pfet_01v8_hvt instances:  10
Circuit contains 11 nets.
Contents of circuit 2:  Circuit: 'sky130_fd_sc_hd__xor2_2'
Circuit sky130_fd_sc_hd__xor2_2 contains 20 device instances.
  Class: sky130_fd_pr__nfet_01v8 instances:  10
  Class: sky130_fd_pr__pfet_01v8_hvt instances:  10
Circuit contains 11 nets.

Circuit was modified by parallel/series device merging.
New circuit summary:

Contents of circuit 1:  Circuit: 'sky130_fd_sc_hd__xor2_2'
Circuit sky130_fd_sc_hd__xor2_2 contains 10 device instances.
  Class: sky130_fd_pr__nfet_01v8 instances:   5
  Class: sky130_fd_pr__pfet_01v8_hvt instances:   5
Circuit contains 11 nets.
Contents of circuit 2:  Circuit: 'sky130_fd_sc_hd__xor2_2'
Circuit sky130_fd_sc_hd__xor2_2 contains 10 device instances.
  Class: sky130_fd_pr__nfet_01v8 instances:   5
  Class: sky130_fd_pr__pfet_01v8_hvt instances:   5
Circuit contains 11 nets.

Circuit 1 contains 10 devices, Circuit 2 contains 10 devices.
Circuit 1 contains 11 nets,    Circuit 2 contains 11 nets.


Contents of circuit 1:  Circuit: 'sky130_fd_sc_hd__a2111o_2'
Circuit sky130_fd_sc_hd__a2111o_2 contains 14 device instances.
  Class: sky130_fd_pr__nfet_01v8 instances:   7
  Class: sky130_fd_pr__pfet_01v8_hvt instances:   7
Circuit contains 15 nets.
Contents of circuit 2:  Circuit: 'sky130_fd_sc_hd__a2111o_2'
Circuit sky130_fd_sc_hd__a2111o_2 contains 14 device instances.
  Class: sky130_fd_pr__nfet_01v8 instances:   7
  Class: sky130_fd_pr__pfet_01v8_hvt instances:   7
Circuit contains 15 nets.

Circuit was modified by parallel/series device merging.
New circuit summary:

Contents of circuit 1:  Circuit: 'sky130_fd_sc_hd__a2111o_2'
Circuit sky130_fd_sc_hd__a2111o_2 contains 12 device instances.
  Class: sky130_fd_pr__nfet_01v8 instances:   6
  Class: sky130_fd_pr__pfet_01v8_hvt instances:   6
Circuit contains 15 nets.
Contents of circuit 2:  Circuit: 'sky130_fd_sc_hd__a2111o_2'
Circuit sky130_fd_sc_hd__a2111o_2 contains 12 device instances.
  Class: sky130_fd_pr__nfet_01v8 instances:   6
  Class: sky130_fd_pr__pfet_01v8_hvt instances:   6
Circuit contains 15 nets.

Circuit 1 contains 12 devices, Circuit 2 contains 12 devices.
Circuit 1 contains 15 nets,    Circuit 2 contains 15 nets.


Contents of circuit 1:  Circuit: 'sky130_fd_sc_hd__nor4_4'
Circuit sky130_fd_sc_hd__nor4_4 contains 32 device instances.
  Class: sky130_fd_pr__nfet_01v8 instances:  16
  Class: sky130_fd_pr__pfet_01v8_hvt instances:  16
Circuit contains 12 nets.
Contents of circuit 2:  Circuit: 'sky130_fd_sc_hd__nor4_4'
Circuit sky130_fd_sc_hd__nor4_4 contains 32 device instances.
  Class: sky130_fd_pr__nfet_01v8 instances:  16
  Class: sky130_fd_pr__pfet_01v8_hvt instances:  16
Circuit contains 12 nets.

Circuit was modified by parallel/series device merging.
New circuit summary:

Contents of circuit 1:  Circuit: 'sky130_fd_sc_hd__nor4_4'
Circuit sky130_fd_sc_hd__nor4_4 contains 8 device instances.
  Class: sky130_fd_pr__nfet_01v8 instances:   4
  Class: sky130_fd_pr__pfet_01v8_hvt instances:   4
Circuit contains 12 nets.
Contents of circuit 2:  Circuit: 'sky130_fd_sc_hd__nor4_4'
Circuit sky130_fd_sc_hd__nor4_4 contains 8 device instances.
  Class: sky130_fd_pr__nfet_01v8 instances:   4
  Class: sky130_fd_pr__pfet_01v8_hvt instances:   4
Circuit contains 12 nets.

Circuit 1 contains 8 devices, Circuit 2 contains 8 devices.
Circuit 1 contains 12 nets,    Circuit 2 contains 12 nets.


Contents of circuit 1:  Circuit: 'sky130_fd_sc_hd__and4_1'
Circuit sky130_fd_sc_hd__and4_1 contains 10 device instances.
  Class: sky130_fd_pr__nfet_01v8 instances:   5
  Class: sky130_fd_pr__pfet_01v8_hvt instances:   5
Circuit contains 13 nets.
Contents of circuit 2:  Circuit: 'sky130_fd_sc_hd__and4_1'
Circuit sky130_fd_sc_hd__and4_1 contains 10 device instances.
  Class: sky130_fd_pr__nfet_01v8 instances:   5
  Class: sky130_fd_pr__pfet_01v8_hvt instances:   5
Circuit contains 13 nets.

Circuit 1 contains 10 devices, Circuit 2 contains 10 devices.
Circuit 1 contains 13 nets,    Circuit 2 contains 13 nets.


Contents of circuit 1:  Circuit: 'sky130_fd_sc_hd__a211o_1'
Circuit sky130_fd_sc_hd__a211o_1 contains 10 device instances.
  Class: sky130_fd_pr__nfet_01v8 instances:   5
  Class: sky130_fd_pr__pfet_01v8_hvt instances:   5
Circuit contains 13 nets.
Contents of circuit 2:  Circuit: 'sky130_fd_sc_hd__a211o_1'
Circuit sky130_fd_sc_hd__a211o_1 contains 10 device instances.
  Class: sky130_fd_pr__nfet_01v8 instances:   5
  Class: sky130_fd_pr__pfet_01v8_hvt instances:   5
Circuit contains 13 nets.

Circuit 1 contains 10 devices, Circuit 2 contains 10 devices.
Circuit 1 contains 13 nets,    Circuit 2 contains 13 nets.


Contents of circuit 1:  Circuit: 'sky130_fd_sc_hd__clkinvlp_4'
Circuit sky130_fd_sc_hd__clkinvlp_4 contains 8 device instances.
  Class: sky130_fd_pr__nfet_01v8 instances:   4
  Class: sky130_fd_pr__pfet_01v8_hvt instances:   4
Circuit contains 8 nets.
Contents of circuit 2:  Circuit: 'sky130_fd_sc_hd__clkinvlp_4'
Circuit sky130_fd_sc_hd__clkinvlp_4 contains 8 device instances.
  Class: sky130_fd_pr__nfet_01v8 instances:   4
  Class: sky130_fd_pr__pfet_01v8_hvt instances:   4
Circuit contains 8 nets.

Circuit was modified by parallel/series device merging.
New circuit summary:

Contents of circuit 1:  Circuit: 'sky130_fd_sc_hd__clkinvlp_4'
Circuit sky130_fd_sc_hd__clkinvlp_4 contains 5 device instances.
  Class: sky130_fd_pr__nfet_01v8 instances:   4
  Class: sky130_fd_pr__pfet_01v8_hvt instances:   1
Circuit contains 8 nets.
Contents of circuit 2:  Circuit: 'sky130_fd_sc_hd__clkinvlp_4'
Circuit sky130_fd_sc_hd__clkinvlp_4 contains 5 device instances.
  Class: sky130_fd_pr__nfet_01v8 instances:   4
  Class: sky130_fd_pr__pfet_01v8_hvt instances:   1
Circuit contains 8 nets.

Circuit 1 contains 5 devices, Circuit 2 contains 5 devices.
Circuit 1 contains 8 nets,    Circuit 2 contains 8 nets.


Contents of circuit 1:  Circuit: 'sky130_fd_sc_hd__clkinv_2'
Circuit sky130_fd_sc_hd__clkinv_2 contains 5 device instances.
  Class: sky130_fd_pr__nfet_01v8 instances:   2
  Class: sky130_fd_pr__pfet_01v8_hvt instances:   3
Circuit contains 6 nets.
Contents of circuit 2:  Circuit: 'sky130_fd_sc_hd__clkinv_2'
Circuit sky130_fd_sc_hd__clkinv_2 contains 5 device instances.
  Class: sky130_fd_pr__nfet_01v8 instances:   2
  Class: sky130_fd_pr__pfet_01v8_hvt instances:   3
Circuit contains 6 nets.

Circuit was modified by parallel/series device merging.
New circuit summary:

Contents of circuit 1:  Circuit: 'sky130_fd_sc_hd__clkinv_2'
Circuit sky130_fd_sc_hd__clkinv_2 contains 2 device instances.
  Class: sky130_fd_pr__nfet_01v8 instances:   1
  Class: sky130_fd_pr__pfet_01v8_hvt instances:   1
Circuit contains 6 nets.
Contents of circuit 2:  Circuit: 'sky130_fd_sc_hd__clkinv_2'
Circuit sky130_fd_sc_hd__clkinv_2 contains 2 device instances.
  Class: sky130_fd_pr__nfet_01v8 instances:   1
  Class: sky130_fd_pr__pfet_01v8_hvt instances:   1
Circuit contains 6 nets.

Circuit 1 contains 2 devices, Circuit 2 contains 2 devices.
Circuit 1 contains 6 nets,    Circuit 2 contains 6 nets.


Contents of circuit 1:  Circuit: 'sky130_fd_sc_hd__and3_4'
Circuit sky130_fd_sc_hd__and3_4 contains 14 device instances.
  Class: sky130_fd_pr__nfet_01v8 instances:   7
  Class: sky130_fd_pr__pfet_01v8_hvt instances:   7
Circuit contains 11 nets.
Contents of circuit 2:  Circuit: 'sky130_fd_sc_hd__and3_4'
Circuit sky130_fd_sc_hd__and3_4 contains 14 device instances.
  Class: sky130_fd_pr__nfet_01v8 instances:   7
  Class: sky130_fd_pr__pfet_01v8_hvt instances:   7
Circuit contains 11 nets.

Circuit was modified by parallel/series device merging.
New circuit summary:

Contents of circuit 1:  Circuit: 'sky130_fd_sc_hd__and3_4'
Circuit sky130_fd_sc_hd__and3_4 contains 8 device instances.
  Class: sky130_fd_pr__nfet_01v8 instances:   4
  Class: sky130_fd_pr__pfet_01v8_hvt instances:   4
Circuit contains 11 nets.
Contents of circuit 2:  Circuit: 'sky130_fd_sc_hd__and3_4'
Circuit sky130_fd_sc_hd__and3_4 contains 8 device instances.
  Class: sky130_fd_pr__nfet_01v8 instances:   4
  Class: sky130_fd_pr__pfet_01v8_hvt instances:   4
Circuit contains 11 nets.

Circuit 1 contains 8 devices, Circuit 2 contains 8 devices.
Circuit 1 contains 11 nets,    Circuit 2 contains 11 nets.


Contents of circuit 1:  Circuit: 'sky130_fd_sc_hd__nor2_1'
Circuit sky130_fd_sc_hd__nor2_1 contains 4 device instances.
  Class: sky130_fd_pr__nfet_01v8 instances:   2
  Class: sky130_fd_pr__pfet_01v8_hvt instances:   2
Circuit contains 8 nets.
Contents of circuit 2:  Circuit: 'sky130_fd_sc_hd__nor2_1'
Circuit sky130_fd_sc_hd__nor2_1 contains 4 device instances.
  Class: sky130_fd_pr__nfet_01v8 instances:   2
  Class: sky130_fd_pr__pfet_01v8_hvt instances:   2
Circuit contains 8 nets.

Circuit 1 contains 4 devices, Circuit 2 contains 4 devices.
Circuit 1 contains 8 nets,    Circuit 2 contains 8 nets.


Contents of circuit 1:  Circuit: 'sky130_fd_sc_hd__nand2b_1'
Circuit sky130_fd_sc_hd__nand2b_1 contains 6 device instances.
  Class: sky130_fd_pr__nfet_01v8 instances:   3
  Class: sky130_fd_pr__pfet_01v8_hvt instances:   3
Circuit contains 9 nets.
Contents of circuit 2:  Circuit: 'sky130_fd_sc_hd__nand2b_1'
Circuit sky130_fd_sc_hd__nand2b_1 contains 6 device instances.
  Class: sky130_fd_pr__nfet_01v8 instances:   3
  Class: sky130_fd_pr__pfet_01v8_hvt instances:   3
Circuit contains 9 nets.

Circuit 1 contains 6 devices, Circuit 2 contains 6 devices.
Circuit 1 contains 9 nets,    Circuit 2 contains 9 nets.


Contents of circuit 1:  Circuit: 'sky130_fd_sc_hd__xnor2_2'
Circuit sky130_fd_sc_hd__xnor2_2 contains 20 device instances.
  Class: sky130_fd_pr__nfet_01v8 instances:  10
  Class: sky130_fd_pr__pfet_01v8_hvt instances:  10
Circuit contains 11 nets.
Contents of circuit 2:  Circuit: 'sky130_fd_sc_hd__xnor2_2'
Circuit sky130_fd_sc_hd__xnor2_2 contains 20 device instances.
  Class: sky130_fd_pr__nfet_01v8 instances:  10
  Class: sky130_fd_pr__pfet_01v8_hvt instances:  10
Circuit contains 11 nets.

Circuit was modified by parallel/series device merging.
New circuit summary:

Contents of circuit 1:  Circuit: 'sky130_fd_sc_hd__xnor2_2'
Circuit sky130_fd_sc_hd__xnor2_2 contains 10 device instances.
  Class: sky130_fd_pr__nfet_01v8 instances:   5
  Class: sky130_fd_pr__pfet_01v8_hvt instances:   5
Circuit contains 11 nets.
Contents of circuit 2:  Circuit: 'sky130_fd_sc_hd__xnor2_2'
Circuit sky130_fd_sc_hd__xnor2_2 contains 10 device instances.
  Class: sky130_fd_pr__nfet_01v8 instances:   5
  Class: sky130_fd_pr__pfet_01v8_hvt instances:   5
Circuit contains 11 nets.

Circuit 1 contains 10 devices, Circuit 2 contains 10 devices.
Circuit 1 contains 11 nets,    Circuit 2 contains 11 nets.


Contents of circuit 1:  Circuit: 'sky130_fd_sc_hd__or3_1'
Circuit sky130_fd_sc_hd__or3_1 contains 8 device instances.
  Class: sky130_fd_pr__nfet_01v8 instances:   4
  Class: sky130_fd_pr__pfet_01v8_hvt instances:   4
Circuit contains 11 nets.
Contents of circuit 2:  Circuit: 'sky130_fd_sc_hd__or3_1'
Circuit sky130_fd_sc_hd__or3_1 contains 8 device instances.
  Class: sky130_fd_pr__nfet_01v8 instances:   4
  Class: sky130_fd_pr__pfet_01v8_hvt instances:   4
Circuit contains 11 nets.

Circuit 1 contains 8 devices, Circuit 2 contains 8 devices.
Circuit 1 contains 11 nets,    Circuit 2 contains 11 nets.


Contents of circuit 1:  Circuit: 'sky130_fd_sc_hd__bufinv_16'
Circuit sky130_fd_sc_hd__bufinv_16 contains 50 device instances.
  Class: sky130_fd_pr__nfet_01v8 instances:  25
  Class: sky130_fd_pr__pfet_01v8_hvt instances:  25
Circuit contains 8 nets.
Contents of circuit 2:  Circuit: 'sky130_fd_sc_hd__bufinv_16'
Circuit sky130_fd_sc_hd__bufinv_16 contains 50 device instances.
  Class: sky130_fd_pr__nfet_01v8 instances:  25
  Class: sky130_fd_pr__pfet_01v8_hvt instances:  25
Circuit contains 8 nets.

Circuit was modified by parallel/series device merging.
New circuit summary:

Contents of circuit 1:  Circuit: 'sky130_fd_sc_hd__bufinv_16'
Circuit sky130_fd_sc_hd__bufinv_16 contains 6 device instances.
  Class: sky130_fd_pr__nfet_01v8 instances:   3
  Class: sky130_fd_pr__pfet_01v8_hvt instances:   3
Circuit contains 8 nets.
Contents of circuit 2:  Circuit: 'sky130_fd_sc_hd__bufinv_16'
Circuit sky130_fd_sc_hd__bufinv_16 contains 6 device instances.
  Class: sky130_fd_pr__nfet_01v8 instances:   3
  Class: sky130_fd_pr__pfet_01v8_hvt instances:   3
Circuit contains 8 nets.

Circuit 1 contains 6 devices, Circuit 2 contains 6 devices.
Circuit 1 contains 8 nets,    Circuit 2 contains 8 nets.


Contents of circuit 1:  Circuit: 'sky130_fd_sc_hd__and4bb_1'
Circuit sky130_fd_sc_hd__and4bb_1 contains 14 device instances.
  Class: sky130_fd_pr__nfet_01v8 instances:   7
  Class: sky130_fd_pr__pfet_01v8_hvt instances:   7
Circuit contains 15 nets.
Contents of circuit 2:  Circuit: 'sky130_fd_sc_hd__and4bb_1'
Circuit sky130_fd_sc_hd__and4bb_1 contains 14 device instances.
  Class: sky130_fd_pr__nfet_01v8 instances:   7
  Class: sky130_fd_pr__pfet_01v8_hvt instances:   7
Circuit contains 15 nets.

Circuit 1 contains 14 devices, Circuit 2 contains 14 devices.
Circuit 1 contains 15 nets,    Circuit 2 contains 15 nets.


Contents of circuit 1:  Circuit: 'sky130_fd_sc_hd__or2_1'
Circuit sky130_fd_sc_hd__or2_1 contains 6 device instances.
  Class: sky130_fd_pr__nfet_01v8 instances:   3
  Class: sky130_fd_pr__pfet_01v8_hvt instances:   3
Circuit contains 9 nets.
Contents of circuit 2:  Circuit: 'sky130_fd_sc_hd__or2_1'
Circuit sky130_fd_sc_hd__or2_1 contains 6 device instances.
  Class: sky130_fd_pr__nfet_01v8 instances:   3
  Class: sky130_fd_pr__pfet_01v8_hvt instances:   3
Circuit contains 9 nets.

Circuit 1 contains 6 devices, Circuit 2 contains 6 devices.
Circuit 1 contains 9 nets,    Circuit 2 contains 9 nets.


Contents of circuit 1:  Circuit: 'sky130_fd_sc_hd__a2111oi_1'
Circuit sky130_fd_sc_hd__a2111oi_1 contains 10 device instances.
  Class: sky130_fd_pr__nfet_01v8 instances:   5
  Class: sky130_fd_pr__pfet_01v8_hvt instances:   5
Circuit contains 14 nets.
Contents of circuit 2:  Circuit: 'sky130_fd_sc_hd__a2111oi_1'
Circuit sky130_fd_sc_hd__a2111oi_1 contains 10 device instances.
  Class: sky130_fd_pr__nfet_01v8 instances:   5
  Class: sky130_fd_pr__pfet_01v8_hvt instances:   5
Circuit contains 14 nets.

Circuit 1 contains 10 devices, Circuit 2 contains 10 devices.
Circuit 1 contains 14 nets,    Circuit 2 contains 14 nets.


Contents of circuit 1:  Circuit: 'sky130_fd_sc_hd__nor4b_4'
Circuit sky130_fd_sc_hd__nor4b_4 contains 34 device instances.
  Class: sky130_fd_pr__nfet_01v8 instances:  17
  Class: sky130_fd_pr__pfet_01v8_hvt instances:  17
Circuit contains 13 nets.
Contents of circuit 2:  Circuit: 'sky130_fd_sc_hd__nor4b_4'
Circuit sky130_fd_sc_hd__nor4b_4 contains 34 device instances.
  Class: sky130_fd_pr__nfet_01v8 instances:  17
  Class: sky130_fd_pr__pfet_01v8_hvt instances:  17
Circuit contains 13 nets.

Circuit was modified by parallel/series device merging.
New circuit summary:

Contents of circuit 1:  Circuit: 'sky130_fd_sc_hd__nor4b_4'
Circuit sky130_fd_sc_hd__nor4b_4 contains 10 device instances.
  Class: sky130_fd_pr__nfet_01v8 instances:   5
  Class: sky130_fd_pr__pfet_01v8_hvt instances:   5
Circuit contains 13 nets.
Contents of circuit 2:  Circuit: 'sky130_fd_sc_hd__nor4b_4'
Circuit sky130_fd_sc_hd__nor4b_4 contains 10 device instances.
  Class: sky130_fd_pr__nfet_01v8 instances:   5
  Class: sky130_fd_pr__pfet_01v8_hvt instances:   5
Circuit contains 13 nets.

Circuit 1 contains 10 devices, Circuit 2 contains 10 devices.
Circuit 1 contains 13 nets,    Circuit 2 contains 13 nets.


Contents of circuit 1:  Circuit: 'sky130_fd_sc_hd__and4bb_4'
Circuit sky130_fd_sc_hd__and4bb_4 contains 20 device instances.
  Class: sky130_fd_pr__nfet_01v8 instances:  10
  Class: sky130_fd_pr__pfet_01v8_hvt instances:  10
Circuit contains 15 nets.
Contents of circuit 2:  Circuit: 'sky130_fd_sc_hd__and4bb_4'
Circuit sky130_fd_sc_hd__and4bb_4 contains 20 device instances.
  Class: sky130_fd_pr__nfet_01v8 instances:  10
  Class: sky130_fd_pr__pfet_01v8_hvt instances:  10
Circuit contains 15 nets.

Circuit was modified by parallel/series device merging.
New circuit summary:

Contents of circuit 1:  Circuit: 'sky130_fd_sc_hd__and4bb_4'
Circuit sky130_fd_sc_hd__and4bb_4 contains 14 device instances.
  Class: sky130_fd_pr__nfet_01v8 instances:   7
  Class: sky130_fd_pr__pfet_01v8_hvt instances:   7
Circuit contains 15 nets.
Contents of circuit 2:  Circuit: 'sky130_fd_sc_hd__and4bb_4'
Circuit sky130_fd_sc_hd__and4bb_4 contains 14 device instances.
  Class: sky130_fd_pr__nfet_01v8 instances:   7
  Class: sky130_fd_pr__pfet_01v8_hvt instances:   7
Circuit contains 15 nets.

Circuit 1 contains 14 devices, Circuit 2 contains 14 devices.
Circuit 1 contains 15 nets,    Circuit 2 contains 15 nets.


Contents of circuit 1:  Circuit: 'sky130_fd_sc_hd__or4b_4'
Circuit sky130_fd_sc_hd__or4b_4 contains 18 device instances.
  Class: sky130_fd_pr__nfet_01v8 instances:   9
  Class: sky130_fd_pr__pfet_01v8_hvt instances:   9
Circuit contains 14 nets.
Contents of circuit 2:  Circuit: 'sky130_fd_sc_hd__or4b_4'
Circuit sky130_fd_sc_hd__or4b_4 contains 18 device instances.
  Class: sky130_fd_pr__nfet_01v8 instances:   9
  Class: sky130_fd_pr__pfet_01v8_hvt instances:   9
Circuit contains 14 nets.

Circuit was modified by parallel/series device merging.
New circuit summary:

Contents of circuit 1:  Circuit: 'sky130_fd_sc_hd__or4b_4'
Circuit sky130_fd_sc_hd__or4b_4 contains 12 device instances.
  Class: sky130_fd_pr__nfet_01v8 instances:   6
  Class: sky130_fd_pr__pfet_01v8_hvt instances:   6
Circuit contains 14 nets.
Contents of circuit 2:  Circuit: 'sky130_fd_sc_hd__or4b_4'
Circuit sky130_fd_sc_hd__or4b_4 contains 12 device instances.
  Class: sky130_fd_pr__nfet_01v8 instances:   6
  Class: sky130_fd_pr__pfet_01v8_hvt instances:   6
Circuit contains 14 nets.

Circuit 1 contains 12 devices, Circuit 2 contains 12 devices.
Circuit 1 contains 14 nets,    Circuit 2 contains 14 nets.


Contents of circuit 1:  Circuit: 'sky130_fd_sc_hd__nor3_1'
Circuit sky130_fd_sc_hd__nor3_1 contains 6 device instances.
  Class: sky130_fd_pr__nfet_01v8 instances:   3
  Class: sky130_fd_pr__pfet_01v8_hvt instances:   3
Circuit contains 10 nets.
Contents of circuit 2:  Circuit: 'sky130_fd_sc_hd__nor3_1'
Circuit sky130_fd_sc_hd__nor3_1 contains 6 device instances.
  Class: sky130_fd_pr__nfet_01v8 instances:   3
  Class: sky130_fd_pr__pfet_01v8_hvt instances:   3
Circuit contains 10 nets.

Circuit 1 contains 6 devices, Circuit 2 contains 6 devices.
Circuit 1 contains 10 nets,    Circuit 2 contains 10 nets.


Contents of circuit 1:  Circuit: 'sky130_fd_sc_hd__nand3b_1'
Circuit sky130_fd_sc_hd__nand3b_1 contains 8 device instances.
  Class: sky130_fd_pr__nfet_01v8 instances:   4
  Class: sky130_fd_pr__pfet_01v8_hvt instances:   4
Circuit contains 11 nets.
Contents of circuit 2:  Circuit: 'sky130_fd_sc_hd__nand3b_1'
Circuit sky130_fd_sc_hd__nand3b_1 contains 8 device instances.
  Class: sky130_fd_pr__nfet_01v8 instances:   4
  Class: sky130_fd_pr__pfet_01v8_hvt instances:   4
Circuit contains 11 nets.

Circuit 1 contains 8 devices, Circuit 2 contains 8 devices.
Circuit 1 contains 11 nets,    Circuit 2 contains 11 nets.


Contents of circuit 1:  Circuit: 'sky130_fd_sc_hd__dlymetal6s2s_1'
Circuit sky130_fd_sc_hd__dlymetal6s2s_1 contains 12 device instances.
  Class: sky130_fd_pr__nfet_01v8 instances:   6
  Class: sky130_fd_pr__pfet_01v8_hvt instances:   6
Circuit contains 11 nets.
Contents of circuit 2:  Circuit: 'sky130_fd_sc_hd__dlymetal6s2s_1'
Circuit sky130_fd_sc_hd__dlymetal6s2s_1 contains 12 device instances.
  Class: sky130_fd_pr__nfet_01v8 instances:   6
  Class: sky130_fd_pr__pfet_01v8_hvt instances:   6
Circuit contains 11 nets.

Circuit 1 contains 12 devices, Circuit 2 contains 12 devices.
Circuit 1 contains 11 nets,    Circuit 2 contains 11 nets.


Contents of circuit 1:  Circuit: 'sky130_fd_sc_hd__buf_1'
Circuit sky130_fd_sc_hd__buf_1 contains 4 device instances.
  Class: sky130_fd_pr__nfet_01v8 instances:   2
  Class: sky130_fd_pr__pfet_01v8_hvt instances:   2
Circuit contains 7 nets.
Contents of circuit 2:  Circuit: 'sky130_fd_sc_hd__buf_1'
Circuit sky130_fd_sc_hd__buf_1 contains 4 device instances.
  Class: sky130_fd_pr__nfet_01v8 instances:   2
  Class: sky130_fd_pr__pfet_01v8_hvt instances:   2
Circuit contains 7 nets.

Circuit 1 contains 4 devices, Circuit 2 contains 4 devices.
Circuit 1 contains 7 nets,    Circuit 2 contains 7 nets.


Contents of circuit 1:  Circuit: 'sky130_fd_sc_hd__clkinv_8'
Circuit sky130_fd_sc_hd__clkinv_8 contains 20 device instances.
  Class: sky130_fd_pr__nfet_01v8 instances:   8
  Class: sky130_fd_pr__pfet_01v8_hvt instances:  12
Circuit contains 6 nets.
Contents of circuit 2:  Circuit: 'sky130_fd_sc_hd__clkinv_8'
Circuit sky130_fd_sc_hd__clkinv_8 contains 20 device instances.
  Class: sky130_fd_pr__nfet_01v8 instances:   8
  Class: sky130_fd_pr__pfet_01v8_hvt instances:  12
Circuit contains 6 nets.

Circuit was modified by parallel/series device merging.
New circuit summary:

Contents of circuit 1:  Circuit: 'sky130_fd_sc_hd__clkinv_8'
Circuit sky130_fd_sc_hd__clkinv_8 contains 2 device instances.
  Class: sky130_fd_pr__nfet_01v8 instances:   1
  Class: sky130_fd_pr__pfet_01v8_hvt instances:   1
Circuit contains 6 nets.
Contents of circuit 2:  Circuit: 'sky130_fd_sc_hd__clkinv_8'
Circuit sky130_fd_sc_hd__clkinv_8 contains 2 device instances.
  Class: sky130_fd_pr__nfet_01v8 instances:   1
  Class: sky130_fd_pr__pfet_01v8_hvt instances:   1
Circuit contains 6 nets.

Circuit 1 contains 2 devices, Circuit 2 contains 2 devices.
Circuit 1 contains 6 nets,    Circuit 2 contains 6 nets.


Contents of circuit 1:  Circuit: 'sky130_fd_sc_hd__clkbuf_16'
Circuit sky130_fd_sc_hd__clkbuf_16 contains 40 device instances.
  Class: sky130_fd_pr__nfet_01v8 instances:  20
  Class: sky130_fd_pr__pfet_01v8_hvt instances:  20
Circuit contains 7 nets.
Contents of circuit 2:  Circuit: 'sky130_fd_sc_hd__clkbuf_16'
Circuit sky130_fd_sc_hd__clkbuf_16 contains 40 device instances.
  Class: sky130_fd_pr__nfet_01v8 instances:  20
  Class: sky130_fd_pr__pfet_01v8_hvt instances:  20
Circuit contains 7 nets.

Circuit was modified by parallel/series device merging.
New circuit summary:

Contents of circuit 1:  Circuit: 'sky130_fd_sc_hd__clkbuf_16'
Circuit sky130_fd_sc_hd__clkbuf_16 contains 4 device instances.
  Class: sky130_fd_pr__nfet_01v8 instances:   2
  Class: sky130_fd_pr__pfet_01v8_hvt instances:   2
Circuit contains 7 nets.
Contents of circuit 2:  Circuit: 'sky130_fd_sc_hd__clkbuf_16'
Circuit sky130_fd_sc_hd__clkbuf_16 contains 4 device instances.
  Class: sky130_fd_pr__nfet_01v8 instances:   2
  Class: sky130_fd_pr__pfet_01v8_hvt instances:   2
Circuit contains 7 nets.

Circuit 1 contains 4 devices, Circuit 2 contains 4 devices.
Circuit 1 contains 7 nets,    Circuit 2 contains 7 nets.


Contents of circuit 1:  Circuit: 'sky130_fd_sc_hd__a21o_4'
Circuit sky130_fd_sc_hd__a21o_4 contains 20 device instances.
  Class: sky130_fd_pr__nfet_01v8 instances:  10
  Class: sky130_fd_pr__pfet_01v8_hvt instances:  10
Circuit contains 12 nets.
Contents of circuit 2:  Circuit: 'sky130_fd_sc_hd__a21o_4'
Circuit sky130_fd_sc_hd__a21o_4 contains 20 device instances.
  Class: sky130_fd_pr__nfet_01v8 instances:  10
  Class: sky130_fd_pr__pfet_01v8_hvt instances:  10
Circuit contains 12 nets.

Circuit was modified by parallel/series device merging.
New circuit summary:

Contents of circuit 1:  Circuit: 'sky130_fd_sc_hd__a21o_4'
Circuit sky130_fd_sc_hd__a21o_4 contains 10 device instances.
  Class: sky130_fd_pr__nfet_01v8 instances:   6
  Class: sky130_fd_pr__pfet_01v8_hvt instances:   4
Circuit contains 12 nets.
Contents of circuit 2:  Circuit: 'sky130_fd_sc_hd__a21o_4'
Circuit sky130_fd_sc_hd__a21o_4 contains 10 device instances.
  Class: sky130_fd_pr__nfet_01v8 instances:   6
  Class: sky130_fd_pr__pfet_01v8_hvt instances:   4
Circuit contains 12 nets.

Circuit 1 contains 10 devices, Circuit 2 contains 10 devices.
Circuit 1 contains 12 nets,    Circuit 2 contains 12 nets.


Contents of circuit 1:  Circuit: 'sky130_fd_sc_hd__and3b_4'
Circuit sky130_fd_sc_hd__and3b_4 contains 16 device instances.
  Class: sky130_fd_pr__nfet_01v8 instances:   8
  Class: sky130_fd_pr__pfet_01v8_hvt instances:   8
Circuit contains 12 nets.
Contents of circuit 2:  Circuit: 'sky130_fd_sc_hd__and3b_4'
Circuit sky130_fd_sc_hd__and3b_4 contains 16 device instances.
  Class: sky130_fd_pr__nfet_01v8 instances:   8
  Class: sky130_fd_pr__pfet_01v8_hvt instances:   8
Circuit contains 12 nets.

Circuit was modified by parallel/series device merging.
New circuit summary:

Contents of circuit 1:  Circuit: 'sky130_fd_sc_hd__and3b_4'
Circuit sky130_fd_sc_hd__and3b_4 contains 10 device instances.
  Class: sky130_fd_pr__nfet_01v8 instances:   5
  Class: sky130_fd_pr__pfet_01v8_hvt instances:   5
Circuit contains 12 nets.
Contents of circuit 2:  Circuit: 'sky130_fd_sc_hd__and3b_4'
Circuit sky130_fd_sc_hd__and3b_4 contains 10 device instances.
  Class: sky130_fd_pr__nfet_01v8 instances:   5
  Class: sky130_fd_pr__pfet_01v8_hvt instances:   5
Circuit contains 12 nets.

Circuit 1 contains 10 devices, Circuit 2 contains 10 devices.
Circuit 1 contains 12 nets,    Circuit 2 contains 12 nets.


Contents of circuit 1:  Circuit: 'sky130_fd_sc_hd__a21o_2'
Circuit sky130_fd_sc_hd__a21o_2 contains 10 device instances.
  Class: sky130_fd_pr__nfet_01v8 instances:   5
  Class: sky130_fd_pr__pfet_01v8_hvt instances:   5
Circuit contains 11 nets.
Contents of circuit 2:  Circuit: 'sky130_fd_sc_hd__a21o_2'
Circuit sky130_fd_sc_hd__a21o_2 contains 10 device instances.
  Class: sky130_fd_pr__nfet_01v8 instances:   5
  Class: sky130_fd_pr__pfet_01v8_hvt instances:   5
Circuit contains 11 nets.

Circuit was modified by parallel/series device merging.
New circuit summary:

Contents of circuit 1:  Circuit: 'sky130_fd_sc_hd__a21o_2'
Circuit sky130_fd_sc_hd__a21o_2 contains 8 device instances.
  Class: sky130_fd_pr__nfet_01v8 instances:   4
  Class: sky130_fd_pr__pfet_01v8_hvt instances:   4
Circuit contains 11 nets.
Contents of circuit 2:  Circuit: 'sky130_fd_sc_hd__a21o_2'
Circuit sky130_fd_sc_hd__a21o_2 contains 8 device instances.
  Class: sky130_fd_pr__nfet_01v8 instances:   4
  Class: sky130_fd_pr__pfet_01v8_hvt instances:   4
Circuit contains 11 nets.

Circuit 1 contains 8 devices, Circuit 2 contains 8 devices.
Circuit 1 contains 11 nets,    Circuit 2 contains 11 nets.


Contents of circuit 1:  Circuit: 'sky130_fd_sc_hd__a31o_1'
Circuit sky130_fd_sc_hd__a31o_1 contains 10 device instances.
  Class: sky130_fd_pr__nfet_01v8 instances:   5
  Class: sky130_fd_pr__pfet_01v8_hvt instances:   5
Circuit contains 13 nets.
Contents of circuit 2:  Circuit: 'sky130_fd_sc_hd__a31o_1'
Circuit sky130_fd_sc_hd__a31o_1 contains 10 device instances.
  Class: sky130_fd_pr__nfet_01v8 instances:   5
  Class: sky130_fd_pr__pfet_01v8_hvt instances:   5
Circuit contains 13 nets.

Circuit 1 contains 10 devices, Circuit 2 contains 10 devices.
Circuit 1 contains 13 nets,    Circuit 2 contains 13 nets.


Contents of circuit 1:  Circuit: 'sky130_fd_sc_hd__o21ai_1'
Circuit sky130_fd_sc_hd__o21ai_1 contains 6 device instances.
  Class: sky130_fd_pr__nfet_01v8 instances:   3
  Class: sky130_fd_pr__pfet_01v8_hvt instances:   3
Circuit contains 10 nets.
Contents of circuit 2:  Circuit: 'sky130_fd_sc_hd__o21ai_1'
Circuit sky130_fd_sc_hd__o21ai_1 contains 6 device instances.
  Class: sky130_fd_pr__nfet_01v8 instances:   3
  Class: sky130_fd_pr__pfet_01v8_hvt instances:   3
Circuit contains 10 nets.

Circuit 1 contains 6 devices, Circuit 2 contains 6 devices.
Circuit 1 contains 10 nets,    Circuit 2 contains 10 nets.


Contents of circuit 1:  Circuit: 'sky130_fd_sc_hd__a21boi_1'
Circuit sky130_fd_sc_hd__a21boi_1 contains 8 device instances.
  Class: sky130_fd_pr__nfet_01v8 instances:   4
  Class: sky130_fd_pr__pfet_01v8_hvt instances:   4
Circuit contains 11 nets.
Contents of circuit 2:  Circuit: 'sky130_fd_sc_hd__a21boi_1'
Circuit sky130_fd_sc_hd__a21boi_1 contains 8 device instances.
  Class: sky130_fd_pr__nfet_01v8 instances:   4
  Class: sky130_fd_pr__pfet_01v8_hvt instances:   4
Circuit contains 11 nets.

Circuit 1 contains 8 devices, Circuit 2 contains 8 devices.
Circuit 1 contains 11 nets,    Circuit 2 contains 11 nets.


Contents of circuit 1:  Circuit: 'sky130_fd_sc_hd__inv_8'
Circuit sky130_fd_sc_hd__inv_8 contains 16 device instances.
  Class: sky130_fd_pr__nfet_01v8 instances:   8
  Class: sky130_fd_pr__pfet_01v8_hvt instances:   8
Circuit contains 6 nets.
Contents of circuit 2:  Circuit: 'sky130_fd_sc_hd__inv_8'
Circuit sky130_fd_sc_hd__inv_8 contains 16 device instances.
  Class: sky130_fd_pr__nfet_01v8 instances:   8
  Class: sky130_fd_pr__pfet_01v8_hvt instances:   8
Circuit contains 6 nets.

Circuit was modified by parallel/series device merging.
New circuit summary:

Contents of circuit 1:  Circuit: 'sky130_fd_sc_hd__inv_8'
Circuit sky130_fd_sc_hd__inv_8 contains 2 device instances.
  Class: sky130_fd_pr__nfet_01v8 instances:   1
  Class: sky130_fd_pr__pfet_01v8_hvt instances:   1
Circuit contains 6 nets.
Contents of circuit 2:  Circuit: 'sky130_fd_sc_hd__inv_8'
Circuit sky130_fd_sc_hd__inv_8 contains 2 device instances.
  Class: sky130_fd_pr__nfet_01v8 instances:   1
  Class: sky130_fd_pr__pfet_01v8_hvt instances:   1
Circuit contains 6 nets.

Circuit 1 contains 2 devices, Circuit 2 contains 2 devices.
Circuit 1 contains 6 nets,    Circuit 2 contains 6 nets.


Contents of circuit 1:  Circuit: 'sky130_fd_sc_hd__nor2_2'
Circuit sky130_fd_sc_hd__nor2_2 contains 8 device instances.
  Class: sky130_fd_pr__nfet_01v8 instances:   4
  Class: sky130_fd_pr__pfet_01v8_hvt instances:   4
Circuit contains 8 nets.
Contents of circuit 2:  Circuit: 'sky130_fd_sc_hd__nor2_2'
Circuit sky130_fd_sc_hd__nor2_2 contains 8 device instances.
  Class: sky130_fd_pr__nfet_01v8 instances:   4
  Class: sky130_fd_pr__pfet_01v8_hvt instances:   4
Circuit contains 8 nets.

Circuit was modified by parallel/series device merging.
New circuit summary:

Contents of circuit 1:  Circuit: 'sky130_fd_sc_hd__nor2_2'
Circuit sky130_fd_sc_hd__nor2_2 contains 4 device instances.
  Class: sky130_fd_pr__nfet_01v8 instances:   2
  Class: sky130_fd_pr__pfet_01v8_hvt instances:   2
Circuit contains 8 nets.
Contents of circuit 2:  Circuit: 'sky130_fd_sc_hd__nor2_2'
Circuit sky130_fd_sc_hd__nor2_2 contains 4 device instances.
  Class: sky130_fd_pr__nfet_01v8 instances:   2
  Class: sky130_fd_pr__pfet_01v8_hvt instances:   2
Circuit contains 8 nets.

Circuit 1 contains 4 devices, Circuit 2 contains 4 devices.
Circuit 1 contains 8 nets,    Circuit 2 contains 8 nets.


Contents of circuit 1:  Circuit: 'sky130_fd_sc_hd__a21o_1'
Circuit sky130_fd_sc_hd__a21o_1 contains 8 device instances.
  Class: sky130_fd_pr__nfet_01v8 instances:   4
  Class: sky130_fd_pr__pfet_01v8_hvt instances:   4
Circuit contains 11 nets.
Contents of circuit 2:  Circuit: 'sky130_fd_sc_hd__a21o_1'
Circuit sky130_fd_sc_hd__a21o_1 contains 8 device instances.
  Class: sky130_fd_pr__nfet_01v8 instances:   4
  Class: sky130_fd_pr__pfet_01v8_hvt instances:   4
Circuit contains 11 nets.

Circuit 1 contains 8 devices, Circuit 2 contains 8 devices.
Circuit 1 contains 11 nets,    Circuit 2 contains 11 nets.


Contents of circuit 1:  Circuit: 'sky130_fd_sc_hd__xor2_1'
Circuit sky130_fd_sc_hd__xor2_1 contains 10 device instances.
  Class: sky130_fd_pr__nfet_01v8 instances:   5
  Class: sky130_fd_pr__pfet_01v8_hvt instances:   5
Circuit contains 11 nets.
Contents of circuit 2:  Circuit: 'sky130_fd_sc_hd__xor2_1'
Circuit sky130_fd_sc_hd__xor2_1 contains 10 device instances.
  Class: sky130_fd_pr__nfet_01v8 instances:   5
  Class: sky130_fd_pr__pfet_01v8_hvt instances:   5
Circuit contains 11 nets.

Circuit 1 contains 10 devices, Circuit 2 contains 10 devices.
Circuit 1 contains 11 nets,    Circuit 2 contains 11 nets.


Contents of circuit 1:  Circuit: 'sky130_fd_sc_hd__and2b_1'
Circuit sky130_fd_sc_hd__and2b_1 contains 8 device instances.
  Class: sky130_fd_pr__nfet_01v8 instances:   4
  Class: sky130_fd_pr__pfet_01v8_hvt instances:   4
Circuit contains 10 nets.
Contents of circuit 2:  Circuit: 'sky130_fd_sc_hd__and2b_1'
Circuit sky130_fd_sc_hd__and2b_1 contains 8 device instances.
  Class: sky130_fd_pr__nfet_01v8 instances:   4
  Class: sky130_fd_pr__pfet_01v8_hvt instances:   4
Circuit contains 10 nets.

Circuit 1 contains 8 devices, Circuit 2 contains 8 devices.
Circuit 1 contains 10 nets,    Circuit 2 contains 10 nets.


Contents of circuit 1:  Circuit: 'sky130_fd_sc_hd__or3_2'
Circuit sky130_fd_sc_hd__or3_2 contains 10 device instances.
  Class: sky130_fd_pr__nfet_01v8 instances:   5
  Class: sky130_fd_pr__pfet_01v8_hvt instances:   5
Circuit contains 11 nets.
Contents of circuit 2:  Circuit: 'sky130_fd_sc_hd__or3_2'
Circuit sky130_fd_sc_hd__or3_2 contains 10 device instances.
  Class: sky130_fd_pr__nfet_01v8 instances:   5
  Class: sky130_fd_pr__pfet_01v8_hvt instances:   5
Circuit contains 11 nets.

Circuit was modified by parallel/series device merging.
New circuit summary:

Contents of circuit 1:  Circuit: 'sky130_fd_sc_hd__or3_2'
Circuit sky130_fd_sc_hd__or3_2 contains 8 device instances.
  Class: sky130_fd_pr__nfet_01v8 instances:   4
  Class: sky130_fd_pr__pfet_01v8_hvt instances:   4
Circuit contains 11 nets.
Contents of circuit 2:  Circuit: 'sky130_fd_sc_hd__or3_2'
Circuit sky130_fd_sc_hd__or3_2 contains 8 device instances.
  Class: sky130_fd_pr__nfet_01v8 instances:   4
  Class: sky130_fd_pr__pfet_01v8_hvt instances:   4
Circuit contains 11 nets.

Circuit 1 contains 8 devices, Circuit 2 contains 8 devices.
Circuit 1 contains 11 nets,    Circuit 2 contains 11 nets.


Contents of circuit 1:  Circuit: 'sky130_fd_sc_hd__inv_6'
Circuit sky130_fd_sc_hd__inv_6 contains 12 device instances.
  Class: sky130_fd_pr__nfet_01v8 instances:   6
  Class: sky130_fd_pr__pfet_01v8_hvt instances:   6
Circuit contains 6 nets.
Contents of circuit 2:  Circuit: 'sky130_fd_sc_hd__inv_6'
Circuit sky130_fd_sc_hd__inv_6 contains 12 device instances.
  Class: sky130_fd_pr__nfet_01v8 instances:   6
  Class: sky130_fd_pr__pfet_01v8_hvt instances:   6
Circuit contains 6 nets.

Circuit was modified by parallel/series device merging.
New circuit summary:

Contents of circuit 1:  Circuit: 'sky130_fd_sc_hd__inv_6'
Circuit sky130_fd_sc_hd__inv_6 contains 2 device instances.
  Class: sky130_fd_pr__nfet_01v8 instances:   1
  Class: sky130_fd_pr__pfet_01v8_hvt instances:   1
Circuit contains 6 nets.
Contents of circuit 2:  Circuit: 'sky130_fd_sc_hd__inv_6'
Circuit sky130_fd_sc_hd__inv_6 contains 2 device instances.
  Class: sky130_fd_pr__nfet_01v8 instances:   1
  Class: sky130_fd_pr__pfet_01v8_hvt instances:   1
Circuit contains 6 nets.

Circuit 1 contains 2 devices, Circuit 2 contains 2 devices.
Circuit 1 contains 6 nets,    Circuit 2 contains 6 nets.


Contents of circuit 1:  Circuit: 'sky130_fd_sc_hd__o2bb2a_1'
Circuit sky130_fd_sc_hd__o2bb2a_1 contains 12 device instances.
  Class: sky130_fd_pr__nfet_01v8 instances:   6
  Class: sky130_fd_pr__pfet_01v8_hvt instances:   6
Circuit contains 14 nets.
Contents of circuit 2:  Circuit: 'sky130_fd_sc_hd__o2bb2a_1'
Circuit sky130_fd_sc_hd__o2bb2a_1 contains 12 device instances.
  Class: sky130_fd_pr__nfet_01v8 instances:   6
  Class: sky130_fd_pr__pfet_01v8_hvt instances:   6
Circuit contains 14 nets.

Circuit 1 contains 12 devices, Circuit 2 contains 12 devices.
Circuit 1 contains 14 nets,    Circuit 2 contains 14 nets.


Contents of circuit 1:  Circuit: 'sky130_fd_sc_hd__inv_4'
Circuit sky130_fd_sc_hd__inv_4 contains 8 device instances.
  Class: sky130_fd_pr__nfet_01v8 instances:   4
  Class: sky130_fd_pr__pfet_01v8_hvt instances:   4
Circuit contains 6 nets.
Contents of circuit 2:  Circuit: 'sky130_fd_sc_hd__inv_4'
Circuit sky130_fd_sc_hd__inv_4 contains 8 device instances.
  Class: sky130_fd_pr__nfet_01v8 instances:   4
  Class: sky130_fd_pr__pfet_01v8_hvt instances:   4
Circuit contains 6 nets.

Circuit was modified by parallel/series device merging.
New circuit summary:

Contents of circuit 1:  Circuit: 'sky130_fd_sc_hd__inv_4'
Circuit sky130_fd_sc_hd__inv_4 contains 2 device instances.
  Class: sky130_fd_pr__nfet_01v8 instances:   1
  Class: sky130_fd_pr__pfet_01v8_hvt instances:   1
Circuit contains 6 nets.
Contents of circuit 2:  Circuit: 'sky130_fd_sc_hd__inv_4'
Circuit sky130_fd_sc_hd__inv_4 contains 2 device instances.
  Class: sky130_fd_pr__nfet_01v8 instances:   1
  Class: sky130_fd_pr__pfet_01v8_hvt instances:   1
Circuit contains 6 nets.

Circuit 1 contains 2 devices, Circuit 2 contains 2 devices.
Circuit 1 contains 6 nets,    Circuit 2 contains 6 nets.


Contents of circuit 1:  Circuit: 'sky130_fd_sc_hd__nand3_1'
Circuit sky130_fd_sc_hd__nand3_1 contains 6 device instances.
  Class: sky130_fd_pr__nfet_01v8 instances:   3
  Class: sky130_fd_pr__pfet_01v8_hvt instances:   3
Circuit contains 10 nets.
Contents of circuit 2:  Circuit: 'sky130_fd_sc_hd__nand3_1'
Circuit sky130_fd_sc_hd__nand3_1 contains 6 device instances.
  Class: sky130_fd_pr__nfet_01v8 instances:   3
  Class: sky130_fd_pr__pfet_01v8_hvt instances:   3
Circuit contains 10 nets.

Circuit 1 contains 6 devices, Circuit 2 contains 6 devices.
Circuit 1 contains 10 nets,    Circuit 2 contains 10 nets.


Contents of circuit 1:  Circuit: 'sky130_fd_sc_hd__o21a_1'
Circuit sky130_fd_sc_hd__o21a_1 contains 8 device instances.
  Class: sky130_fd_pr__nfet_01v8 instances:   4
  Class: sky130_fd_pr__pfet_01v8_hvt instances:   4
Circuit contains 11 nets.
Contents of circuit 2:  Circuit: 'sky130_fd_sc_hd__o21a_1'
Circuit sky130_fd_sc_hd__o21a_1 contains 8 device instances.
  Class: sky130_fd_pr__nfet_01v8 instances:   4
  Class: sky130_fd_pr__pfet_01v8_hvt instances:   4
Circuit contains 11 nets.

Circuit 1 contains 8 devices, Circuit 2 contains 8 devices.
Circuit 1 contains 11 nets,    Circuit 2 contains 11 nets.


Contents of circuit 1:  Circuit: 'sky130_fd_sc_hd__o22ai_4'
Circuit sky130_fd_sc_hd__o22ai_4 contains 32 device instances.
  Class: sky130_fd_pr__nfet_01v8 instances:  16
  Class: sky130_fd_pr__pfet_01v8_hvt instances:  16
Circuit contains 12 nets.
Contents of circuit 2:  Circuit: 'sky130_fd_sc_hd__o22ai_4'
Circuit sky130_fd_sc_hd__o22ai_4 contains 32 device instances.
  Class: sky130_fd_pr__nfet_01v8 instances:  16
  Class: sky130_fd_pr__pfet_01v8_hvt instances:  16
Circuit contains 12 nets.

Circuit was modified by parallel/series device merging.
New circuit summary:

Contents of circuit 1:  Circuit: 'sky130_fd_sc_hd__o22ai_4'
Circuit sky130_fd_sc_hd__o22ai_4 contains 8 device instances.
  Class: sky130_fd_pr__nfet_01v8 instances:   4
  Class: sky130_fd_pr__pfet_01v8_hvt instances:   4
Circuit contains 12 nets.
Contents of circuit 2:  Circuit: 'sky130_fd_sc_hd__o22ai_4'
Circuit sky130_fd_sc_hd__o22ai_4 contains 8 device instances.
  Class: sky130_fd_pr__nfet_01v8 instances:   4
  Class: sky130_fd_pr__pfet_01v8_hvt instances:   4
Circuit contains 12 nets.

Circuit 1 contains 8 devices, Circuit 2 contains 8 devices.
Circuit 1 contains 12 nets,    Circuit 2 contains 12 nets.


Contents of circuit 1:  Circuit: 'sky130_fd_sc_hd__clkinv_4'
Circuit sky130_fd_sc_hd__clkinv_4 contains 10 device instances.
  Class: sky130_fd_pr__nfet_01v8 instances:   4
  Class: sky130_fd_pr__pfet_01v8_hvt instances:   6
Circuit contains 6 nets.
Contents of circuit 2:  Circuit: 'sky130_fd_sc_hd__clkinv_4'
Circuit sky130_fd_sc_hd__clkinv_4 contains 10 device instances.
  Class: sky130_fd_pr__nfet_01v8 instances:   4
  Class: sky130_fd_pr__pfet_01v8_hvt instances:   6
Circuit contains 6 nets.

Circuit was modified by parallel/series device merging.
New circuit summary:

Contents of circuit 1:  Circuit: 'sky130_fd_sc_hd__clkinv_4'
Circuit sky130_fd_sc_hd__clkinv_4 contains 2 device instances.
  Class: sky130_fd_pr__nfet_01v8 instances:   1
  Class: sky130_fd_pr__pfet_01v8_hvt instances:   1
Circuit contains 6 nets.
Contents of circuit 2:  Circuit: 'sky130_fd_sc_hd__clkinv_4'
Circuit sky130_fd_sc_hd__clkinv_4 contains 2 device instances.
  Class: sky130_fd_pr__nfet_01v8 instances:   1
  Class: sky130_fd_pr__pfet_01v8_hvt instances:   1
Circuit contains 6 nets.

Circuit 1 contains 2 devices, Circuit 2 contains 2 devices.
Circuit 1 contains 6 nets,    Circuit 2 contains 6 nets.


Contents of circuit 1:  Circuit: 'sky130_fd_sc_hd__o21a_2'
Circuit sky130_fd_sc_hd__o21a_2 contains 10 device instances.
  Class: sky130_fd_pr__nfet_01v8 instances:   5
  Class: sky130_fd_pr__pfet_01v8_hvt instances:   5
Circuit contains 11 nets.
Contents of circuit 2:  Circuit: 'sky130_fd_sc_hd__o21a_2'
Circuit sky130_fd_sc_hd__o21a_2 contains 10 device instances.
  Class: sky130_fd_pr__nfet_01v8 instances:   5
  Class: sky130_fd_pr__pfet_01v8_hvt instances:   5
Circuit contains 11 nets.

Circuit was modified by parallel/series device merging.
New circuit summary:

Contents of circuit 1:  Circuit: 'sky130_fd_sc_hd__o21a_2'
Circuit sky130_fd_sc_hd__o21a_2 contains 8 device instances.
  Class: sky130_fd_pr__nfet_01v8 instances:   4
  Class: sky130_fd_pr__pfet_01v8_hvt instances:   4
Circuit contains 11 nets.
Contents of circuit 2:  Circuit: 'sky130_fd_sc_hd__o21a_2'
Circuit sky130_fd_sc_hd__o21a_2 contains 8 device instances.
  Class: sky130_fd_pr__nfet_01v8 instances:   4
  Class: sky130_fd_pr__pfet_01v8_hvt instances:   4
Circuit contains 11 nets.

Circuit 1 contains 8 devices, Circuit 2 contains 8 devices.
Circuit 1 contains 11 nets,    Circuit 2 contains 11 nets.


Contents of circuit 1:  Circuit: 'sky130_fd_sc_hd__nor2_4'
Circuit sky130_fd_sc_hd__nor2_4 contains 16 device instances.
  Class: sky130_fd_pr__nfet_01v8 instances:   8
  Class: sky130_fd_pr__pfet_01v8_hvt instances:   8
Circuit contains 8 nets.
Contents of circuit 2:  Circuit: 'sky130_fd_sc_hd__nor2_4'
Circuit sky130_fd_sc_hd__nor2_4 contains 16 device instances.
  Class: sky130_fd_pr__nfet_01v8 instances:   8
  Class: sky130_fd_pr__pfet_01v8_hvt instances:   8
Circuit contains 8 nets.

Circuit was modified by parallel/series device merging.
New circuit summary:

Contents of circuit 1:  Circuit: 'sky130_fd_sc_hd__nor2_4'
Circuit sky130_fd_sc_hd__nor2_4 contains 4 device instances.
  Class: sky130_fd_pr__nfet_01v8 instances:   2
  Class: sky130_fd_pr__pfet_01v8_hvt instances:   2
Circuit contains 8 nets.
Contents of circuit 2:  Circuit: 'sky130_fd_sc_hd__nor2_4'
Circuit sky130_fd_sc_hd__nor2_4 contains 4 device instances.
  Class: sky130_fd_pr__nfet_01v8 instances:   2
  Class: sky130_fd_pr__pfet_01v8_hvt instances:   2
Circuit contains 8 nets.

Circuit 1 contains 4 devices, Circuit 2 contains 4 devices.
Circuit 1 contains 8 nets,    Circuit 2 contains 8 nets.


Contents of circuit 1:  Circuit: 'sky130_fd_sc_hd__or3_4'
Circuit sky130_fd_sc_hd__or3_4 contains 14 device instances.
  Class: sky130_fd_pr__nfet_01v8 instances:   7
  Class: sky130_fd_pr__pfet_01v8_hvt instances:   7
Circuit contains 11 nets.
Contents of circuit 2:  Circuit: 'sky130_fd_sc_hd__or3_4'
Circuit sky130_fd_sc_hd__or3_4 contains 14 device instances.
  Class: sky130_fd_pr__nfet_01v8 instances:   7
  Class: sky130_fd_pr__pfet_01v8_hvt instances:   7
Circuit contains 11 nets.

Circuit was modified by parallel/series device merging.
New circuit summary:

Contents of circuit 1:  Circuit: 'sky130_fd_sc_hd__or3_4'
Circuit sky130_fd_sc_hd__or3_4 contains 8 device instances.
  Class: sky130_fd_pr__nfet_01v8 instances:   4
  Class: sky130_fd_pr__pfet_01v8_hvt instances:   4
Circuit contains 11 nets.
Contents of circuit 2:  Circuit: 'sky130_fd_sc_hd__or3_4'
Circuit sky130_fd_sc_hd__or3_4 contains 8 device instances.
  Class: sky130_fd_pr__nfet_01v8 instances:   4
  Class: sky130_fd_pr__pfet_01v8_hvt instances:   4
Circuit contains 11 nets.

Circuit 1 contains 8 devices, Circuit 2 contains 8 devices.
Circuit 1 contains 11 nets,    Circuit 2 contains 11 nets.


Contents of circuit 1:  Circuit: 'sky130_fd_sc_hd__nor4b_2'
Circuit sky130_fd_sc_hd__nor4b_2 contains 18 device instances.
  Class: sky130_fd_pr__nfet_01v8 instances:   9
  Class: sky130_fd_pr__pfet_01v8_hvt instances:   9
Circuit contains 13 nets.
Contents of circuit 2:  Circuit: 'sky130_fd_sc_hd__nor4b_2'
Circuit sky130_fd_sc_hd__nor4b_2 contains 18 device instances.
  Class: sky130_fd_pr__nfet_01v8 instances:   9
  Class: sky130_fd_pr__pfet_01v8_hvt instances:   9
Circuit contains 13 nets.

Circuit was modified by parallel/series device merging.
New circuit summary:

Contents of circuit 1:  Circuit: 'sky130_fd_sc_hd__nor4b_2'
Circuit sky130_fd_sc_hd__nor4b_2 contains 10 device instances.
  Class: sky130_fd_pr__nfet_01v8 instances:   5
  Class: sky130_fd_pr__pfet_01v8_hvt instances:   5
Circuit contains 13 nets.
Contents of circuit 2:  Circuit: 'sky130_fd_sc_hd__nor4b_2'
Circuit sky130_fd_sc_hd__nor4b_2 contains 10 device instances.
  Class: sky130_fd_pr__nfet_01v8 instances:   5
  Class: sky130_fd_pr__pfet_01v8_hvt instances:   5
Circuit contains 13 nets.

Circuit 1 contains 10 devices, Circuit 2 contains 10 devices.
Circuit 1 contains 13 nets,    Circuit 2 contains 13 nets.


Contents of circuit 1:  Circuit: 'sky130_fd_sc_hd__a21oi_4'
Circuit sky130_fd_sc_hd__a21oi_4 contains 24 device instances.
  Class: sky130_fd_pr__nfet_01v8 instances:  12
  Class: sky130_fd_pr__pfet_01v8_hvt instances:  12
Circuit contains 10 nets.
Contents of circuit 2:  Circuit: 'sky130_fd_sc_hd__a21oi_4'
Circuit sky130_fd_sc_hd__a21oi_4 contains 24 device instances.
  Class: sky130_fd_pr__nfet_01v8 instances:  12
  Class: sky130_fd_pr__pfet_01v8_hvt instances:  12
Circuit contains 10 nets.

Circuit was modified by parallel/series device merging.
New circuit summary:

Contents of circuit 1:  Circuit: 'sky130_fd_sc_hd__a21oi_4'
Circuit sky130_fd_sc_hd__a21oi_4 contains 6 device instances.
  Class: sky130_fd_pr__nfet_01v8 instances:   3
  Class: sky130_fd_pr__pfet_01v8_hvt instances:   3
Circuit contains 10 nets.
Contents of circuit 2:  Circuit: 'sky130_fd_sc_hd__a21oi_4'
Circuit sky130_fd_sc_hd__a21oi_4 contains 6 device instances.
  Class: sky130_fd_pr__nfet_01v8 instances:   3
  Class: sky130_fd_pr__pfet_01v8_hvt instances:   3
Circuit contains 10 nets.

Circuit 1 contains 6 devices, Circuit 2 contains 6 devices.
Circuit 1 contains 10 nets,    Circuit 2 contains 10 nets.


Contents of circuit 1:  Circuit: 'sky130_fd_sc_hd__o21ba_1'
Circuit sky130_fd_sc_hd__o21ba_1 contains 10 device instances.
  Class: sky130_fd_pr__nfet_01v8 instances:   5
  Class: sky130_fd_pr__pfet_01v8_hvt instances:   5
Circuit contains 12 nets.
Contents of circuit 2:  Circuit: 'sky130_fd_sc_hd__o21ba_1'
Circuit sky130_fd_sc_hd__o21ba_1 contains 10 device instances.
  Class: sky130_fd_pr__nfet_01v8 instances:   5
  Class: sky130_fd_pr__pfet_01v8_hvt instances:   5
Circuit contains 12 nets.

Circuit 1 contains 10 devices, Circuit 2 contains 10 devices.
Circuit 1 contains 12 nets,    Circuit 2 contains 12 nets.


Contents of circuit 1:  Circuit: 'sky130_fd_sc_hd__or2_2'
Circuit sky130_fd_sc_hd__or2_2 contains 8 device instances.
  Class: sky130_fd_pr__nfet_01v8 instances:   4
  Class: sky130_fd_pr__pfet_01v8_hvt instances:   4
Circuit contains 9 nets.
Contents of circuit 2:  Circuit: 'sky130_fd_sc_hd__or2_2'
Circuit sky130_fd_sc_hd__or2_2 contains 8 device instances.
  Class: sky130_fd_pr__nfet_01v8 instances:   4
  Class: sky130_fd_pr__pfet_01v8_hvt instances:   4
Circuit contains 9 nets.

Circuit was modified by parallel/series device merging.
New circuit summary:

Contents of circuit 1:  Circuit: 'sky130_fd_sc_hd__or2_2'
Circuit sky130_fd_sc_hd__or2_2 contains 6 device instances.
  Class: sky130_fd_pr__nfet_01v8 instances:   3
  Class: sky130_fd_pr__pfet_01v8_hvt instances:   3
Circuit contains 9 nets.
Contents of circuit 2:  Circuit: 'sky130_fd_sc_hd__or2_2'
Circuit sky130_fd_sc_hd__or2_2 contains 6 device instances.
  Class: sky130_fd_pr__nfet_01v8 instances:   3
  Class: sky130_fd_pr__pfet_01v8_hvt instances:   3
Circuit contains 9 nets.

Circuit 1 contains 6 devices, Circuit 2 contains 6 devices.
Circuit 1 contains 9 nets,    Circuit 2 contains 9 nets.


Contents of circuit 1:  Circuit: 'sky130_fd_sc_hd__o22ai_2'
Circuit sky130_fd_sc_hd__o22ai_2 contains 16 device instances.
  Class: sky130_fd_pr__nfet_01v8 instances:   8
  Class: sky130_fd_pr__pfet_01v8_hvt instances:   8
Circuit contains 12 nets.
Contents of circuit 2:  Circuit: 'sky130_fd_sc_hd__o22ai_2'
Circuit sky130_fd_sc_hd__o22ai_2 contains 16 device instances.
  Class: sky130_fd_pr__nfet_01v8 instances:   8
  Class: sky130_fd_pr__pfet_01v8_hvt instances:   8
Circuit contains 12 nets.

Circuit was modified by parallel/series device merging.
New circuit summary:

Contents of circuit 1:  Circuit: 'sky130_fd_sc_hd__o22ai_2'
Circuit sky130_fd_sc_hd__o22ai_2 contains 8 device instances.
  Class: sky130_fd_pr__nfet_01v8 instances:   4
  Class: sky130_fd_pr__pfet_01v8_hvt instances:   4
Circuit contains 12 nets.
Contents of circuit 2:  Circuit: 'sky130_fd_sc_hd__o22ai_2'
Circuit sky130_fd_sc_hd__o22ai_2 contains 8 device instances.
  Class: sky130_fd_pr__nfet_01v8 instances:   4
  Class: sky130_fd_pr__pfet_01v8_hvt instances:   4
Circuit contains 12 nets.

Circuit 1 contains 8 devices, Circuit 2 contains 8 devices.
Circuit 1 contains 12 nets,    Circuit 2 contains 12 nets.


Contents of circuit 1:  Circuit: 'sky130_fd_sc_hd__and4b_1'
Circuit sky130_fd_sc_hd__and4b_1 contains 12 device instances.
  Class: sky130_fd_pr__nfet_01v8 instances:   6
  Class: sky130_fd_pr__pfet_01v8_hvt instances:   6
Circuit contains 14 nets.
Contents of circuit 2:  Circuit: 'sky130_fd_sc_hd__and4b_1'
Circuit sky130_fd_sc_hd__and4b_1 contains 12 device instances.
  Class: sky130_fd_pr__nfet_01v8 instances:   6
  Class: sky130_fd_pr__pfet_01v8_hvt instances:   6
Circuit contains 14 nets.

Circuit 1 contains 12 devices, Circuit 2 contains 12 devices.
Circuit 1 contains 14 nets,    Circuit 2 contains 14 nets.


Contents of circuit 1:  Circuit: 'sky130_fd_sc_hd__o211ai_2'
Circuit sky130_fd_sc_hd__o211ai_2 contains 16 device instances.
  Class: sky130_fd_pr__nfet_01v8 instances:   8
  Class: sky130_fd_pr__pfet_01v8_hvt instances:   8
Circuit contains 12 nets.
Contents of circuit 2:  Circuit: 'sky130_fd_sc_hd__o211ai_2'
Circuit sky130_fd_sc_hd__o211ai_2 contains 16 device instances.
  Class: sky130_fd_pr__nfet_01v8 instances:   8
  Class: sky130_fd_pr__pfet_01v8_hvt instances:   8
Circuit contains 12 nets.

Circuit was modified by parallel/series device merging.
New circuit summary:

Contents of circuit 1:  Circuit: 'sky130_fd_sc_hd__o211ai_2'
Circuit sky130_fd_sc_hd__o211ai_2 contains 8 device instances.
  Class: sky130_fd_pr__nfet_01v8 instances:   4
  Class: sky130_fd_pr__pfet_01v8_hvt instances:   4
Circuit contains 12 nets.
Contents of circuit 2:  Circuit: 'sky130_fd_sc_hd__o211ai_2'
Circuit sky130_fd_sc_hd__o211ai_2 contains 8 device instances.
  Class: sky130_fd_pr__nfet_01v8 instances:   4
  Class: sky130_fd_pr__pfet_01v8_hvt instances:   4
Circuit contains 12 nets.

Circuit 1 contains 8 devices, Circuit 2 contains 8 devices.
Circuit 1 contains 12 nets,    Circuit 2 contains 12 nets.


Contents of circuit 1:  Circuit: 'sky130_fd_sc_hd__o21ai_2'
Circuit sky130_fd_sc_hd__o21ai_2 contains 12 device instances.
  Class: sky130_fd_pr__nfet_01v8 instances:   6
  Class: sky130_fd_pr__pfet_01v8_hvt instances:   6
Circuit contains 10 nets.
Contents of circuit 2:  Circuit: 'sky130_fd_sc_hd__o21ai_2'
Circuit sky130_fd_sc_hd__o21ai_2 contains 12 device instances.
  Class: sky130_fd_pr__nfet_01v8 instances:   6
  Class: sky130_fd_pr__pfet_01v8_hvt instances:   6
Circuit contains 10 nets.

Circuit was modified by parallel/series device merging.
New circuit summary:

Contents of circuit 1:  Circuit: 'sky130_fd_sc_hd__o21ai_2'
Circuit sky130_fd_sc_hd__o21ai_2 contains 6 device instances.
  Class: sky130_fd_pr__nfet_01v8 instances:   3
  Class: sky130_fd_pr__pfet_01v8_hvt instances:   3
Circuit contains 10 nets.
Contents of circuit 2:  Circuit: 'sky130_fd_sc_hd__o21ai_2'
Circuit sky130_fd_sc_hd__o21ai_2 contains 6 device instances.
  Class: sky130_fd_pr__nfet_01v8 instances:   3
  Class: sky130_fd_pr__pfet_01v8_hvt instances:   3
Circuit contains 10 nets.

Circuit 1 contains 6 devices, Circuit 2 contains 6 devices.
Circuit 1 contains 10 nets,    Circuit 2 contains 10 nets.


Contents of circuit 1:  Circuit: 'sky130_fd_sc_hd__nand2_4'
Circuit sky130_fd_sc_hd__nand2_4 contains 16 device instances.
  Class: sky130_fd_pr__nfet_01v8 instances:   8
  Class: sky130_fd_pr__pfet_01v8_hvt instances:   8
Circuit contains 8 nets.
Contents of circuit 2:  Circuit: 'sky130_fd_sc_hd__nand2_4'
Circuit sky130_fd_sc_hd__nand2_4 contains 16 device instances.
  Class: sky130_fd_pr__nfet_01v8 instances:   8
  Class: sky130_fd_pr__pfet_01v8_hvt instances:   8
Circuit contains 8 nets.

Circuit was modified by parallel/series device merging.
New circuit summary:

Contents of circuit 1:  Circuit: 'sky130_fd_sc_hd__nand2_4'
Circuit sky130_fd_sc_hd__nand2_4 contains 4 device instances.
  Class: sky130_fd_pr__nfet_01v8 instances:   2
  Class: sky130_fd_pr__pfet_01v8_hvt instances:   2
Circuit contains 8 nets.
Contents of circuit 2:  Circuit: 'sky130_fd_sc_hd__nand2_4'
Circuit sky130_fd_sc_hd__nand2_4 contains 4 device instances.
  Class: sky130_fd_pr__nfet_01v8 instances:   2
  Class: sky130_fd_pr__pfet_01v8_hvt instances:   2
Circuit contains 8 nets.

Circuit 1 contains 4 devices, Circuit 2 contains 4 devices.
Circuit 1 contains 8 nets,    Circuit 2 contains 8 nets.


Contents of circuit 1:  Circuit: 'sky130_fd_sc_hd__o22a_1'
Circuit sky130_fd_sc_hd__o22a_1 contains 10 device instances.
  Class: sky130_fd_pr__nfet_01v8 instances:   5
  Class: sky130_fd_pr__pfet_01v8_hvt instances:   5
Circuit contains 13 nets.
Contents of circuit 2:  Circuit: 'sky130_fd_sc_hd__o22a_1'
Circuit sky130_fd_sc_hd__o22a_1 contains 10 device instances.
  Class: sky130_fd_pr__nfet_01v8 instances:   5
  Class: sky130_fd_pr__pfet_01v8_hvt instances:   5
Circuit contains 13 nets.

Circuit 1 contains 10 devices, Circuit 2 contains 10 devices.
Circuit 1 contains 13 nets,    Circuit 2 contains 13 nets.


Contents of circuit 1:  Circuit: 'sky130_fd_sc_hd__inv_16'
Circuit sky130_fd_sc_hd__inv_16 contains 32 device instances.
  Class: sky130_fd_pr__nfet_01v8 instances:  16
  Class: sky130_fd_pr__pfet_01v8_hvt instances:  16
Circuit contains 6 nets.
Contents of circuit 2:  Circuit: 'sky130_fd_sc_hd__inv_16'
Circuit sky130_fd_sc_hd__inv_16 contains 32 device instances.
  Class: sky130_fd_pr__nfet_01v8 instances:  16
  Class: sky130_fd_pr__pfet_01v8_hvt instances:  16
Circuit contains 6 nets.

Circuit was modified by parallel/series device merging.
New circuit summary:

Contents of circuit 1:  Circuit: 'sky130_fd_sc_hd__inv_16'
Circuit sky130_fd_sc_hd__inv_16 contains 2 device instances.
  Class: sky130_fd_pr__nfet_01v8 instances:   1
  Class: sky130_fd_pr__pfet_01v8_hvt instances:   1
Circuit contains 6 nets.
Contents of circuit 2:  Circuit: 'sky130_fd_sc_hd__inv_16'
Circuit sky130_fd_sc_hd__inv_16 contains 2 device instances.
  Class: sky130_fd_pr__nfet_01v8 instances:   1
  Class: sky130_fd_pr__pfet_01v8_hvt instances:   1
Circuit contains 6 nets.

Circuit 1 contains 2 devices, Circuit 2 contains 2 devices.
Circuit 1 contains 6 nets,    Circuit 2 contains 6 nets.


Contents of circuit 1:  Circuit: 'sky130_fd_sc_hd__nand3_2'
Circuit sky130_fd_sc_hd__nand3_2 contains 12 device instances.
  Class: sky130_fd_pr__nfet_01v8 instances:   6
  Class: sky130_fd_pr__pfet_01v8_hvt instances:   6
Circuit contains 10 nets.
Contents of circuit 2:  Circuit: 'sky130_fd_sc_hd__nand3_2'
Circuit sky130_fd_sc_hd__nand3_2 contains 12 device instances.
  Class: sky130_fd_pr__nfet_01v8 instances:   6
  Class: sky130_fd_pr__pfet_01v8_hvt instances:   6
Circuit contains 10 nets.

Circuit was modified by parallel/series device merging.
New circuit summary:

Contents of circuit 1:  Circuit: 'sky130_fd_sc_hd__nand3_2'
Circuit sky130_fd_sc_hd__nand3_2 contains 6 device instances.
  Class: sky130_fd_pr__nfet_01v8 instances:   3
  Class: sky130_fd_pr__pfet_01v8_hvt instances:   3
Circuit contains 10 nets.
Contents of circuit 2:  Circuit: 'sky130_fd_sc_hd__nand3_2'
Circuit sky130_fd_sc_hd__nand3_2 contains 6 device instances.
  Class: sky130_fd_pr__nfet_01v8 instances:   3
  Class: sky130_fd_pr__pfet_01v8_hvt instances:   3
Circuit contains 10 nets.

Circuit 1 contains 6 devices, Circuit 2 contains 6 devices.
Circuit 1 contains 10 nets,    Circuit 2 contains 10 nets.


Contents of circuit 1:  Circuit: 'sky130_fd_sc_hd__o31a_2'
Circuit sky130_fd_sc_hd__o31a_2 contains 12 device instances.
  Class: sky130_fd_pr__nfet_01v8 instances:   6
  Class: sky130_fd_pr__pfet_01v8_hvt instances:   6
Circuit contains 13 nets.
Contents of circuit 2:  Circuit: 'sky130_fd_sc_hd__o31a_2'
Circuit sky130_fd_sc_hd__o31a_2 contains 12 device instances.
  Class: sky130_fd_pr__nfet_01v8 instances:   6
  Class: sky130_fd_pr__pfet_01v8_hvt instances:   6
Circuit contains 13 nets.

Circuit was modified by parallel/series device merging.
New circuit summary:

Contents of circuit 1:  Circuit: 'sky130_fd_sc_hd__o31a_2'
Circuit sky130_fd_sc_hd__o31a_2 contains 10 device instances.
  Class: sky130_fd_pr__nfet_01v8 instances:   5
  Class: sky130_fd_pr__pfet_01v8_hvt instances:   5
Circuit contains 13 nets.
Contents of circuit 2:  Circuit: 'sky130_fd_sc_hd__o31a_2'
Circuit sky130_fd_sc_hd__o31a_2 contains 10 device instances.
  Class: sky130_fd_pr__nfet_01v8 instances:   5
  Class: sky130_fd_pr__pfet_01v8_hvt instances:   5
Circuit contains 13 nets.

Circuit 1 contains 10 devices, Circuit 2 contains 10 devices.
Circuit 1 contains 13 nets,    Circuit 2 contains 13 nets.


Contents of circuit 1:  Circuit: 'sky130_fd_sc_hd__nor3b_1'
Circuit sky130_fd_sc_hd__nor3b_1 contains 8 device instances.
  Class: sky130_fd_pr__nfet_01v8 instances:   4
  Class: sky130_fd_pr__pfet_01v8_hvt instances:   4
Circuit contains 11 nets.
Contents of circuit 2:  Circuit: 'sky130_fd_sc_hd__nor3b_1'
Circuit sky130_fd_sc_hd__nor3b_1 contains 8 device instances.
  Class: sky130_fd_pr__nfet_01v8 instances:   4
  Class: sky130_fd_pr__pfet_01v8_hvt instances:   4
Circuit contains 11 nets.

Circuit 1 contains 8 devices, Circuit 2 contains 8 devices.
Circuit 1 contains 11 nets,    Circuit 2 contains 11 nets.


Contents of circuit 1:  Circuit: 'sky130_fd_sc_hd__and4bb_2'
Circuit sky130_fd_sc_hd__and4bb_2 contains 16 device instances.
  Class: sky130_fd_pr__nfet_01v8 instances:   8
  Class: sky130_fd_pr__pfet_01v8_hvt instances:   8
Circuit contains 15 nets.
Contents of circuit 2:  Circuit: 'sky130_fd_sc_hd__and4bb_2'
Circuit sky130_fd_sc_hd__and4bb_2 contains 16 device instances.
  Class: sky130_fd_pr__nfet_01v8 instances:   8
  Class: sky130_fd_pr__pfet_01v8_hvt instances:   8
Circuit contains 15 nets.

Circuit was modified by parallel/series device merging.
New circuit summary:

Contents of circuit 1:  Circuit: 'sky130_fd_sc_hd__and4bb_2'
Circuit sky130_fd_sc_hd__and4bb_2 contains 14 device instances.
  Class: sky130_fd_pr__nfet_01v8 instances:   7
  Class: sky130_fd_pr__pfet_01v8_hvt instances:   7
Circuit contains 15 nets.
Contents of circuit 2:  Circuit: 'sky130_fd_sc_hd__and4bb_2'
Circuit sky130_fd_sc_hd__and4bb_2 contains 14 device instances.
  Class: sky130_fd_pr__nfet_01v8 instances:   7
  Class: sky130_fd_pr__pfet_01v8_hvt instances:   7
Circuit contains 15 nets.

Circuit 1 contains 14 devices, Circuit 2 contains 14 devices.
Circuit 1 contains 15 nets,    Circuit 2 contains 15 nets.


Contents of circuit 1:  Circuit: 'sky130_fd_sc_hd__inv_12'
Circuit sky130_fd_sc_hd__inv_12 contains 24 device instances.
  Class: sky130_fd_pr__nfet_01v8 instances:  12
  Class: sky130_fd_pr__pfet_01v8_hvt instances:  12
Circuit contains 6 nets.
Contents of circuit 2:  Circuit: 'sky130_fd_sc_hd__inv_12'
Circuit sky130_fd_sc_hd__inv_12 contains 24 device instances.
  Class: sky130_fd_pr__nfet_01v8 instances:  12
  Class: sky130_fd_pr__pfet_01v8_hvt instances:  12
Circuit contains 6 nets.

Circuit was modified by parallel/series device merging.
New circuit summary:

Contents of circuit 1:  Circuit: 'sky130_fd_sc_hd__inv_12'
Circuit sky130_fd_sc_hd__inv_12 contains 2 device instances.
  Class: sky130_fd_pr__nfet_01v8 instances:   1
  Class: sky130_fd_pr__pfet_01v8_hvt instances:   1
Circuit contains 6 nets.
Contents of circuit 2:  Circuit: 'sky130_fd_sc_hd__inv_12'
Circuit sky130_fd_sc_hd__inv_12 contains 2 device instances.
  Class: sky130_fd_pr__nfet_01v8 instances:   1
  Class: sky130_fd_pr__pfet_01v8_hvt instances:   1
Circuit contains 6 nets.

Circuit 1 contains 2 devices, Circuit 2 contains 2 devices.
Circuit 1 contains 6 nets,    Circuit 2 contains 6 nets.


Contents of circuit 1:  Circuit: 'sky130_fd_sc_hd__and4b_4'
Circuit sky130_fd_sc_hd__and4b_4 contains 18 device instances.
  Class: sky130_fd_pr__nfet_01v8 instances:   9
  Class: sky130_fd_pr__pfet_01v8_hvt instances:   9
Circuit contains 14 nets.
Contents of circuit 2:  Circuit: 'sky130_fd_sc_hd__and4b_4'
Circuit sky130_fd_sc_hd__and4b_4 contains 18 device instances.
  Class: sky130_fd_pr__nfet_01v8 instances:   9
  Class: sky130_fd_pr__pfet_01v8_hvt instances:   9
Circuit contains 14 nets.

Circuit was modified by parallel/series device merging.
New circuit summary:

Contents of circuit 1:  Circuit: 'sky130_fd_sc_hd__and4b_4'
Circuit sky130_fd_sc_hd__and4b_4 contains 12 device instances.
  Class: sky130_fd_pr__nfet_01v8 instances:   6
  Class: sky130_fd_pr__pfet_01v8_hvt instances:   6
Circuit contains 14 nets.
Contents of circuit 2:  Circuit: 'sky130_fd_sc_hd__and4b_4'
Circuit sky130_fd_sc_hd__and4b_4 contains 12 device instances.
  Class: sky130_fd_pr__nfet_01v8 instances:   6
  Class: sky130_fd_pr__pfet_01v8_hvt instances:   6
Circuit contains 14 nets.

Circuit 1 contains 12 devices, Circuit 2 contains 12 devices.
Circuit 1 contains 14 nets,    Circuit 2 contains 14 nets.


Contents of circuit 1:  Circuit: 'Neuromorphic_X1_wb'
Circuit Neuromorphic_X1_wb contains 0 device instances.
Circuit contains 0 nets, and 128 disconnected pins.
Contents of circuit 2:  Circuit: 'Neuromorphic_X1_wb'
Circuit Neuromorphic_X1_wb contains 0 device instances.
Circuit contains 0 nets.

Circuit Neuromorphic_X1_wb contains no devices.

Contents of circuit 1:  Circuit: 'sky130_fd_sc_hd__nor2_8'
Circuit sky130_fd_sc_hd__nor2_8 contains 32 device instances.
  Class: sky130_fd_pr__nfet_01v8 instances:  16
  Class: sky130_fd_pr__pfet_01v8_hvt instances:  16
Circuit contains 8 nets.
Contents of circuit 2:  Circuit: 'sky130_fd_sc_hd__nor2_8'
Circuit sky130_fd_sc_hd__nor2_8 contains 32 device instances.
  Class: sky130_fd_pr__nfet_01v8 instances:  16
  Class: sky130_fd_pr__pfet_01v8_hvt instances:  16
Circuit contains 8 nets.

Circuit was modified by parallel/series device merging.
New circuit summary:

Contents of circuit 1:  Circuit: 'sky130_fd_sc_hd__nor2_8'
Circuit sky130_fd_sc_hd__nor2_8 contains 4 device instances.
  Class: sky130_fd_pr__nfet_01v8 instances:   2
  Class: sky130_fd_pr__pfet_01v8_hvt instances:   2
Circuit contains 8 nets.
Contents of circuit 2:  Circuit: 'sky130_fd_sc_hd__nor2_8'
Circuit sky130_fd_sc_hd__nor2_8 contains 4 device instances.
  Class: sky130_fd_pr__nfet_01v8 instances:   2
  Class: sky130_fd_pr__pfet_01v8_hvt instances:   2
Circuit contains 8 nets.

Circuit 1 contains 4 devices, Circuit 2 contains 4 devices.
Circuit 1 contains 8 nets,    Circuit 2 contains 8 nets.


Contents of circuit 1:  Circuit: 'sky130_fd_sc_hd__nand4_1'
Circuit sky130_fd_sc_hd__nand4_1 contains 8 device instances.
  Class: sky130_fd_pr__nfet_01v8 instances:   4
  Class: sky130_fd_pr__pfet_01v8_hvt instances:   4
Circuit contains 12 nets.
Contents of circuit 2:  Circuit: 'sky130_fd_sc_hd__nand4_1'
Circuit sky130_fd_sc_hd__nand4_1 contains 8 device instances.
  Class: sky130_fd_pr__nfet_01v8 instances:   4
  Class: sky130_fd_pr__pfet_01v8_hvt instances:   4
Circuit contains 12 nets.

Circuit 1 contains 8 devices, Circuit 2 contains 8 devices.
Circuit 1 contains 12 nets,    Circuit 2 contains 12 nets.


Contents of circuit 1:  Circuit: 'sky130_fd_sc_hd__a22o_2'
Circuit sky130_fd_sc_hd__a22o_2 contains 12 device instances.
  Class: sky130_fd_pr__nfet_01v8 instances:   6
  Class: sky130_fd_pr__pfet_01v8_hvt instances:   6
Circuit contains 13 nets.
Contents of circuit 2:  Circuit: 'sky130_fd_sc_hd__a22o_2'
Circuit sky130_fd_sc_hd__a22o_2 contains 12 device instances.
  Class: sky130_fd_pr__nfet_01v8 instances:   6
  Class: sky130_fd_pr__pfet_01v8_hvt instances:   6
Circuit contains 13 nets.

Circuit was modified by parallel/series device merging.
New circuit summary:

Contents of circuit 1:  Circuit: 'sky130_fd_sc_hd__a22o_2'
Circuit sky130_fd_sc_hd__a22o_2 contains 10 device instances.
  Class: sky130_fd_pr__nfet_01v8 instances:   5
  Class: sky130_fd_pr__pfet_01v8_hvt instances:   5
Circuit contains 13 nets.
Contents of circuit 2:  Circuit: 'sky130_fd_sc_hd__a22o_2'
Circuit sky130_fd_sc_hd__a22o_2 contains 10 device instances.
  Class: sky130_fd_pr__nfet_01v8 instances:   5
  Class: sky130_fd_pr__pfet_01v8_hvt instances:   5
Circuit contains 13 nets.

Circuit 1 contains 10 devices, Circuit 2 contains 10 devices.
Circuit 1 contains 13 nets,    Circuit 2 contains 13 nets.


Contents of circuit 1:  Circuit: 'sky130_fd_sc_hd__and2b_2'
Circuit sky130_fd_sc_hd__and2b_2 contains 10 device instances.
  Class: sky130_fd_pr__nfet_01v8 instances:   5
  Class: sky130_fd_pr__pfet_01v8_hvt instances:   5
Circuit contains 10 nets.
Contents of circuit 2:  Circuit: 'sky130_fd_sc_hd__and2b_2'
Circuit sky130_fd_sc_hd__and2b_2 contains 10 device instances.
  Class: sky130_fd_pr__nfet_01v8 instances:   5
  Class: sky130_fd_pr__pfet_01v8_hvt instances:   5
Circuit contains 10 nets.

Circuit was modified by parallel/series device merging.
New circuit summary:

Contents of circuit 1:  Circuit: 'sky130_fd_sc_hd__and2b_2'
Circuit sky130_fd_sc_hd__and2b_2 contains 8 device instances.
  Class: sky130_fd_pr__nfet_01v8 instances:   4
  Class: sky130_fd_pr__pfet_01v8_hvt instances:   4
Circuit contains 10 nets.
Contents of circuit 2:  Circuit: 'sky130_fd_sc_hd__and2b_2'
Circuit sky130_fd_sc_hd__and2b_2 contains 8 device instances.
  Class: sky130_fd_pr__nfet_01v8 instances:   4
  Class: sky130_fd_pr__pfet_01v8_hvt instances:   4
Circuit contains 10 nets.

Circuit 1 contains 8 devices, Circuit 2 contains 8 devices.
Circuit 1 contains 10 nets,    Circuit 2 contains 10 nets.


Contents of circuit 1:  Circuit: 'sky130_fd_sc_hd__a31o_2'
Circuit sky130_fd_sc_hd__a31o_2 contains 12 device instances.
  Class: sky130_fd_pr__nfet_01v8 instances:   6
  Class: sky130_fd_pr__pfet_01v8_hvt instances:   6
Circuit contains 13 nets.
Contents of circuit 2:  Circuit: 'sky130_fd_sc_hd__a31o_2'
Circuit sky130_fd_sc_hd__a31o_2 contains 12 device instances.
  Class: sky130_fd_pr__nfet_01v8 instances:   6
  Class: sky130_fd_pr__pfet_01v8_hvt instances:   6
Circuit contains 13 nets.

Circuit was modified by parallel/series device merging.
New circuit summary:

Contents of circuit 1:  Circuit: 'sky130_fd_sc_hd__a31o_2'
Circuit sky130_fd_sc_hd__a31o_2 contains 10 device instances.
  Class: sky130_fd_pr__nfet_01v8 instances:   5
  Class: sky130_fd_pr__pfet_01v8_hvt instances:   5
Circuit contains 13 nets.
Contents of circuit 2:  Circuit: 'sky130_fd_sc_hd__a31o_2'
Circuit sky130_fd_sc_hd__a31o_2 contains 10 device instances.
  Class: sky130_fd_pr__nfet_01v8 instances:   5
  Class: sky130_fd_pr__pfet_01v8_hvt instances:   5
Circuit contains 13 nets.

Circuit 1 contains 10 devices, Circuit 2 contains 10 devices.
Circuit 1 contains 13 nets,    Circuit 2 contains 13 nets.


Contents of circuit 1:  Circuit: 'sky130_fd_sc_hd__and3b_2'
Circuit sky130_fd_sc_hd__and3b_2 contains 12 device instances.
  Class: sky130_fd_pr__nfet_01v8 instances:   6
  Class: sky130_fd_pr__pfet_01v8_hvt instances:   6
Circuit contains 12 nets.
Contents of circuit 2:  Circuit: 'sky130_fd_sc_hd__and3b_2'
Circuit sky130_fd_sc_hd__and3b_2 contains 12 device instances.
  Class: sky130_fd_pr__nfet_01v8 instances:   6
  Class: sky130_fd_pr__pfet_01v8_hvt instances:   6
Circuit contains 12 nets.

Circuit was modified by parallel/series device merging.
New circuit summary:

Contents of circuit 1:  Circuit: 'sky130_fd_sc_hd__and3b_2'
Circuit sky130_fd_sc_hd__and3b_2 contains 10 device instances.
  Class: sky130_fd_pr__nfet_01v8 instances:   5
  Class: sky130_fd_pr__pfet_01v8_hvt instances:   5
Circuit contains 12 nets.
Contents of circuit 2:  Circuit: 'sky130_fd_sc_hd__and3b_2'
Circuit sky130_fd_sc_hd__and3b_2 contains 10 device instances.
  Class: sky130_fd_pr__nfet_01v8 instances:   5
  Class: sky130_fd_pr__pfet_01v8_hvt instances:   5
Circuit contains 12 nets.

Circuit 1 contains 10 devices, Circuit 2 contains 10 devices.
Circuit 1 contains 12 nets,    Circuit 2 contains 12 nets.


Contents of circuit 1:  Circuit: 'sky130_fd_sc_hd__a221o_4'
Circuit sky130_fd_sc_hd__a221o_4 contains 28 device instances.
  Class: sky130_fd_pr__nfet_01v8 instances:  14
  Class: sky130_fd_pr__pfet_01v8_hvt instances:  14
Circuit contains 15 nets.
Contents of circuit 2:  Circuit: 'sky130_fd_sc_hd__a221o_4'
Circuit sky130_fd_sc_hd__a221o_4 contains 28 device instances.
  Class: sky130_fd_pr__nfet_01v8 instances:  14
  Class: sky130_fd_pr__pfet_01v8_hvt instances:  14
Circuit contains 15 nets.

Circuit was modified by parallel/series device merging.
New circuit summary:

Contents of circuit 1:  Circuit: 'sky130_fd_sc_hd__a221o_4'
Circuit sky130_fd_sc_hd__a221o_4 contains 12 device instances.
  Class: sky130_fd_pr__nfet_01v8 instances:   6
  Class: sky130_fd_pr__pfet_01v8_hvt instances:   6
Circuit contains 15 nets.
Contents of circuit 2:  Circuit: 'sky130_fd_sc_hd__a221o_4'
Circuit sky130_fd_sc_hd__a221o_4 contains 12 device instances.
  Class: sky130_fd_pr__nfet_01v8 instances:   6
  Class: sky130_fd_pr__pfet_01v8_hvt instances:   6
Circuit contains 15 nets.

Circuit 1 contains 12 devices, Circuit 2 contains 12 devices.
Circuit 1 contains 15 nets,    Circuit 2 contains 15 nets.


Contents of circuit 1:  Circuit: 'sky130_fd_sc_hd__a21oi_2'
Circuit sky130_fd_sc_hd__a21oi_2 contains 12 device instances.
  Class: sky130_fd_pr__nfet_01v8 instances:   6
  Class: sky130_fd_pr__pfet_01v8_hvt instances:   6
Circuit contains 11 nets.
Contents of circuit 2:  Circuit: 'sky130_fd_sc_hd__a21oi_2'
Circuit sky130_fd_sc_hd__a21oi_2 contains 12 device instances.
  Class: sky130_fd_pr__nfet_01v8 instances:   6
  Class: sky130_fd_pr__pfet_01v8_hvt instances:   6
Circuit contains 11 nets.

Circuit was modified by parallel/series device merging.
New circuit summary:

Contents of circuit 1:  Circuit: 'sky130_fd_sc_hd__a21oi_2'
Circuit sky130_fd_sc_hd__a21oi_2 contains 8 device instances.
  Class: sky130_fd_pr__nfet_01v8 instances:   5
  Class: sky130_fd_pr__pfet_01v8_hvt instances:   3
Circuit contains 11 nets.
Contents of circuit 2:  Circuit: 'sky130_fd_sc_hd__a21oi_2'
Circuit sky130_fd_sc_hd__a21oi_2 contains 8 device instances.
  Class: sky130_fd_pr__nfet_01v8 instances:   5
  Class: sky130_fd_pr__pfet_01v8_hvt instances:   3
Circuit contains 11 nets.

Circuit 1 contains 8 devices, Circuit 2 contains 8 devices.
Circuit 1 contains 11 nets,    Circuit 2 contains 11 nets.


Contents of circuit 1:  Circuit: 'user_project_wrapper'
Circuit user_project_wrapper contains 548770 device instances.
  Class: sky130_fd_sc_hd__bufinv_16 instances:  32
  Class: sky130_fd_sc_hd__a31o_1 instances:   5
  Class: sky130_fd_sc_hd__a31o_2 instances:   1
  Class: sky130_fd_sc_hd__a21o_1 instances:  17
  Class: sky130_fd_sc_hd__a21o_2 instances:  16
  Class: sky130_fd_sc_hd__a21o_4 instances:  23
  Class: sky130_fd_sc_hd__clkbuf_16 instances:  16
  Class: sky130_fd_sc_hd__or4_1 instances:  39
  Class: sky130_fd_sc_hd__or4_2 instances:  14
  Class: sky130_fd_sc_hd__or4_4 instances:  11
  Class: sky130_fd_sc_hd__nand4_1 instances:   2
  Class: sky130_fd_sc_hd__buf_1 instances:   3
  Class: sky130_fd_sc_hd__buf_2 instances: 115
  Class: sky130_fd_sc_hd__buf_4 instances: 190
  Class: sky130_fd_sc_hd__buf_6 instances:  93
  Class: sky130_fd_sc_hd__buf_8 instances: 145
  Class: sky130_fd_sc_hd__a2bb2o_1 instances:   3
  Class: sky130_fd_sc_hd__and3b_2 instances:   1
  Class: sky130_fd_sc_hd__and3b_4 instances:   1
  Class: sky130_fd_sc_hd__xor2_1 instances:   3
  Class: sky130_fd_sc_hd__xor2_2 instances:   3
  Class: sky130_fd_sc_hd__dfrtp_1 instances: 1101
  Class: sky130_fd_sc_hd__dfrtp_2 instances:  29
  Class: sky130_fd_sc_hd__and4_1 instances:   2
  Class: sky130_fd_sc_hd__inv_2 instances: 1200
  Class: sky130_fd_sc_hd__inv_4 instances:   1
  Class: sky130_fd_sc_hd__inv_6 instances:   5
  Class: sky130_fd_sc_hd__inv_8 instances:   6
  Class: sky130_fd_sc_hd__clkbuf_2 instances:  27
  Class: sky130_fd_sc_hd__clkbuf_4 instances: 186
  Class: sky130_fd_sc_hd__clkbuf_8 instances: 388
  Class: sky130_fd_sc_hd__or3_1 instances:   9
  Class: sky130_fd_sc_hd__or3_2 instances:   3
  Class: sky130_fd_sc_hd__or3_4 instances:   1
  Class: sky130_fd_sc_hd__nand3_1 instances:   2
  Class: sky130_fd_sc_hd__nand3_2 instances:   1
  Class: sky130_fd_sc_hd__o21ba_1 instances:   1
  Class: sky130_fd_sc_hd__and2b_1 instances:   2
  Class: sky130_fd_sc_hd__and2b_2 instances:   1
  Class: sky130_fd_sc_hd__conb_1 instances: 238
  Class: sky130_fd_sc_hd__a21boi_1 instances:   1
  Class: Neuromorphic_X1_wb    instances:   1
  Class: sky130_fd_sc_hd__buf_12 instances:  84
  Class: sky130_fd_sc_hd__clkinv_2 instances:  58
  Class: sky130_fd_sc_hd__clkinv_4 instances:   2
  Class: sky130_fd_sc_hd__clkinv_8 instances:   2
  Class: sky130_fd_sc_hd__and3_1 instances: 112
  Class: sky130_fd_sc_hd__and3_2 instances:  15
  Class: sky130_fd_sc_hd__and3_4 instances:   7
  Class: sky130_fd_sc_hd__a2111o_1 instances:  45
  Class: sky130_fd_sc_hd__a2111o_2 instances:   3
  Class: sky130_fd_sc_hd__decap_3 instances: 3286
  Class: sky130_fd_sc_hd__dlygate4sd3_1 instances: 6979
  Class: sky130_fd_sc_hd__or2_1 instances:  18
  Class: sky130_fd_sc_hd__or2_2 instances:   1
  Class: sky130_fd_sc_hd__a2111oi_1 instances:   1
  Class: sky130_fd_sc_hd__nand2_1 instances:  15
  Class: sky130_fd_sc_hd__nand2_4 instances:   1
  Class: sky130_fd_sc_hd__nor4b_2 instances:   1
  Class: sky130_fd_sc_hd__nor4b_4 instances:   3
  Class: sky130_fd_sc_hd__nand3b_1 instances:   1
  Class: sky130_fd_sc_hd__mux2_1 instances: 1004
  Class: sky130_fd_sc_hd__nand3b_4 instances:   4
  Class: sky130_fd_sc_hd__and2_1 instances:  74
  Class: sky130_fd_sc_hd__and2_2 instances:  34
  Class: sky130_fd_sc_hd__and2_4 instances:  27
  Class: sky130_fd_sc_hd__or4b_4 instances:   1
  Class: sky130_fd_sc_hd__clkinvlp_4 instances:   8
  Class: sky130_fd_sc_hd__nor4_1 instances:   5
  Class: sky130_fd_sc_hd__nor4_2 instances:   3
  Class: sky130_fd_sc_hd__nor4_4 instances:   2
  Class: sky130_fd_sc_hd__inv_12 instances:   2
  Class: sky130_fd_sc_hd__inv_16 instances:   8
  Class: sky130_fd_sc_hd__o22a_1 instances:   3
  Class: sky130_fd_sc_hd__xnor2_1 instances:  12
  Class: sky130_fd_sc_hd__xnor2_2 instances:   3
  Class: sky130_fd_sc_hd__nor3b_1 instances:   1
  Class: sky130_fd_sc_hd__nand2b_1 instances:   3
  Class: sky130_fd_sc_hd__diode_2 instances: 7345
  Class: sky130_fd_sc_hd__a221o_1 instances: 176
  Class: sky130_fd_sc_hd__a221o_2 instances:   5
  Class: sky130_fd_sc_hd__a221o_4 instances:   1
  Class: sky130_fd_sc_hd__a211o_1 instances:   8
  Class: sky130_fd_sc_hd__dlymetal6s2s_1 instances:   6
  Class: sky130_fd_sc_hd__nor3_1 instances:   1
  Class: sky130_fd_sc_hd__a22o_1 instances: 404
  Class: sky130_fd_sc_hd__a22o_2 instances:   1
  Class: sky130_fd_sc_hd__o31a_1 instances:   3
  Class: sky130_fd_sc_hd__o31a_2 instances:   1
  Class: sky130_fd_sc_hd__o2bb2a_1 instances:   2
  Class: sky130_fd_sc_hd__o21a_1 instances:   9
  Class: sky130_fd_sc_hd__o21a_2 instances:   1
  Class: sky130_fd_sc_hd__o22ai_2 instances:   1
  Class: sky130_fd_sc_hd__o22ai_4 instances:   1
  Class: sky130_fd_sc_hd__and4b_1 instances:   1
  Class: sky130_fd_sc_hd__o21ai_1 instances:   3
  Class: sky130_fd_sc_hd__and4b_2 instances:   3
  Class: sky130_fd_sc_hd__o21ai_2 instances:   1
  Class: sky130_fd_sc_hd__and4b_4 instances:   1
  Class: sky130_fd_sc_hd__a21oi_1 instances:   9
  Class: sky130_fd_sc_hd__a21oi_2 instances:   2
  Class: sky130_fd_sc_hd__a21oi_4 instances:   2
  Class: sky130_ef_sc_hd__decap_40_12 instances: 524983
  Class: sky130_fd_sc_hd__o211ai_2 instances:   1
  Class: sky130_fd_sc_hd__and4bb_1 instances:   2
  Class: sky130_fd_sc_hd__and4bb_2 instances:   2
  Class: sky130_fd_sc_hd__and4bb_4 instances:   3
  Class: sky130_fd_sc_hd__nor2_1 instances:  11
  Class: sky130_fd_sc_hd__nor2_2 instances:  13
  Class: sky130_fd_sc_hd__nor2_4 instances:   1
  Class: sky130_fd_sc_hd__nor2_8 instances:   1
Circuit contains 13492 nets, and 335 disconnected pins.
Contents of circuit 2:  Circuit: 'user_project_wrapper'
Circuit user_project_wrapper contains 548770 device instances.
  Class: sky130_fd_sc_hd__bufinv_16 instances:  32
  Class: sky130_fd_sc_hd__a31o_1 instances:   5
  Class: sky130_fd_sc_hd__a31o_2 instances:   1
  Class: sky130_fd_sc_hd__a21o_1 instances:  17
  Class: sky130_fd_sc_hd__a21o_2 instances:  16
  Class: sky130_fd_sc_hd__a21o_4 instances:  23
  Class: sky130_fd_sc_hd__clkbuf_16 instances:  16
  Class: sky130_fd_sc_hd__or4_1 instances:  39
  Class: sky130_fd_sc_hd__or4_2 instances:  14
  Class: sky130_fd_sc_hd__or4_4 instances:  11
  Class: sky130_fd_sc_hd__nand4_1 instances:   2
  Class: sky130_fd_sc_hd__buf_1 instances:   3
  Class: sky130_fd_sc_hd__buf_2 instances: 115
  Class: sky130_fd_sc_hd__buf_4 instances: 190
  Class: sky130_fd_sc_hd__buf_6 instances:  93
  Class: sky130_fd_sc_hd__buf_8 instances: 145
  Class: sky130_fd_sc_hd__a2bb2o_1 instances:   3
  Class: sky130_fd_sc_hd__and3b_2 instances:   1
  Class: sky130_fd_sc_hd__and3b_4 instances:   1
  Class: sky130_fd_sc_hd__xor2_1 instances:   3
  Class: sky130_fd_sc_hd__xor2_2 instances:   3
  Class: sky130_fd_sc_hd__dfrtp_1 instances: 1101
  Class: sky130_fd_sc_hd__dfrtp_2 instances:  29
  Class: sky130_fd_sc_hd__and4_1 instances:   2
  Class: sky130_fd_sc_hd__inv_2 instances: 1200
  Class: sky130_fd_sc_hd__inv_4 instances:   1
  Class: sky130_fd_sc_hd__inv_6 instances:   5
  Class: sky130_fd_sc_hd__inv_8 instances:   6
  Class: sky130_fd_sc_hd__clkbuf_2 instances:  27
  Class: sky130_fd_sc_hd__clkbuf_4 instances: 186
  Class: sky130_fd_sc_hd__clkbuf_8 instances: 388
  Class: sky130_fd_sc_hd__or3_1 instances:   9
  Class: sky130_fd_sc_hd__or3_2 instances:   3
  Class: sky130_fd_sc_hd__or3_4 instances:   1
  Class: sky130_fd_sc_hd__nand3_1 instances:   2
  Class: sky130_fd_sc_hd__nand3_2 instances:   1
  Class: sky130_fd_sc_hd__o21ba_1 instances:   1
  Class: sky130_fd_sc_hd__and2b_1 instances:   2
  Class: sky130_fd_sc_hd__conb_1 instances: 238
  Class: sky130_fd_sc_hd__and2b_2 instances:   1
  Class: sky130_fd_sc_hd__a21boi_1 instances:   1
  Class: Neuromorphic_X1_wb    instances:   1
  Class: sky130_fd_sc_hd__buf_12 instances:  84
  Class: sky130_fd_sc_hd__clkinv_2 instances:  58
  Class: sky130_fd_sc_hd__clkinv_4 instances:   2
  Class: sky130_fd_sc_hd__clkinv_8 instances:   2
  Class: sky130_fd_sc_hd__and3_1 instances: 112
  Class: sky130_fd_sc_hd__and3_2 instances:  15
  Class: sky130_fd_sc_hd__and3_4 instances:   7
  Class: sky130_fd_sc_hd__a2111o_1 instances:  45
  Class: sky130_fd_sc_hd__a2111o_2 instances:   3
  Class: sky130_fd_sc_hd__decap_3 instances: 3286
  Class: sky130_fd_sc_hd__dlygate4sd3_1 instances: 6979
  Class: sky130_fd_sc_hd__or2_1 instances:  18
  Class: sky130_fd_sc_hd__or2_2 instances:   1
  Class: sky130_fd_sc_hd__a2111oi_1 instances:   1
  Class: sky130_fd_sc_hd__nand2_1 instances:  15
  Class: sky130_fd_sc_hd__nand2_4 instances:   1
  Class: sky130_fd_sc_hd__nor4b_2 instances:   1
  Class: sky130_fd_sc_hd__nor4b_4 instances:   3
  Class: sky130_fd_sc_hd__nand3b_1 instances:   1
  Class: sky130_fd_sc_hd__mux2_1 instances: 1004
  Class: sky130_fd_sc_hd__nand3b_4 instances:   4
  Class: sky130_fd_sc_hd__and2_1 instances:  74
  Class: sky130_fd_sc_hd__and2_2 instances:  34
  Class: sky130_fd_sc_hd__and2_4 instances:  27
  Class: sky130_fd_sc_hd__or4b_4 instances:   1
  Class: sky130_fd_sc_hd__clkinvlp_4 instances:   8
  Class: sky130_fd_sc_hd__nor4_1 instances:   5
  Class: sky130_fd_sc_hd__nor4_2 instances:   3
  Class: sky130_fd_sc_hd__nor4_4 instances:   2
  Class: sky130_fd_sc_hd__inv_12 instances:   2
  Class: sky130_fd_sc_hd__inv_16 instances:   8
  Class: sky130_fd_sc_hd__o22a_1 instances:   3
  Class: sky130_fd_sc_hd__xnor2_1 instances:  12
  Class: sky130_fd_sc_hd__xnor2_2 instances:   3
  Class: sky130_fd_sc_hd__nor3b_1 instances:   1
  Class: sky130_fd_sc_hd__nand2b_1 instances:   3
  Class: sky130_fd_sc_hd__diode_2 instances: 7345
  Class: sky130_fd_sc_hd__a221o_1 instances: 176
  Class: sky130_fd_sc_hd__a221o_2 instances:   5
  Class: sky130_fd_sc_hd__a221o_4 instances:   1
  Class: sky130_fd_sc_hd__a211o_1 instances:   8
  Class: sky130_fd_sc_hd__dlymetal6s2s_1 instances:   6
  Class: sky130_fd_sc_hd__nor3_1 instances:   1
  Class: sky130_fd_sc_hd__a22o_1 instances: 404
  Class: sky130_fd_sc_hd__a22o_2 instances:   1
  Class: sky130_fd_sc_hd__o31a_1 instances:   3
  Class: sky130_fd_sc_hd__o31a_2 instances:   1
  Class: sky130_fd_sc_hd__o2bb2a_1 instances:   2
  Class: sky130_fd_sc_hd__o21a_1 instances:   9
  Class: sky130_fd_sc_hd__o21a_2 instances:   1
  Class: sky130_fd_sc_hd__o22ai_2 instances:   1
  Class: sky130_fd_sc_hd__o22ai_4 instances:   1
  Class: sky130_fd_sc_hd__and4b_1 instances:   1
  Class: sky130_fd_sc_hd__o21ai_1 instances:   3
  Class: sky130_fd_sc_hd__and4b_2 instances:   3
  Class: sky130_fd_sc_hd__o21ai_2 instances:   1
  Class: sky130_fd_sc_hd__and4b_4 instances:   1
  Class: sky130_fd_sc_hd__a21oi_1 instances:   9
  Class: sky130_fd_sc_hd__a21oi_2 instances:   2
  Class: sky130_fd_sc_hd__a21oi_4 instances:   2
  Class: sky130_ef_sc_hd__decap_40_12 instances: 524983
  Class: sky130_fd_sc_hd__o211ai_2 instances:   1
  Class: sky130_fd_sc_hd__and4bb_1 instances:   2
  Class: sky130_fd_sc_hd__and4bb_2 instances:   2
  Class: sky130_fd_sc_hd__and4bb_4 instances:   3
  Class: sky130_fd_sc_hd__nor2_1 instances:  11
  Class: sky130_fd_sc_hd__nor2_2 instances:  13
  Class: sky130_fd_sc_hd__nor2_4 instances:   1
  Class: sky130_fd_sc_hd__nor2_8 instances:   1
Circuit contains 13492 nets, and 335 disconnected pins.

Circuit was modified by parallel/series device merging.
New circuit summary:

Contents of circuit 1:  Circuit: 'user_project_wrapper'
Circuit user_project_wrapper contains 14342 device instances.
  Class: sky130_fd_sc_hd__bufinv_16 instances:  32
  Class: sky130_fd_sc_hd__a31o_1 instances:   5
  Class: sky130_fd_sc_hd__a31o_2 instances:   1
  Class: sky130_fd_sc_hd__a21o_1 instances:  17
  Class: sky130_fd_sc_hd__a21o_2 instances:  16
  Class: sky130_fd_sc_hd__a21o_4 instances:  23
  Class: sky130_fd_sc_hd__clkbuf_16 instances:  16
  Class: sky130_fd_sc_hd__or4_1 instances:  39
  Class: sky130_fd_sc_hd__or4_2 instances:  14
  Class: sky130_fd_sc_hd__or4_4 instances:  11
  Class: sky130_fd_sc_hd__nand4_1 instances:   2
  Class: sky130_fd_sc_hd__buf_1 instances:   3
  Class: sky130_fd_sc_hd__buf_2 instances: 115
  Class: sky130_fd_sc_hd__buf_4 instances: 190
  Class: sky130_fd_sc_hd__buf_6 instances:  93
  Class: sky130_fd_sc_hd__buf_8 instances: 145
  Class: sky130_fd_sc_hd__a2bb2o_1 instances:   3
  Class: sky130_fd_sc_hd__and3b_2 instances:   1
  Class: sky130_fd_sc_hd__and3b_4 instances:   1
  Class: sky130_fd_sc_hd__xor2_1 instances:   3
  Class: sky130_fd_sc_hd__xor2_2 instances:   3
  Class: sky130_fd_sc_hd__dfrtp_1 instances: 1101
  Class: sky130_fd_sc_hd__dfrtp_2 instances:  29
  Class: sky130_fd_sc_hd__and4_1 instances:   2
  Class: sky130_fd_sc_hd__inv_2 instances: 1200
  Class: sky130_fd_sc_hd__inv_4 instances:   1
  Class: sky130_fd_sc_hd__inv_6 instances:   5
  Class: sky130_fd_sc_hd__inv_8 instances:   6
  Class: sky130_fd_sc_hd__clkbuf_2 instances:  27
  Class: sky130_fd_sc_hd__clkbuf_4 instances: 186
  Class: sky130_fd_sc_hd__clkbuf_8 instances: 388
  Class: sky130_fd_sc_hd__or3_1 instances:   9
  Class: sky130_fd_sc_hd__or3_2 instances:   3
  Class: sky130_fd_sc_hd__or3_4 instances:   1
  Class: sky130_fd_sc_hd__nand3_1 instances:   2
  Class: sky130_fd_sc_hd__nand3_2 instances:   1
  Class: sky130_fd_sc_hd__o21ba_1 instances:   1
  Class: sky130_fd_sc_hd__and2b_1 instances:   2
  Class: sky130_fd_sc_hd__and2b_2 instances:   1
  Class: sky130_fd_sc_hd__conb_1 instances: 238
  Class: sky130_fd_sc_hd__a21boi_1 instances:   1
  Class: Neuromorphic_X1_wb    instances:   1
  Class: sky130_fd_sc_hd__buf_12 instances:  84
  Class: sky130_fd_sc_hd__clkinv_2 instances:  58
  Class: sky130_fd_sc_hd__clkinv_4 instances:   2
  Class: sky130_fd_sc_hd__clkinv_8 instances:   2
  Class: sky130_fd_sc_hd__and3_1 instances: 112
  Class: sky130_fd_sc_hd__and3_2 instances:  15
  Class: sky130_fd_sc_hd__and3_4 instances:   7
  Class: sky130_fd_sc_hd__a2111o_1 instances:  45
  Class: sky130_fd_sc_hd__a2111o_2 instances:   3
  Class: sky130_fd_sc_hd__decap_3 instances:   1
  Class: sky130_fd_sc_hd__dlygate4sd3_1 instances: 6979
  Class: sky130_fd_sc_hd__or2_1 instances:  18
  Class: sky130_fd_sc_hd__or2_2 instances:   1
  Class: sky130_fd_sc_hd__a2111oi_1 instances:   1
  Class: sky130_fd_sc_hd__nand2_1 instances:  15
  Class: sky130_fd_sc_hd__nand2_4 instances:   1
  Class: sky130_fd_sc_hd__nor4b_2 instances:   1
  Class: sky130_fd_sc_hd__nor4b_4 instances:   3
  Class: sky130_fd_sc_hd__nand3b_1 instances:   1
  Class: sky130_fd_sc_hd__mux2_1 instances: 1004
  Class: sky130_fd_sc_hd__nand3b_4 instances:   4
  Class: sky130_fd_sc_hd__and2_1 instances:  74
  Class: sky130_fd_sc_hd__and2_2 instances:  34
  Class: sky130_fd_sc_hd__and2_4 instances:  27
  Class: sky130_fd_sc_hd__or4b_4 instances:   1
  Class: sky130_fd_sc_hd__clkinvlp_4 instances:   8
  Class: sky130_fd_sc_hd__nor4_1 instances:   5
  Class: sky130_fd_sc_hd__nor4_2 instances:   3
  Class: sky130_fd_sc_hd__nor4_4 instances:   2
  Class: sky130_fd_sc_hd__inv_12 instances:   2
  Class: sky130_fd_sc_hd__inv_16 instances:   8
  Class: sky130_fd_sc_hd__o22a_1 instances:   3
  Class: sky130_fd_sc_hd__xnor2_1 instances:  12
  Class: sky130_fd_sc_hd__xnor2_2 instances:   3
  Class: sky130_fd_sc_hd__nor3b_1 instances:   1
  Class: sky130_fd_sc_hd__nand2b_1 instances:   3
  Class: sky130_fd_sc_hd__diode_2 instances: 1184
  Class: sky130_fd_sc_hd__a221o_1 instances: 176
  Class: sky130_fd_sc_hd__a221o_2 instances:   5
  Class: sky130_fd_sc_hd__a221o_4 instances:   1
  Class: sky130_fd_sc_hd__a211o_1 instances:   8
  Class: sky130_fd_sc_hd__dlymetal6s2s_1 instances:   6
  Class: sky130_fd_sc_hd__nor3_1 instances:   1
  Class: sky130_fd_sc_hd__a22o_1 instances: 404
  Class: sky130_fd_sc_hd__a22o_2 instances:   1
  Class: sky130_fd_sc_hd__o31a_1 instances:   3
  Class: sky130_fd_sc_hd__o31a_2 instances:   1
  Class: sky130_fd_sc_hd__o2bb2a_1 instances:   2
  Class: sky130_fd_sc_hd__o21a_1 instances:   9
  Class: sky130_fd_sc_hd__o21a_2 instances:   1
  Class: sky130_fd_sc_hd__o22ai_2 instances:   1
  Class: sky130_fd_sc_hd__o22ai_4 instances:   1
  Class: sky130_fd_sc_hd__and4b_1 instances:   1
  Class: sky130_fd_sc_hd__o21ai_1 instances:   3
  Class: sky130_fd_sc_hd__and4b_2 instances:   3
  Class: sky130_fd_sc_hd__o21ai_2 instances:   1
  Class: sky130_fd_sc_hd__and4b_4 instances:   1
  Class: sky130_fd_sc_hd__a21oi_1 instances:   9
  Class: sky130_fd_sc_hd__a21oi_2 instances:   2
  Class: sky130_fd_sc_hd__a21oi_4 instances:   2
  Class: sky130_ef_sc_hd__decap_40_12 instances:   1
  Class: sky130_fd_sc_hd__o211ai_2 instances:   1
  Class: sky130_fd_sc_hd__and4bb_1 instances:   2
  Class: sky130_fd_sc_hd__and4bb_2 instances:   2
  Class: sky130_fd_sc_hd__and4bb_4 instances:   3
  Class: sky130_fd_sc_hd__nor2_1 instances:  11
  Class: sky130_fd_sc_hd__nor2_2 instances:  13
  Class: sky130_fd_sc_hd__nor2_4 instances:   1
  Class: sky130_fd_sc_hd__nor2_8 instances:   1
Circuit contains 13492 nets, and 335 disconnected pins.
Contents of circuit 2:  Circuit: 'user_project_wrapper'
Circuit user_project_wrapper contains 14342 device instances.
  Class: sky130_fd_sc_hd__bufinv_16 instances:  32
  Class: sky130_fd_sc_hd__a31o_1 instances:   5
  Class: sky130_fd_sc_hd__a31o_2 instances:   1
  Class: sky130_fd_sc_hd__a21o_1 instances:  17
  Class: sky130_fd_sc_hd__a21o_2 instances:  16
  Class: sky130_fd_sc_hd__a21o_4 instances:  23
  Class: sky130_fd_sc_hd__clkbuf_16 instances:  16
  Class: sky130_fd_sc_hd__or4_1 instances:  39
  Class: sky130_fd_sc_hd__or4_2 instances:  14
  Class: sky130_fd_sc_hd__or4_4 instances:  11
  Class: sky130_fd_sc_hd__nand4_1 instances:   2
  Class: sky130_fd_sc_hd__buf_1 instances:   3
  Class: sky130_fd_sc_hd__buf_2 instances: 115
  Class: sky130_fd_sc_hd__buf_4 instances: 190
  Class: sky130_fd_sc_hd__buf_6 instances:  93
  Class: sky130_fd_sc_hd__buf_8 instances: 145
  Class: sky130_fd_sc_hd__a2bb2o_1 instances:   3
  Class: sky130_fd_sc_hd__and3b_2 instances:   1
  Class: sky130_fd_sc_hd__and3b_4 instances:   1
  Class: sky130_fd_sc_hd__xor2_1 instances:   3
  Class: sky130_fd_sc_hd__xor2_2 instances:   3
  Class: sky130_fd_sc_hd__dfrtp_1 instances: 1101
  Class: sky130_fd_sc_hd__dfrtp_2 instances:  29
  Class: sky130_fd_sc_hd__and4_1 instances:   2
  Class: sky130_fd_sc_hd__inv_2 instances: 1200
  Class: sky130_fd_sc_hd__inv_4 instances:   1
  Class: sky130_fd_sc_hd__inv_6 instances:   5
  Class: sky130_fd_sc_hd__inv_8 instances:   6
  Class: sky130_fd_sc_hd__clkbuf_2 instances:  27
  Class: sky130_fd_sc_hd__clkbuf_4 instances: 186
  Class: sky130_fd_sc_hd__clkbuf_8 instances: 388
  Class: sky130_fd_sc_hd__or3_1 instances:   9
  Class: sky130_fd_sc_hd__or3_2 instances:   3
  Class: sky130_fd_sc_hd__or3_4 instances:   1
  Class: sky130_fd_sc_hd__nand3_1 instances:   2
  Class: sky130_fd_sc_hd__nand3_2 instances:   1
  Class: sky130_fd_sc_hd__o21ba_1 instances:   1
  Class: sky130_fd_sc_hd__and2b_1 instances:   2
  Class: sky130_fd_sc_hd__conb_1 instances: 238
  Class: sky130_fd_sc_hd__and2b_2 instances:   1
  Class: sky130_fd_sc_hd__a21boi_1 instances:   1
  Class: Neuromorphic_X1_wb    instances:   1
  Class: sky130_fd_sc_hd__buf_12 instances:  84
  Class: sky130_fd_sc_hd__clkinv_2 instances:  58
  Class: sky130_fd_sc_hd__clkinv_4 instances:   2
  Class: sky130_fd_sc_hd__clkinv_8 instances:   2
  Class: sky130_fd_sc_hd__and3_1 instances: 112
  Class: sky130_fd_sc_hd__and3_2 instances:  15
  Class: sky130_fd_sc_hd__and3_4 instances:   7
  Class: sky130_fd_sc_hd__a2111o_1 instances:  45
  Class: sky130_fd_sc_hd__a2111o_2 instances:   3
  Class: sky130_fd_sc_hd__decap_3 instances:   1
  Class: sky130_fd_sc_hd__dlygate4sd3_1 instances: 6979
  Class: sky130_fd_sc_hd__or2_1 instances:  18
  Class: sky130_fd_sc_hd__or2_2 instances:   1
  Class: sky130_fd_sc_hd__a2111oi_1 instances:   1
  Class: sky130_fd_sc_hd__nand2_1 instances:  15
  Class: sky130_fd_sc_hd__nand2_4 instances:   1
  Class: sky130_fd_sc_hd__nor4b_2 instances:   1
  Class: sky130_fd_sc_hd__nor4b_4 instances:   3
  Class: sky130_fd_sc_hd__nand3b_1 instances:   1
  Class: sky130_fd_sc_hd__mux2_1 instances: 1004
  Class: sky130_fd_sc_hd__nand3b_4 instances:   4
  Class: sky130_fd_sc_hd__and2_1 instances:  74
  Class: sky130_fd_sc_hd__and2_2 instances:  34
  Class: sky130_fd_sc_hd__and2_4 instances:  27
  Class: sky130_fd_sc_hd__or4b_4 instances:   1
  Class: sky130_fd_sc_hd__clkinvlp_4 instances:   8
  Class: sky130_fd_sc_hd__nor4_1 instances:   5
  Class: sky130_fd_sc_hd__nor4_2 instances:   3
  Class: sky130_fd_sc_hd__nor4_4 instances:   2
  Class: sky130_fd_sc_hd__inv_12 instances:   2
  Class: sky130_fd_sc_hd__inv_16 instances:   8
  Class: sky130_fd_sc_hd__o22a_1 instances:   3
  Class: sky130_fd_sc_hd__xnor2_1 instances:  12
  Class: sky130_fd_sc_hd__xnor2_2 instances:   3
  Class: sky130_fd_sc_hd__nor3b_1 instances:   1
  Class: sky130_fd_sc_hd__nand2b_1 instances:   3
  Class: sky130_fd_sc_hd__diode_2 instances: 1184
  Class: sky130_fd_sc_hd__a221o_1 instances: 176
  Class: sky130_fd_sc_hd__a221o_2 instances:   5
  Class: sky130_fd_sc_hd__a221o_4 instances:   1
  Class: sky130_fd_sc_hd__a211o_1 instances:   8
  Class: sky130_fd_sc_hd__dlymetal6s2s_1 instances:   6
  Class: sky130_fd_sc_hd__nor3_1 instances:   1
  Class: sky130_fd_sc_hd__a22o_1 instances: 404
  Class: sky130_fd_sc_hd__a22o_2 instances:   1
  Class: sky130_fd_sc_hd__o31a_1 instances:   3
  Class: sky130_fd_sc_hd__o31a_2 instances:   1
  Class: sky130_fd_sc_hd__o2bb2a_1 instances:   2
  Class: sky130_fd_sc_hd__o21a_1 instances:   9
  Class: sky130_fd_sc_hd__o21a_2 instances:   1
  Class: sky130_fd_sc_hd__o22ai_2 instances:   1
  Class: sky130_fd_sc_hd__o22ai_4 instances:   1
  Class: sky130_fd_sc_hd__and4b_1 instances:   1
  Class: sky130_fd_sc_hd__o21ai_1 instances:   3
  Class: sky130_fd_sc_hd__and4b_2 instances:   3
  Class: sky130_fd_sc_hd__o21ai_2 instances:   1
  Class: sky130_fd_sc_hd__and4b_4 instances:   1
  Class: sky130_fd_sc_hd__a21oi_1 instances:   9
  Class: sky130_fd_sc_hd__a21oi_2 instances:   2
  Class: sky130_fd_sc_hd__a21oi_4 instances:   2
  Class: sky130_ef_sc_hd__decap_40_12 instances:   1
  Class: sky130_fd_sc_hd__o211ai_2 instances:   1
  Class: sky130_fd_sc_hd__and4bb_1 instances:   2
  Class: sky130_fd_sc_hd__and4bb_2 instances:   2
  Class: sky130_fd_sc_hd__and4bb_4 instances:   3
  Class: sky130_fd_sc_hd__nor2_1 instances:  11
  Class: sky130_fd_sc_hd__nor2_2 instances:  13
  Class: sky130_fd_sc_hd__nor2_4 instances:   1
  Class: sky130_fd_sc_hd__nor2_8 instances:   1
Circuit contains 13492 nets, and 335 disconnected pins.

Circuit 1 contains 14342 devices, Circuit 2 contains 14342 devices.
Circuit 1 contains 13492 nets,    Circuit 2 contains 13492 nets.


Final result: 
Circuits match uniquely.
.
Logging to file "/home/impact/tapeout_8IP/openlane/user_project_wrapper/runs/26_05_13_08_55/68-netgen-lvs/reports/lvs.netgen.rpt" disabled
LVS Done.
