
===========================================================================
report_checks -unconstrained
===========================================================================
======================= nom_ff_n40C_1v95 Corner ===================================

Startpoint: wb_rst_i (input port clocked by clk)
Endpoint: _09560_ (recovery check against rising-edge clock clk)
Path Group: asynchronous
Path Type: max

Fanout         Cap        Slew       Delay        Time   Description
---------------------------------------------------------------------------------------------
                                  0.000000    0.000000   clock clk (rise edge)
                                  5.570000    5.570000   clock network delay (propagated)
                                 15.000000   20.570000 v input external delay
     2    0.004320    0.000000    0.000000   20.570000 v wb_rst_i (in)
                                                         wb_rst_i (net)
                      0.000113    0.000057   20.570057 v input5/A (sky130_fd_sc_hd__clkbuf_2)
     3    0.042776    0.112551    0.127827   20.697884 v input5/X (sky130_fd_sc_hd__clkbuf_2)
                                                         net5 (net)
                      0.113141    0.006690   20.704573 v fanout1266/A (sky130_fd_sc_hd__buf_6)
     5    0.036586    0.034099    0.125940   20.830513 v fanout1266/X (sky130_fd_sc_hd__buf_6)
                                                         net1266 (net)
                      0.034864    0.003959   20.834473 v wire1267/A (sky130_fd_sc_hd__clkbuf_8)
     7    0.148186    0.114584    0.150626   20.985098 v wire1267/X (sky130_fd_sc_hd__clkbuf_8)
                                                         net1267 (net)
                      0.127225    0.028862   21.013962 v fanout1257/A (sky130_fd_sc_hd__buf_4)
    13    0.121167    0.110364    0.201588   21.215549 v fanout1257/X (sky130_fd_sc_hd__buf_4)
                                                         net1257 (net)
                      0.110384    0.001304   21.216852 v fanout1220/A (sky130_fd_sc_hd__buf_2)
    11    0.068615    0.113108    0.187704   21.404556 v fanout1220/X (sky130_fd_sc_hd__buf_2)
                                                         net1220 (net)
                      0.113154    0.001950   21.406507 v fanout1211/A (sky130_fd_sc_hd__buf_2)
    11    0.051823    0.087674    0.170141   21.576649 v fanout1211/X (sky130_fd_sc_hd__buf_2)
                                                         net1211 (net)
                      0.087729    0.000643   21.577291 v fanout1208/A (sky130_fd_sc_hd__clkbuf_4)
    17    0.065967    0.094093    0.178567   21.755857 v fanout1208/X (sky130_fd_sc_hd__clkbuf_4)
                                                         net1208 (net)
                      0.094175    0.002535   21.758392 v _08430_/A (sky130_fd_sc_hd__inv_2)
     1    0.006463    0.038552    0.058696   21.817089 ^ _08430_/Y (sky130_fd_sc_hd__inv_2)
                                                         _00785_ (net)
                      0.038553    0.000178   21.817266 ^ _09560_/RESET_B (sky130_fd_sc_hd__dfrtp_1)
                                             21.817266   data arrival time

                                 30.000000   30.000000   clock clk (rise edge)
                                  4.650000   34.650002   clock source latency
     2    0.171024    0.610000    0.000000   34.650002 ^ wb_clk_i (in)
                                                         wb_clk_i (net)
                      0.811544    0.100769   34.750771 ^ clkbuf_0_wb_clk_i/A (sky130_fd_sc_hd__clkbuf_16)
     5    0.065258    0.078737    0.161371   34.912140 ^ clkbuf_0_wb_clk_i/X (sky130_fd_sc_hd__clkbuf_16)
                                                         clknet_0_wb_clk_i (net)
                      0.083551    0.014722   34.926865 ^ clkbuf_1_1_0_wb_clk_i/A (sky130_fd_sc_hd__clkbuf_8)
     9    0.124060    0.166252    0.181394   35.108257 ^ clkbuf_1_1_0_wb_clk_i/X (sky130_fd_sc_hd__clkbuf_8)
                                                         clknet_1_1_0_wb_clk_i (net)
                      0.170632    0.021398   35.129658 ^ clkbuf_3_5_0_wb_clk_i/A (sky130_fd_sc_hd__clkbuf_8)
     9    0.083183    0.115246    0.172491   35.302147 ^ clkbuf_3_5_0_wb_clk_i/X (sky130_fd_sc_hd__clkbuf_8)
                                                         clknet_3_5_0_wb_clk_i (net)
                      0.115265    0.001275   35.303425 ^ clkbuf_5_20_0_wb_clk_i/A (sky130_fd_sc_hd__clkbuf_8)
    15    0.069520    0.097581    0.155580   35.459003 ^ clkbuf_5_20_0_wb_clk_i/X (sky130_fd_sc_hd__clkbuf_8)
                                                         clknet_5_20_0_wb_clk_i (net)
                      0.097715    0.002458   35.461464 ^ clkbuf_leaf_172_wb_clk_i/A (sky130_fd_sc_hd__clkbuf_8)
     5    0.019342    0.037569    0.105594   35.567055 ^ clkbuf_leaf_172_wb_clk_i/X (sky130_fd_sc_hd__clkbuf_8)
                                                         clknet_leaf_172_wb_clk_i (net)
                      0.037571    0.000355   35.567410 ^ _09560_/CLK (sky130_fd_sc_hd__dfrtp_1)
                                 -0.250000   35.317410   clock uncertainty
                                  0.000000   35.317410   clock reconvergence pessimism
                                  0.143237   35.460648   library recovery time
                                             35.460648   data required time
---------------------------------------------------------------------------------------------
                                             35.460648   data required time
                                            -21.817266   data arrival time
---------------------------------------------------------------------------------------------
                                             13.643382   slack (MET)


Startpoint: wb_rst_i (input port clocked by clk)
Endpoint: mprj.synapse_matrix_inst.X1_inst
          (rising edge-triggered flip-flop clocked by clk)
Path Group: clk
Path Type: max

Fanout         Cap        Slew       Delay        Time   Description
---------------------------------------------------------------------------------------------
                                  0.000000    0.000000   clock clk (rise edge)
                                  5.570000    5.570000   clock network delay (propagated)
                                 15.000000   20.570000 ^ input external delay
     2    0.004582    0.000000    0.000000   20.570000 ^ wb_rst_i (in)
                                                         wb_rst_i (net)
                      0.000123    0.000060   20.570061 ^ input5/A (sky130_fd_sc_hd__clkbuf_2)
     3    0.043330    0.181877    0.158790   20.728849 ^ input5/X (sky130_fd_sc_hd__clkbuf_2)
                                                         net5 (net)
                      0.182267    0.006850   20.735701 ^ fanout1266/A (sky130_fd_sc_hd__buf_6)
     5    0.037639    0.063736    0.106093   20.841793 ^ fanout1266/X (sky130_fd_sc_hd__buf_6)
                                                         net1266 (net)
                      0.064158    0.004100   20.845892 ^ wire1267/A (sky130_fd_sc_hd__clkbuf_8)
     7    0.149289    0.198600    0.191836   21.037729 ^ wire1267/X (sky130_fd_sc_hd__clkbuf_8)
                                                         net1267 (net)
                      0.206482    0.031099   21.068827 ^ fanout1263/A (sky130_fd_sc_hd__clkbuf_8)
     7    0.103188    0.139639    0.185084   21.253912 ^ fanout1263/X (sky130_fd_sc_hd__clkbuf_8)
                                                         net1263 (net)
                      0.153801    0.034253   21.288164 ^ wire1265/A (sky130_fd_sc_hd__buf_6)
     3    0.080306    0.123909    0.140682   21.428846 ^ wire1265/X (sky130_fd_sc_hd__buf_6)
                                                         net1265 (net)
                      0.129227    0.020075   21.448921 ^ wire1264/A (sky130_fd_sc_hd__buf_12)
     5    0.299772    0.242725    0.149740   21.598661 ^ wire1264/X (sky130_fd_sc_hd__buf_12)
                                                         net1264 (net)
                      0.341963    0.124793   21.723454 ^ mprj.synapse_matrix_inst.X1_inst/wb_rst_i (Neuromorphic_X1_wb)
                                             21.723454   data arrival time

                                 30.000000   30.000000   clock clk (rise edge)
                                  4.650000   34.650002   clock source latency
     2    0.171024    0.610000    0.000000   34.650002 ^ wb_clk_i (in)
                                                         wb_clk_i (net)
                      0.811544    0.100769   34.750771 ^ clkbuf_0_wb_clk_i/A (sky130_fd_sc_hd__clkbuf_16)
     5    0.065258    0.078737    0.161371   34.912140 ^ clkbuf_0_wb_clk_i/X (sky130_fd_sc_hd__clkbuf_16)
                                                         clknet_0_wb_clk_i (net)
                      0.083551    0.014722   34.926865 ^ clkbuf_1_1_0_wb_clk_i/A (sky130_fd_sc_hd__clkbuf_8)
     9    0.124060    0.166252    0.181394   35.108257 ^ clkbuf_1_1_0_wb_clk_i/X (sky130_fd_sc_hd__clkbuf_8)
                                                         clknet_1_1_0_wb_clk_i (net)
                      0.171919    0.024205   35.132462 ^ clkbuf_3_7_0_wb_clk_i/A (sky130_fd_sc_hd__clkbuf_8)
     9    0.091667    0.125951    0.177270   35.309734 ^ clkbuf_3_7_0_wb_clk_i/X (sky130_fd_sc_hd__clkbuf_8)
                                                         clknet_3_7_0_wb_clk_i (net)
                      0.128217    0.013436   35.323170 ^ clkbuf_5_31_0_wb_clk_i/A (sky130_fd_sc_hd__clkbuf_8)
    29    0.321611    0.405593    0.334403   35.657574 ^ clkbuf_5_31_0_wb_clk_i/X (sky130_fd_sc_hd__clkbuf_8)
                                                         clknet_5_31_0_wb_clk_i (net)
                      0.482926    0.136481   35.794052 ^ clkbuf_leaf_145_wb_clk_i/A (sky130_fd_sc_hd__clkbuf_8)
     2    0.043762    0.074407    0.166704   35.960758 ^ clkbuf_leaf_145_wb_clk_i/X (sky130_fd_sc_hd__clkbuf_8)
                                                         clknet_leaf_145_wb_clk_i (net)
                      0.074424    0.001098   35.961857 ^ mprj.synapse_matrix_inst.X1_inst/wb_clk_i (Neuromorphic_X1_wb)
                                 -0.250000   35.711853   clock uncertainty
                                  0.000000   35.711853   clock reconvergence pessimism
                                 -0.686432   35.025425   library setup time
                                             35.025425   data required time
---------------------------------------------------------------------------------------------
                                             35.025425   data required time
                                            -21.723454   data arrival time
---------------------------------------------------------------------------------------------
                                             13.301970   slack (MET)




===========================================================================
report_checks --slack_max -0.01
============================================================================
======================= nom_ff_n40C_1v95 Corner ===================================

No paths found.


===========================================================================
 report_check_types -max_slew -max_cap -max_fanout -violators
============================================================================
======================= nom_ff_n40C_1v95 Corner ===================================

max fanout

Pin                                   Limit Fanout  Slack
---------------------------------------------------------
clkbuf_5_30_0_wb_clk_i/X                  8     41    -33 (VIOLATED)
clkbuf_5_29_0_wb_clk_i/X                  8     33    -25 (VIOLATED)
clkbuf_5_28_0_wb_clk_i/X                  8     31    -23 (VIOLATED)
clkbuf_5_19_0_wb_clk_i/X                  8     29    -21 (VIOLATED)
clkbuf_5_24_0_wb_clk_i/X                  8     29    -21 (VIOLATED)
clkbuf_5_2_0_wb_clk_i/X                   8     29    -21 (VIOLATED)
clkbuf_5_31_0_wb_clk_i/X                  8     29    -21 (VIOLATED)
clkbuf_5_3_0_wb_clk_i/X                   8     25    -17 (VIOLATED)
clkbuf_5_17_0_wb_clk_i/X                  8     23    -15 (VIOLATED)
clkbuf_5_18_0_wb_clk_i/X                  8     23    -15 (VIOLATED)
clkbuf_5_26_0_wb_clk_i/X                  8     23    -15 (VIOLATED)
clkbuf_5_0_0_wb_clk_i/X                   8     21    -13 (VIOLATED)
clkbuf_5_25_0_wb_clk_i/X                  8     21    -13 (VIOLATED)
clkbuf_5_27_0_wb_clk_i/X                  8     21    -13 (VIOLATED)
_04527_/X                                 8     20    -12 (VIOLATED)
clkbuf_5_16_0_wb_clk_i/X                  8     19    -11 (VIOLATED)
clkbuf_5_1_0_wb_clk_i/X                   8     19    -11 (VIOLATED)
clkbuf_5_23_0_wb_clk_i/X                  8     19    -11 (VIOLATED)
fanout729/X                               8     18    -10 (VIOLATED)
_04425_/Y                                 8     17     -9 (VIOLATED)
_04506_/X                                 8     17     -9 (VIOLATED)
_04510_/X                                 8     17     -9 (VIOLATED)
_04525_/X                                 8     17     -9 (VIOLATED)
_04545_/X                                 8     17     -9 (VIOLATED)
_04552_/X                                 8     17     -9 (VIOLATED)
_04565_/Y                                 8     17     -9 (VIOLATED)
clkbuf_5_12_0_wb_clk_i/X                  8     17     -9 (VIOLATED)
clkbuf_5_13_0_wb_clk_i/X                  8     17     -9 (VIOLATED)
clkbuf_5_15_0_wb_clk_i/X                  8     17     -9 (VIOLATED)
clkbuf_5_21_0_wb_clk_i/X                  8     17     -9 (VIOLATED)
clkbuf_5_6_0_wb_clk_i/X                   8     17     -9 (VIOLATED)
clkbuf_5_7_0_wb_clk_i/X                   8     17     -9 (VIOLATED)
fanout100/X                               8     17     -9 (VIOLATED)
fanout1002/X                              8     17     -9 (VIOLATED)
fanout1003/X                              8     17     -9 (VIOLATED)
fanout1004/X                              8     17     -9 (VIOLATED)
fanout1006/X                              8     17     -9 (VIOLATED)
fanout1007/X                              8     17     -9 (VIOLATED)
fanout1008/X                              8     17     -9 (VIOLATED)
fanout1009/X                              8     17     -9 (VIOLATED)
fanout1010/X                              8     17     -9 (VIOLATED)
fanout1017/X                              8     17     -9 (VIOLATED)
fanout1019/X                              8     17     -9 (VIOLATED)
fanout102/X                               8     17     -9 (VIOLATED)
fanout1023/X                              8     17     -9 (VIOLATED)
fanout1025/X                              8     17     -9 (VIOLATED)
fanout1026/X                              8     17     -9 (VIOLATED)
fanout1034/X                              8     17     -9 (VIOLATED)
fanout1036/X                              8     17     -9 (VIOLATED)
fanout1044/X                              8     17     -9 (VIOLATED)
fanout105/X                               8     17     -9 (VIOLATED)
fanout1051/X                              8     17     -9 (VIOLATED)
fanout1052/X                              8     17     -9 (VIOLATED)
fanout1053/X                              8     17     -9 (VIOLATED)
fanout1054/X                              8     17     -9 (VIOLATED)
fanout1056/X                              8     17     -9 (VIOLATED)
fanout106/X                               8     17     -9 (VIOLATED)
fanout1061/X                              8     17     -9 (VIOLATED)
fanout1063/X                              8     17     -9 (VIOLATED)
fanout1065/X                              8     17     -9 (VIOLATED)
fanout1067/X                              8     17     -9 (VIOLATED)
fanout1068/X                              8     17     -9 (VIOLATED)
fanout1071/X                              8     17     -9 (VIOLATED)
fanout1084/X                              8     17     -9 (VIOLATED)
fanout1087/X                              8     17     -9 (VIOLATED)
fanout109/X                               8     17     -9 (VIOLATED)
fanout1096/X                              8     17     -9 (VIOLATED)
fanout1097/X                              8     17     -9 (VIOLATED)
fanout1098/X                              8     17     -9 (VIOLATED)
fanout110/X                               8     17     -9 (VIOLATED)
fanout1100/X                              8     17     -9 (VIOLATED)
fanout1106/X                              8     17     -9 (VIOLATED)
fanout1107/X                              8     17     -9 (VIOLATED)
fanout1108/X                              8     17     -9 (VIOLATED)
fanout1110/X                              8     17     -9 (VIOLATED)
fanout1112/X                              8     17     -9 (VIOLATED)
fanout1113/X                              8     17     -9 (VIOLATED)
fanout1114/X                              8     17     -9 (VIOLATED)
fanout1118/X                              8     17     -9 (VIOLATED)
fanout112/X                               8     17     -9 (VIOLATED)
fanout1122/X                              8     17     -9 (VIOLATED)
fanout1123/X                              8     17     -9 (VIOLATED)
fanout1124/X                              8     17     -9 (VIOLATED)
fanout1125/X                              8     17     -9 (VIOLATED)
fanout1130/X                              8     17     -9 (VIOLATED)
fanout1135/X                              8     17     -9 (VIOLATED)
fanout1139/X                              8     17     -9 (VIOLATED)
fanout114/X                               8     17     -9 (VIOLATED)
fanout1148/X                              8     17     -9 (VIOLATED)
fanout1155/X                              8     17     -9 (VIOLATED)
fanout1156/X                              8     17     -9 (VIOLATED)
fanout1157/X                              8     17     -9 (VIOLATED)
fanout1158/X                              8     17     -9 (VIOLATED)
fanout116/X                               8     17     -9 (VIOLATED)
fanout1167/X                              8     17     -9 (VIOLATED)
fanout117/X                               8     17     -9 (VIOLATED)
fanout1170/X                              8     17     -9 (VIOLATED)
fanout1174/X                              8     17     -9 (VIOLATED)
fanout1176/X                              8     17     -9 (VIOLATED)
fanout118/X                               8     17     -9 (VIOLATED)
fanout1185/X                              8     17     -9 (VIOLATED)
fanout1186/X                              8     17     -9 (VIOLATED)
fanout1189/X                              8     17     -9 (VIOLATED)
fanout119/X                               8     17     -9 (VIOLATED)
fanout1190/X                              8     17     -9 (VIOLATED)
fanout1191/X                              8     17     -9 (VIOLATED)
fanout1193/X                              8     17     -9 (VIOLATED)
fanout1197/X                              8     17     -9 (VIOLATED)
fanout1198/X                              8     17     -9 (VIOLATED)
fanout1202/X                              8     17     -9 (VIOLATED)
fanout1205/X                              8     17     -9 (VIOLATED)
fanout1206/X                              8     17     -9 (VIOLATED)
fanout1208/X                              8     17     -9 (VIOLATED)
fanout121/X                               8     17     -9 (VIOLATED)
fanout1210/X                              8     17     -9 (VIOLATED)
fanout1214/X                              8     17     -9 (VIOLATED)
fanout1217/X                              8     17     -9 (VIOLATED)
fanout122/X                               8     17     -9 (VIOLATED)
fanout1221/X                              8     17     -9 (VIOLATED)
fanout1222/X                              8     17     -9 (VIOLATED)
fanout1226/X                              8     17     -9 (VIOLATED)
fanout123/X                               8     17     -9 (VIOLATED)
fanout1237/X                              8     17     -9 (VIOLATED)
fanout1238/X                              8     17     -9 (VIOLATED)
fanout124/X                               8     17     -9 (VIOLATED)
fanout1241/X                              8     17     -9 (VIOLATED)
fanout1242/X                              8     17     -9 (VIOLATED)
fanout1244/X                              8     17     -9 (VIOLATED)
fanout1245/X                              8     17     -9 (VIOLATED)
fanout1249/X                              8     17     -9 (VIOLATED)
fanout1250/X                              8     17     -9 (VIOLATED)
fanout1251/X                              8     17     -9 (VIOLATED)
fanout1253/X                              8     17     -9 (VIOLATED)
fanout126/X                               8     17     -9 (VIOLATED)
fanout1270/X                              8     17     -9 (VIOLATED)
fanout1271/X                              8     17     -9 (VIOLATED)
fanout128/X                               8     17     -9 (VIOLATED)
fanout1316/X                              8     17     -9 (VIOLATED)
fanout1318/X                              8     17     -9 (VIOLATED)
fanout137/X                               8     17     -9 (VIOLATED)
fanout1388/X                              8     17     -9 (VIOLATED)
fanout139/X                               8     17     -9 (VIOLATED)
fanout1397/X                              8     17     -9 (VIOLATED)
fanout1398/X                              8     17     -9 (VIOLATED)
fanout142/X                               8     17     -9 (VIOLATED)
fanout143/X                               8     17     -9 (VIOLATED)
fanout144/X                               8     17     -9 (VIOLATED)
fanout145/X                               8     17     -9 (VIOLATED)
fanout147/X                               8     17     -9 (VIOLATED)
fanout148/X                               8     17     -9 (VIOLATED)
fanout151/X                               8     17     -9 (VIOLATED)
fanout153/X                               8     17     -9 (VIOLATED)
fanout155/X                               8     17     -9 (VIOLATED)
fanout158/X                               8     17     -9 (VIOLATED)
fanout160/X                               8     17     -9 (VIOLATED)
fanout162/X                               8     17     -9 (VIOLATED)
fanout164/X                               8     17     -9 (VIOLATED)
fanout166/X                               8     17     -9 (VIOLATED)
fanout167/X                               8     17     -9 (VIOLATED)
fanout170/X                               8     17     -9 (VIOLATED)
fanout172/X                               8     17     -9 (VIOLATED)
fanout174/X                               8     17     -9 (VIOLATED)
fanout178/X                               8     17     -9 (VIOLATED)
fanout179/X                               8     17     -9 (VIOLATED)
fanout182/X                               8     17     -9 (VIOLATED)
fanout183/X                               8     17     -9 (VIOLATED)
fanout189/X                               8     17     -9 (VIOLATED)
fanout191/X                               8     17     -9 (VIOLATED)
fanout196/X                               8     17     -9 (VIOLATED)
fanout198/X                               8     17     -9 (VIOLATED)
fanout204/X                               8     17     -9 (VIOLATED)
fanout206/X                               8     17     -9 (VIOLATED)
fanout208/X                               8     17     -9 (VIOLATED)
fanout209/X                               8     17     -9 (VIOLATED)
fanout211/X                               8     17     -9 (VIOLATED)
fanout214/X                               8     17     -9 (VIOLATED)
fanout217/X                               8     17     -9 (VIOLATED)
fanout218/X                               8     17     -9 (VIOLATED)
fanout220/X                               8     17     -9 (VIOLATED)
fanout221/X                               8     17     -9 (VIOLATED)
fanout223/X                               8     17     -9 (VIOLATED)
fanout225/X                               8     17     -9 (VIOLATED)
fanout226/X                               8     17     -9 (VIOLATED)
fanout227/X                               8     17     -9 (VIOLATED)
fanout233/X                               8     17     -9 (VIOLATED)
fanout235/X                               8     17     -9 (VIOLATED)
fanout236/X                               8     17     -9 (VIOLATED)
fanout237/X                               8     17     -9 (VIOLATED)
fanout239/X                               8     17     -9 (VIOLATED)
fanout241/X                               8     17     -9 (VIOLATED)
fanout242/X                               8     17     -9 (VIOLATED)
fanout247/X                               8     17     -9 (VIOLATED)
fanout253/X                               8     17     -9 (VIOLATED)
fanout255/X                               8     17     -9 (VIOLATED)
fanout256/X                               8     17     -9 (VIOLATED)
fanout258/X                               8     17     -9 (VIOLATED)
fanout259/X                               8     17     -9 (VIOLATED)
fanout262/X                               8     17     -9 (VIOLATED)
fanout264/X                               8     17     -9 (VIOLATED)
fanout267/X                               8     17     -9 (VIOLATED)
fanout270/X                               8     17     -9 (VIOLATED)
fanout275/X                               8     17     -9 (VIOLATED)
fanout276/X                               8     17     -9 (VIOLATED)
fanout278/X                               8     17     -9 (VIOLATED)
fanout285/X                               8     17     -9 (VIOLATED)
fanout289/X                               8     17     -9 (VIOLATED)
fanout290/X                               8     17     -9 (VIOLATED)
fanout291/X                               8     17     -9 (VIOLATED)
fanout293/X                               8     17     -9 (VIOLATED)
fanout299/X                               8     17     -9 (VIOLATED)
fanout305/X                               8     17     -9 (VIOLATED)
fanout307/X                               8     17     -9 (VIOLATED)
fanout309/X                               8     17     -9 (VIOLATED)
fanout311/X                               8     17     -9 (VIOLATED)
fanout313/X                               8     17     -9 (VIOLATED)
fanout315/X                               8     17     -9 (VIOLATED)
fanout320/X                               8     17     -9 (VIOLATED)
fanout322/X                               8     17     -9 (VIOLATED)
fanout324/X                               8     17     -9 (VIOLATED)
fanout326/X                               8     17     -9 (VIOLATED)
fanout328/X                               8     17     -9 (VIOLATED)
fanout330/X                               8     17     -9 (VIOLATED)
fanout332/X                               8     17     -9 (VIOLATED)
fanout334/X                               8     17     -9 (VIOLATED)
fanout336/X                               8     17     -9 (VIOLATED)
fanout338/X                               8     17     -9 (VIOLATED)
fanout340/X                               8     17     -9 (VIOLATED)
fanout342/X                               8     17     -9 (VIOLATED)
fanout344/X                               8     17     -9 (VIOLATED)
fanout346/X                               8     17     -9 (VIOLATED)
fanout348/X                               8     17     -9 (VIOLATED)
fanout350/X                               8     17     -9 (VIOLATED)
fanout351/X                               8     17     -9 (VIOLATED)
fanout352/X                               8     17     -9 (VIOLATED)
fanout353/X                               8     17     -9 (VIOLATED)
fanout354/X                               8     17     -9 (VIOLATED)
fanout356/X                               8     17     -9 (VIOLATED)
fanout357/X                               8     17     -9 (VIOLATED)
fanout358/X                               8     17     -9 (VIOLATED)
fanout360/X                               8     17     -9 (VIOLATED)
fanout362/X                               8     17     -9 (VIOLATED)
fanout364/X                               8     17     -9 (VIOLATED)
fanout365/X                               8     17     -9 (VIOLATED)
fanout366/X                               8     17     -9 (VIOLATED)
fanout368/X                               8     17     -9 (VIOLATED)
fanout370/X                               8     17     -9 (VIOLATED)
fanout372/X                               8     17     -9 (VIOLATED)
fanout377/X                               8     17     -9 (VIOLATED)
fanout379/X                               8     17     -9 (VIOLATED)
fanout380/X                               8     17     -9 (VIOLATED)
fanout384/X                               8     17     -9 (VIOLATED)
fanout386/X                               8     17     -9 (VIOLATED)
fanout388/X                               8     17     -9 (VIOLATED)
fanout390/X                               8     17     -9 (VIOLATED)
fanout391/X                               8     17     -9 (VIOLATED)
fanout392/X                               8     17     -9 (VIOLATED)
fanout394/X                               8     17     -9 (VIOLATED)
fanout399/X                               8     17     -9 (VIOLATED)
fanout401/X                               8     17     -9 (VIOLATED)
fanout403/X                               8     17     -9 (VIOLATED)
fanout405/X                               8     17     -9 (VIOLATED)
fanout407/X                               8     17     -9 (VIOLATED)
fanout409/X                               8     17     -9 (VIOLATED)
fanout411/X                               8     17     -9 (VIOLATED)
fanout416/X                               8     17     -9 (VIOLATED)
fanout418/X                               8     17     -9 (VIOLATED)
fanout420/X                               8     17     -9 (VIOLATED)
fanout422/X                               8     17     -9 (VIOLATED)
fanout424/X                               8     17     -9 (VIOLATED)
fanout426/X                               8     17     -9 (VIOLATED)
fanout428/X                               8     17     -9 (VIOLATED)
fanout430/X                               8     17     -9 (VIOLATED)
fanout432/X                               8     17     -9 (VIOLATED)
fanout433/X                               8     17     -9 (VIOLATED)
fanout434/X                               8     17     -9 (VIOLATED)
fanout435/X                               8     17     -9 (VIOLATED)
fanout436/X                               8     17     -9 (VIOLATED)
fanout438/X                               8     17     -9 (VIOLATED)
fanout439/X                               8     17     -9 (VIOLATED)
fanout440/X                               8     17     -9 (VIOLATED)
fanout441/X                               8     17     -9 (VIOLATED)
fanout443/X                               8     17     -9 (VIOLATED)
fanout445/X                               8     17     -9 (VIOLATED)
fanout446/X                               8     17     -9 (VIOLATED)
fanout447/X                               8     17     -9 (VIOLATED)
fanout450/X                               8     17     -9 (VIOLATED)
fanout451/X                               8     17     -9 (VIOLATED)
fanout452/X                               8     17     -9 (VIOLATED)
fanout453/X                               8     17     -9 (VIOLATED)
fanout454/X                               8     17     -9 (VIOLATED)
fanout455/X                               8     17     -9 (VIOLATED)
fanout456/X                               8     17     -9 (VIOLATED)
fanout459/X                               8     17     -9 (VIOLATED)
fanout460/X                               8     17     -9 (VIOLATED)
fanout463/X                               8     17     -9 (VIOLATED)
fanout464/X                               8     17     -9 (VIOLATED)
fanout465/X                               8     17     -9 (VIOLATED)
fanout466/X                               8     17     -9 (VIOLATED)
fanout467/X                               8     17     -9 (VIOLATED)
fanout470/X                               8     17     -9 (VIOLATED)
fanout471/X                               8     17     -9 (VIOLATED)
fanout472/X                               8     17     -9 (VIOLATED)
fanout473/X                               8     17     -9 (VIOLATED)
fanout474/X                               8     17     -9 (VIOLATED)
fanout476/X                               8     17     -9 (VIOLATED)
fanout477/X                               8     17     -9 (VIOLATED)
fanout478/X                               8     17     -9 (VIOLATED)
fanout480/X                               8     17     -9 (VIOLATED)
fanout482/X                               8     17     -9 (VIOLATED)
fanout485/X                               8     17     -9 (VIOLATED)
fanout488/X                               8     17     -9 (VIOLATED)
fanout490/X                               8     17     -9 (VIOLATED)
fanout491/X                               8     17     -9 (VIOLATED)
fanout493/X                               8     17     -9 (VIOLATED)
fanout494/X                               8     17     -9 (VIOLATED)
fanout496/X                               8     17     -9 (VIOLATED)
fanout497/X                               8     17     -9 (VIOLATED)
fanout498/X                               8     17     -9 (VIOLATED)
fanout499/X                               8     17     -9 (VIOLATED)
fanout500/X                               8     17     -9 (VIOLATED)
fanout502/X                               8     17     -9 (VIOLATED)
fanout504/X                               8     17     -9 (VIOLATED)
fanout507/X                               8     17     -9 (VIOLATED)
fanout510/X                               8     17     -9 (VIOLATED)
fanout518/X                               8     17     -9 (VIOLATED)
fanout520/X                               8     17     -9 (VIOLATED)
fanout523/X                               8     17     -9 (VIOLATED)
fanout525/X                               8     17     -9 (VIOLATED)
fanout526/X                               8     17     -9 (VIOLATED)
fanout527/X                               8     17     -9 (VIOLATED)
fanout529/X                               8     17     -9 (VIOLATED)
fanout530/X                               8     17     -9 (VIOLATED)
fanout532/X                               8     17     -9 (VIOLATED)
fanout535/X                               8     17     -9 (VIOLATED)
fanout536/X                               8     17     -9 (VIOLATED)
fanout537/X                               8     17     -9 (VIOLATED)
fanout538/X                               8     17     -9 (VIOLATED)
fanout539/X                               8     17     -9 (VIOLATED)
fanout541/X                               8     17     -9 (VIOLATED)
fanout542/X                               8     17     -9 (VIOLATED)
fanout544/X                               8     17     -9 (VIOLATED)
fanout545/X                               8     17     -9 (VIOLATED)
fanout546/X                               8     17     -9 (VIOLATED)
fanout548/X                               8     17     -9 (VIOLATED)
fanout551/X                               8     17     -9 (VIOLATED)
fanout552/X                               8     17     -9 (VIOLATED)
fanout556/X                               8     17     -9 (VIOLATED)
fanout558/X                               8     17     -9 (VIOLATED)
fanout559/X                               8     17     -9 (VIOLATED)
fanout560/X                               8     17     -9 (VIOLATED)
fanout561/X                               8     17     -9 (VIOLATED)
fanout562/X                               8     17     -9 (VIOLATED)
fanout565/X                               8     17     -9 (VIOLATED)
fanout566/X                               8     17     -9 (VIOLATED)
fanout567/X                               8     17     -9 (VIOLATED)
fanout568/X                               8     17     -9 (VIOLATED)
fanout570/X                               8     17     -9 (VIOLATED)
fanout573/X                               8     17     -9 (VIOLATED)
fanout575/X                               8     17     -9 (VIOLATED)
fanout576/X                               8     17     -9 (VIOLATED)
fanout577/X                               8     17     -9 (VIOLATED)
fanout578/X                               8     17     -9 (VIOLATED)
fanout580/X                               8     17     -9 (VIOLATED)
fanout581/X                               8     17     -9 (VIOLATED)
fanout584/X                               8     17     -9 (VIOLATED)
fanout586/X                               8     17     -9 (VIOLATED)
fanout587/X                               8     17     -9 (VIOLATED)
fanout588/X                               8     17     -9 (VIOLATED)
fanout592/X                               8     17     -9 (VIOLATED)
fanout595/X                               8     17     -9 (VIOLATED)
fanout597/X                               8     17     -9 (VIOLATED)
fanout600/X                               8     17     -9 (VIOLATED)
fanout604/X                               8     17     -9 (VIOLATED)
fanout606/X                               8     17     -9 (VIOLATED)
fanout607/X                               8     17     -9 (VIOLATED)
fanout608/X                               8     17     -9 (VIOLATED)
fanout611/X                               8     17     -9 (VIOLATED)
fanout614/X                               8     17     -9 (VIOLATED)
fanout615/X                               8     17     -9 (VIOLATED)
fanout619/X                               8     17     -9 (VIOLATED)
fanout620/X                               8     17     -9 (VIOLATED)
fanout621/X                               8     17     -9 (VIOLATED)
fanout622/X                               8     17     -9 (VIOLATED)
fanout623/X                               8     17     -9 (VIOLATED)
fanout624/X                               8     17     -9 (VIOLATED)
fanout625/X                               8     17     -9 (VIOLATED)
fanout626/X                               8     17     -9 (VIOLATED)
fanout627/X                               8     17     -9 (VIOLATED)
fanout628/X                               8     17     -9 (VIOLATED)
fanout632/X                               8     17     -9 (VIOLATED)
fanout633/X                               8     17     -9 (VIOLATED)
fanout634/X                               8     17     -9 (VIOLATED)
fanout635/X                               8     17     -9 (VIOLATED)
fanout637/X                               8     17     -9 (VIOLATED)
fanout641/X                               8     17     -9 (VIOLATED)
fanout642/X                               8     17     -9 (VIOLATED)
fanout644/X                               8     17     -9 (VIOLATED)
fanout645/X                               8     17     -9 (VIOLATED)
fanout647/X                               8     17     -9 (VIOLATED)
fanout648/X                               8     17     -9 (VIOLATED)
fanout652/X                               8     17     -9 (VIOLATED)
fanout653/X                               8     17     -9 (VIOLATED)
fanout655/X                               8     17     -9 (VIOLATED)
fanout656/X                               8     17     -9 (VIOLATED)
fanout657/X                               8     17     -9 (VIOLATED)
fanout661/X                               8     17     -9 (VIOLATED)
fanout662/X                               8     17     -9 (VIOLATED)
fanout665/X                               8     17     -9 (VIOLATED)
fanout667/X                               8     17     -9 (VIOLATED)
fanout668/X                               8     17     -9 (VIOLATED)
fanout669/X                               8     17     -9 (VIOLATED)
fanout670/X                               8     17     -9 (VIOLATED)
fanout673/X                               8     17     -9 (VIOLATED)
fanout674/X                               8     17     -9 (VIOLATED)
fanout675/X                               8     17     -9 (VIOLATED)
fanout676/X                               8     17     -9 (VIOLATED)
fanout679/X                               8     17     -9 (VIOLATED)
fanout682/X                               8     17     -9 (VIOLATED)
fanout683/X                               8     17     -9 (VIOLATED)
fanout684/X                               8     17     -9 (VIOLATED)
fanout686/X                               8     17     -9 (VIOLATED)
fanout689/X                               8     17     -9 (VIOLATED)
fanout691/X                               8     17     -9 (VIOLATED)
fanout693/X                               8     17     -9 (VIOLATED)
fanout695/X                               8     17     -9 (VIOLATED)
fanout696/X                               8     17     -9 (VIOLATED)
fanout698/X                               8     17     -9 (VIOLATED)
fanout700/X                               8     17     -9 (VIOLATED)
fanout701/X                               8     17     -9 (VIOLATED)
fanout702/X                               8     17     -9 (VIOLATED)
fanout703/X                               8     17     -9 (VIOLATED)
fanout707/X                               8     17     -9 (VIOLATED)
fanout709/X                               8     17     -9 (VIOLATED)
fanout711/X                               8     17     -9 (VIOLATED)
fanout712/X                               8     17     -9 (VIOLATED)
fanout713/X                               8     17     -9 (VIOLATED)
fanout715/X                               8     17     -9 (VIOLATED)
fanout717/X                               8     17     -9 (VIOLATED)
fanout719/X                               8     17     -9 (VIOLATED)
fanout722/X                               8     17     -9 (VIOLATED)
fanout723/X                               8     17     -9 (VIOLATED)
fanout724/X                               8     17     -9 (VIOLATED)
fanout725/X                               8     17     -9 (VIOLATED)
fanout727/X                               8     17     -9 (VIOLATED)
fanout728/X                               8     17     -9 (VIOLATED)
fanout730/X                               8     17     -9 (VIOLATED)
fanout731/X                               8     17     -9 (VIOLATED)
fanout732/X                               8     17     -9 (VIOLATED)
fanout738/X                               8     17     -9 (VIOLATED)
fanout741/X                               8     17     -9 (VIOLATED)
fanout742/X                               8     17     -9 (VIOLATED)
fanout743/X                               8     17     -9 (VIOLATED)
fanout745/X                               8     17     -9 (VIOLATED)
fanout747/X                               8     17     -9 (VIOLATED)
fanout748/X                               8     17     -9 (VIOLATED)
fanout750/X                               8     17     -9 (VIOLATED)
fanout752/X                               8     17     -9 (VIOLATED)
fanout754/X                               8     17     -9 (VIOLATED)
fanout757/X                               8     17     -9 (VIOLATED)
fanout758/X                               8     17     -9 (VIOLATED)
fanout760/X                               8     17     -9 (VIOLATED)
fanout762/X                               8     17     -9 (VIOLATED)
fanout763/X                               8     17     -9 (VIOLATED)
fanout765/X                               8     17     -9 (VIOLATED)
fanout767/X                               8     17     -9 (VIOLATED)
fanout768/X                               8     17     -9 (VIOLATED)
fanout769/X                               8     17     -9 (VIOLATED)
fanout770/X                               8     17     -9 (VIOLATED)
fanout771/X                               8     17     -9 (VIOLATED)
fanout773/X                               8     17     -9 (VIOLATED)
fanout774/X                               8     17     -9 (VIOLATED)
fanout777/X                               8     17     -9 (VIOLATED)
fanout779/X                               8     17     -9 (VIOLATED)
fanout780/X                               8     17     -9 (VIOLATED)
fanout782/X                               8     17     -9 (VIOLATED)
fanout786/X                               8     17     -9 (VIOLATED)
fanout789/X                               8     17     -9 (VIOLATED)
fanout790/X                               8     17     -9 (VIOLATED)
fanout791/X                               8     17     -9 (VIOLATED)
fanout793/X                               8     17     -9 (VIOLATED)
fanout794/X                               8     17     -9 (VIOLATED)
fanout797/X                               8     17     -9 (VIOLATED)
fanout798/X                               8     17     -9 (VIOLATED)
fanout799/X                               8     17     -9 (VIOLATED)
fanout800/X                               8     17     -9 (VIOLATED)
fanout801/X                               8     17     -9 (VIOLATED)
fanout802/X                               8     17     -9 (VIOLATED)
fanout803/X                               8     17     -9 (VIOLATED)
fanout807/X                               8     17     -9 (VIOLATED)
fanout808/X                               8     17     -9 (VIOLATED)
fanout809/X                               8     17     -9 (VIOLATED)
fanout811/X                               8     17     -9 (VIOLATED)
fanout812/X                               8     17     -9 (VIOLATED)
fanout814/X                               8     17     -9 (VIOLATED)
fanout816/X                               8     17     -9 (VIOLATED)
fanout818/X                               8     17     -9 (VIOLATED)
fanout822/X                               8     17     -9 (VIOLATED)
fanout823/X                               8     17     -9 (VIOLATED)
fanout826/X                               8     17     -9 (VIOLATED)
fanout828/X                               8     17     -9 (VIOLATED)
fanout830/X                               8     17     -9 (VIOLATED)
fanout833/X                               8     17     -9 (VIOLATED)
fanout835/X                               8     17     -9 (VIOLATED)
fanout836/X                               8     17     -9 (VIOLATED)
fanout837/X                               8     17     -9 (VIOLATED)
fanout84/X                                8     17     -9 (VIOLATED)
fanout841/X                               8     17     -9 (VIOLATED)
fanout842/X                               8     17     -9 (VIOLATED)
fanout843/X                               8     17     -9 (VIOLATED)
fanout845/X                               8     17     -9 (VIOLATED)
fanout846/X                               8     17     -9 (VIOLATED)
fanout847/X                               8     17     -9 (VIOLATED)
fanout85/X                                8     17     -9 (VIOLATED)
fanout851/X                               8     17     -9 (VIOLATED)
fanout852/X                               8     17     -9 (VIOLATED)
fanout854/X                               8     17     -9 (VIOLATED)
fanout855/X                               8     17     -9 (VIOLATED)
fanout858/X                               8     17     -9 (VIOLATED)
fanout859/X                               8     17     -9 (VIOLATED)
fanout860/X                               8     17     -9 (VIOLATED)
fanout862/X                               8     17     -9 (VIOLATED)
fanout863/X                               8     17     -9 (VIOLATED)
fanout865/X                               8     17     -9 (VIOLATED)
fanout867/X                               8     17     -9 (VIOLATED)
fanout868/X                               8     17     -9 (VIOLATED)
fanout870/X                               8     17     -9 (VIOLATED)
fanout873/X                               8     17     -9 (VIOLATED)
fanout874/X                               8     17     -9 (VIOLATED)
fanout876/X                               8     17     -9 (VIOLATED)
fanout877/X                               8     17     -9 (VIOLATED)
fanout880/X                               8     17     -9 (VIOLATED)
fanout883/X                               8     17     -9 (VIOLATED)
fanout885/X                               8     17     -9 (VIOLATED)
fanout889/X                               8     17     -9 (VIOLATED)
fanout89/X                                8     17     -9 (VIOLATED)
fanout892/X                               8     17     -9 (VIOLATED)
fanout894/X                               8     17     -9 (VIOLATED)
fanout896/X                               8     17     -9 (VIOLATED)
fanout898/X                               8     17     -9 (VIOLATED)
fanout899/X                               8     17     -9 (VIOLATED)
fanout90/X                                8     17     -9 (VIOLATED)
fanout902/X                               8     17     -9 (VIOLATED)
fanout904/X                               8     17     -9 (VIOLATED)
fanout905/X                               8     17     -9 (VIOLATED)
fanout906/X                               8     17     -9 (VIOLATED)
fanout907/X                               8     17     -9 (VIOLATED)
fanout908/X                               8     17     -9 (VIOLATED)
fanout911/X                               8     17     -9 (VIOLATED)
fanout914/X                               8     17     -9 (VIOLATED)
fanout916/X                               8     17     -9 (VIOLATED)
fanout917/X                               8     17     -9 (VIOLATED)
fanout918/X                               8     17     -9 (VIOLATED)
fanout92/X                                8     17     -9 (VIOLATED)
fanout921/X                               8     17     -9 (VIOLATED)
fanout922/X                               8     17     -9 (VIOLATED)
fanout923/X                               8     17     -9 (VIOLATED)
fanout925/X                               8     17     -9 (VIOLATED)
fanout927/X                               8     17     -9 (VIOLATED)
fanout931/X                               8     17     -9 (VIOLATED)
fanout933/X                               8     17     -9 (VIOLATED)
fanout935/X                               8     17     -9 (VIOLATED)
fanout938/X                               8     17     -9 (VIOLATED)
fanout94/X                                8     17     -9 (VIOLATED)
fanout941/X                               8     17     -9 (VIOLATED)
fanout942/X                               8     17     -9 (VIOLATED)
fanout944/X                               8     17     -9 (VIOLATED)
fanout945/X                               8     17     -9 (VIOLATED)
fanout947/X                               8     17     -9 (VIOLATED)
fanout948/X                               8     17     -9 (VIOLATED)
fanout95/X                                8     17     -9 (VIOLATED)
fanout951/X                               8     17     -9 (VIOLATED)
fanout953/X                               8     17     -9 (VIOLATED)
fanout954/X                               8     17     -9 (VIOLATED)
fanout955/X                               8     17     -9 (VIOLATED)
fanout956/X                               8     17     -9 (VIOLATED)
fanout96/X                                8     17     -9 (VIOLATED)
fanout970/X                               8     17     -9 (VIOLATED)
fanout972/X                               8     17     -9 (VIOLATED)
fanout977/X                               8     17     -9 (VIOLATED)
fanout978/X                               8     17     -9 (VIOLATED)
fanout981/X                               8     17     -9 (VIOLATED)
fanout982/X                               8     17     -9 (VIOLATED)
fanout983/X                               8     17     -9 (VIOLATED)
fanout985/X                               8     17     -9 (VIOLATED)
fanout989/X                               8     17     -9 (VIOLATED)
fanout99/X                                8     17     -9 (VIOLATED)
fanout995/X                               8     17     -9 (VIOLATED)
fanout996/X                               8     17     -9 (VIOLATED)
fanout997/X                               8     17     -9 (VIOLATED)
hold57/X                                  8     17     -9 (VIOLATED)
wire1312/X                                8     17     -9 (VIOLATED)
wire1349/X                                8     17     -9 (VIOLATED)
_04482_/X                                 8     15     -7 (VIOLATED)
_04503_/X                                 8     15     -7 (VIOLATED)
_04507_/X                                 8     15     -7 (VIOLATED)
_04515_/X                                 8     15     -7 (VIOLATED)
clkbuf_5_20_0_wb_clk_i/X                  8     15     -7 (VIOLATED)
clkbuf_5_22_0_wb_clk_i/X                  8     15     -7 (VIOLATED)
clkbuf_5_5_0_wb_clk_i/X                   8     15     -7 (VIOLATED)
fanout1005/X                              8     15     -7 (VIOLATED)
fanout1013/X                              8     15     -7 (VIOLATED)
fanout1018/X                              8     15     -7 (VIOLATED)
fanout1046/X                              8     15     -7 (VIOLATED)
fanout1069/X                              8     15     -7 (VIOLATED)
fanout1159/X                              8     15     -7 (VIOLATED)
fanout1169/X                              8     15     -7 (VIOLATED)
fanout1182/X                              8     15     -7 (VIOLATED)
fanout1199/X                              8     15     -7 (VIOLATED)
fanout1225/X                              8     15     -7 (VIOLATED)
fanout1231/X                              8     15     -7 (VIOLATED)
fanout1243/X                              8     15     -7 (VIOLATED)
fanout1252/X                              8     15     -7 (VIOLATED)
fanout195/X                               8     15     -7 (VIOLATED)
fanout222/X                               8     15     -7 (VIOLATED)
fanout284/X                               8     15     -7 (VIOLATED)
fanout294/X                               8     15     -7 (VIOLATED)
fanout312/X                               8     15     -7 (VIOLATED)
fanout329/X                               8     15     -7 (VIOLATED)
fanout343/X                               8     15     -7 (VIOLATED)
fanout378/X                               8     15     -7 (VIOLATED)
fanout393/X                               8     15     -7 (VIOLATED)
fanout402/X                               8     15     -7 (VIOLATED)
fanout419/X                               8     15     -7 (VIOLATED)
fanout421/X                               8     15     -7 (VIOLATED)
fanout448/X                               8     15     -7 (VIOLATED)
fanout484/X                               8     15     -7 (VIOLATED)
fanout495/X                               8     15     -7 (VIOLATED)
fanout503/X                               8     15     -7 (VIOLATED)
fanout528/X                               8     15     -7 (VIOLATED)
fanout547/X                               8     15     -7 (VIOLATED)
fanout554/X                               8     15     -7 (VIOLATED)
fanout571/X                               8     15     -7 (VIOLATED)
fanout574/X                               8     15     -7 (VIOLATED)
fanout582/X                               8     15     -7 (VIOLATED)
fanout599/X                               8     15     -7 (VIOLATED)
fanout602/X                               8     15     -7 (VIOLATED)
fanout613/X                               8     15     -7 (VIOLATED)
fanout636/X                               8     15     -7 (VIOLATED)
fanout678/X                               8     15     -7 (VIOLATED)
fanout687/X                               8     15     -7 (VIOLATED)
fanout708/X                               8     15     -7 (VIOLATED)
fanout744/X                               8     15     -7 (VIOLATED)
fanout755/X                               8     15     -7 (VIOLATED)
fanout788/X                               8     15     -7 (VIOLATED)
fanout810/X                               8     15     -7 (VIOLATED)
fanout815/X                               8     15     -7 (VIOLATED)
fanout848/X                               8     15     -7 (VIOLATED)
fanout882/X                               8     15     -7 (VIOLATED)
fanout890/X                               8     15     -7 (VIOLATED)
fanout893/X                               8     15     -7 (VIOLATED)
fanout897/X                               8     15     -7 (VIOLATED)
fanout903/X                               8     15     -7 (VIOLATED)
fanout913/X                               8     15     -7 (VIOLATED)
fanout926/X                               8     15     -7 (VIOLATED)
fanout928/X                               8     15     -7 (VIOLATED)
fanout937/X                               8     15     -7 (VIOLATED)
fanout952/X                               8     15     -7 (VIOLATED)
fanout984/X                               8     15     -7 (VIOLATED)
fanout990/X                               8     15     -7 (VIOLATED)
hold23/X                                  8     15     -7 (VIOLATED)
wire1383/X                                8     15     -7 (VIOLATED)
wire1387/X                                8     15     -7 (VIOLATED)
wire1391/X                                8     15     -7 (VIOLATED)
wire382/X                                 8     15     -7 (VIOLATED)
wire1420/X                                8     14     -6 (VIOLATED)
_04422_/Y                                 8     13     -5 (VIOLATED)
_04426_/Y                                 8     13     -5 (VIOLATED)
_04437_/Y                                 8     13     -5 (VIOLATED)
_04455_/Y                                 8     13     -5 (VIOLATED)
_04489_/Y                                 8     13     -5 (VIOLATED)
_04511_/Y                                 8     13     -5 (VIOLATED)
_04526_/X                                 8     13     -5 (VIOLATED)
_04554_/Y                                 8     13     -5 (VIOLATED)
_04586_/Y                                 8     13     -5 (VIOLATED)
_07131_/X                                 8     13     -5 (VIOLATED)
clkbuf_5_11_0_wb_clk_i/X                  8     13     -5 (VIOLATED)
clkbuf_5_14_0_wb_clk_i/X                  8     13     -5 (VIOLATED)
clkbuf_5_4_0_wb_clk_i/X                   8     13     -5 (VIOLATED)
clkbuf_5_9_0_wb_clk_i/X                   8     13     -5 (VIOLATED)
fanout101/X                               8     13     -5 (VIOLATED)
fanout1011/X                              8     13     -5 (VIOLATED)
fanout1032/X                              8     13     -5 (VIOLATED)
fanout1045/X                              8     13     -5 (VIOLATED)
fanout1048/X                              8     13     -5 (VIOLATED)
fanout1057/X                              8     13     -5 (VIOLATED)
fanout107/X                               8     13     -5 (VIOLATED)
fanout1075/X                              8     13     -5 (VIOLATED)
fanout1090/X                              8     13     -5 (VIOLATED)
fanout1099/X                              8     13     -5 (VIOLATED)
fanout1109/X                              8     13     -5 (VIOLATED)
fanout1115/X                              8     13     -5 (VIOLATED)
fanout1127/X                              8     13     -5 (VIOLATED)
fanout113/X                               8     13     -5 (VIOLATED)
fanout1131/X                              8     13     -5 (VIOLATED)
fanout1162/X                              8     13     -5 (VIOLATED)
fanout1166/X                              8     13     -5 (VIOLATED)
fanout1173/X                              8     13     -5 (VIOLATED)
fanout1207/X                              8     13     -5 (VIOLATED)
fanout1224/X                              8     13     -5 (VIOLATED)
fanout1240/X                              8     13     -5 (VIOLATED)
fanout1247/X                              8     13     -5 (VIOLATED)
fanout1257/X                              8     13     -5 (VIOLATED)
fanout134/X                               8     13     -5 (VIOLATED)
fanout140/X                               8     13     -5 (VIOLATED)
fanout168/X                               8     13     -5 (VIOLATED)
fanout184/X                               8     13     -5 (VIOLATED)
fanout190/X                               8     13     -5 (VIOLATED)
fanout194/X                               8     13     -5 (VIOLATED)
fanout202/X                               8     13     -5 (VIOLATED)
fanout207/X                               8     13     -5 (VIOLATED)
fanout216/X                               8     13     -5 (VIOLATED)
fanout234/X                               8     13     -5 (VIOLATED)
fanout243/X                               8     13     -5 (VIOLATED)
fanout250/X                               8     13     -5 (VIOLATED)
fanout261/X                               8     13     -5 (VIOLATED)
fanout279/X                               8     13     -5 (VIOLATED)
fanout301/X                               8     13     -5 (VIOLATED)
fanout314/X                               8     13     -5 (VIOLATED)
fanout316/X                               8     13     -5 (VIOLATED)
fanout319/X                               8     13     -5 (VIOLATED)
fanout321/X                               8     13     -5 (VIOLATED)
fanout325/X                               8     13     -5 (VIOLATED)
fanout331/X                               8     13     -5 (VIOLATED)
fanout335/X                               8     13     -5 (VIOLATED)
fanout341/X                               8     13     -5 (VIOLATED)
fanout345/X                               8     13     -5 (VIOLATED)
fanout355/X                               8     13     -5 (VIOLATED)
fanout359/X                               8     13     -5 (VIOLATED)
fanout361/X                               8     13     -5 (VIOLATED)
fanout363/X                               8     13     -5 (VIOLATED)
fanout385/X                               8     13     -5 (VIOLATED)
fanout387/X                               8     13     -5 (VIOLATED)
fanout389/X                               8     13     -5 (VIOLATED)
fanout395/X                               8     13     -5 (VIOLATED)
fanout410/X                               8     13     -5 (VIOLATED)
fanout412/X                               8     13     -5 (VIOLATED)
fanout413/X                               8     13     -5 (VIOLATED)
fanout415/X                               8     13     -5 (VIOLATED)
fanout417/X                               8     13     -5 (VIOLATED)
fanout423/X                               8     13     -5 (VIOLATED)
fanout425/X                               8     13     -5 (VIOLATED)
fanout427/X                               8     13     -5 (VIOLATED)
fanout479/X                               8     13     -5 (VIOLATED)
fanout483/X                               8     13     -5 (VIOLATED)
fanout506/X                               8     13     -5 (VIOLATED)
fanout509/X                               8     13     -5 (VIOLATED)
fanout511/X                               8     13     -5 (VIOLATED)
fanout540/X                               8     13     -5 (VIOLATED)
fanout563/X                               8     13     -5 (VIOLATED)
fanout564/X                               8     13     -5 (VIOLATED)
fanout569/X                               8     13     -5 (VIOLATED)
fanout572/X                               8     13     -5 (VIOLATED)
fanout589/X                               8     13     -5 (VIOLATED)
fanout594/X                               8     13     -5 (VIOLATED)
fanout596/X                               8     13     -5 (VIOLATED)
fanout598/X                               8     13     -5 (VIOLATED)
fanout601/X                               8     13     -5 (VIOLATED)
fanout616/X                               8     13     -5 (VIOLATED)
fanout617/X                               8     13     -5 (VIOLATED)
fanout643/X                               8     13     -5 (VIOLATED)
fanout651/X                               8     13     -5 (VIOLATED)
fanout658/X                               8     13     -5 (VIOLATED)
fanout663/X                               8     13     -5 (VIOLATED)
fanout672/X                               8     13     -5 (VIOLATED)
fanout677/X                               8     13     -5 (VIOLATED)
fanout681/X                               8     13     -5 (VIOLATED)
fanout685/X                               8     13     -5 (VIOLATED)
fanout714/X                               8     13     -5 (VIOLATED)
fanout726/X                               8     13     -5 (VIOLATED)
fanout734/X                               8     13     -5 (VIOLATED)
fanout749/X                               8     13     -5 (VIOLATED)
fanout751/X                               8     13     -5 (VIOLATED)
fanout764/X                               8     13     -5 (VIOLATED)
fanout766/X                               8     13     -5 (VIOLATED)
fanout775/X                               8     13     -5 (VIOLATED)
fanout785/X                               8     13     -5 (VIOLATED)
fanout795/X                               8     13     -5 (VIOLATED)
fanout817/X                               8     13     -5 (VIOLATED)
fanout819/X                               8     13     -5 (VIOLATED)
fanout824/X                               8     13     -5 (VIOLATED)
fanout825/X                               8     13     -5 (VIOLATED)
fanout838/X                               8     13     -5 (VIOLATED)
fanout844/X                               8     13     -5 (VIOLATED)
fanout853/X                               8     13     -5 (VIOLATED)
fanout87/X                                8     13     -5 (VIOLATED)
fanout88/X                                8     13     -5 (VIOLATED)
fanout881/X                               8     13     -5 (VIOLATED)
fanout900/X                               8     13     -5 (VIOLATED)
fanout91/X                                8     13     -5 (VIOLATED)
fanout912/X                               8     13     -5 (VIOLATED)
fanout930/X                               8     13     -5 (VIOLATED)
fanout934/X                               8     13     -5 (VIOLATED)
fanout939/X                               8     13     -5 (VIOLATED)
fanout943/X                               8     13     -5 (VIOLATED)
fanout957/X                               8     13     -5 (VIOLATED)
fanout968/X                               8     13     -5 (VIOLATED)
fanout969/X                               8     13     -5 (VIOLATED)
fanout976/X                               8     13     -5 (VIOLATED)
fanout979/X                               8     13     -5 (VIOLATED)
fanout98/X                                8     13     -5 (VIOLATED)
fanout991/X                               8     13     -5 (VIOLATED)
hold2/X                                   8     13     -5 (VIOLATED)
input48/X                                 8     13     -5 (VIOLATED)
max_length458/X                           8     13     -5 (VIOLATED)
wire375/X                                 8     13     -5 (VIOLATED)
wire431/X                                 8     13     -5 (VIOLATED)
wire1375/X                                8     12     -4 (VIOLATED)
_04430_/Y                                 8     11     -3 (VIOLATED)
_04431_/Y                                 8     11     -3 (VIOLATED)
_04464_/X                                 8     11     -3 (VIOLATED)
_04467_/Y                                 8     11     -3 (VIOLATED)
_04499_/X                                 8     11     -3 (VIOLATED)
_04513_/Y                                 8     11     -3 (VIOLATED)
_04557_/X                                 8     11     -3 (VIOLATED)
_04575_/X                                 8     11     -3 (VIOLATED)
_05490_/Y                                 8     11     -3 (VIOLATED)
_05913_/X                                 8     11     -3 (VIOLATED)
_06488_/X                                 8     11     -3 (VIOLATED)
clkbuf_5_10_0_wb_clk_i/X                  8     11     -3 (VIOLATED)
clkbuf_5_8_0_wb_clk_i/X                   8     11     -3 (VIOLATED)
fanout104/X                               8     11     -3 (VIOLATED)
fanout1043/X                              8     11     -3 (VIOLATED)
fanout1050/X                              8     11     -3 (VIOLATED)
fanout1058/X                              8     11     -3 (VIOLATED)
fanout1076/X                              8     11     -3 (VIOLATED)
fanout1081/X                              8     11     -3 (VIOLATED)
fanout1093/X                              8     11     -3 (VIOLATED)
fanout1103/X                              8     11     -3 (VIOLATED)
fanout111/X                               8     11     -3 (VIOLATED)
fanout1117/X                              8     11     -3 (VIOLATED)
fanout1132/X                              8     11     -3 (VIOLATED)
fanout1141/X                              8     11     -3 (VIOLATED)
fanout1161/X                              8     11     -3 (VIOLATED)
fanout1175/X                              8     11     -3 (VIOLATED)
fanout1183/X                              8     11     -3 (VIOLATED)
fanout1188/X                              8     11     -3 (VIOLATED)
fanout1204/X                              8     11     -3 (VIOLATED)
fanout1211/X                              8     11     -3 (VIOLATED)
fanout1220/X                              8     11     -3 (VIOLATED)
fanout125/X                               8     11     -3 (VIOLATED)
fanout1256/X                              8     11     -3 (VIOLATED)
fanout1262/X                              8     11     -3 (VIOLATED)
fanout127/X                               8     11     -3 (VIOLATED)
fanout1272/X                              8     11     -3 (VIOLATED)
fanout1317/X                              8     11     -3 (VIOLATED)
fanout1319/X                              8     11     -3 (VIOLATED)
fanout135/X                               8     11     -3 (VIOLATED)
fanout141/X                               8     11     -3 (VIOLATED)
fanout146/X                               8     11     -3 (VIOLATED)
fanout149/X                               8     11     -3 (VIOLATED)
fanout150/X                               8     11     -3 (VIOLATED)
fanout154/X                               8     11     -3 (VIOLATED)
fanout163/X                               8     11     -3 (VIOLATED)
fanout175/X                               8     11     -3 (VIOLATED)
fanout180/X                               8     11     -3 (VIOLATED)
fanout188/X                               8     11     -3 (VIOLATED)
fanout192/X                               8     11     -3 (VIOLATED)
fanout197/X                               8     11     -3 (VIOLATED)
fanout210/X                               8     11     -3 (VIOLATED)
fanout245/X                               8     11     -3 (VIOLATED)
fanout249/X                               8     11     -3 (VIOLATED)
fanout254/X                               8     11     -3 (VIOLATED)
fanout257/X                               8     11     -3 (VIOLATED)
fanout268/X                               8     11     -3 (VIOLATED)
fanout274/X                               8     11     -3 (VIOLATED)
fanout280/X                               8     11     -3 (VIOLATED)
fanout302/X                               8     11     -3 (VIOLATED)
fanout304/X                               8     11     -3 (VIOLATED)
fanout306/X                               8     11     -3 (VIOLATED)
fanout308/X                               8     11     -3 (VIOLATED)
fanout310/X                               8     11     -3 (VIOLATED)
fanout317/X                               8     11     -3 (VIOLATED)
fanout323/X                               8     11     -3 (VIOLATED)
fanout327/X                               8     11     -3 (VIOLATED)
fanout333/X                               8     11     -3 (VIOLATED)
fanout337/X                               8     11     -3 (VIOLATED)
fanout339/X                               8     11     -3 (VIOLATED)
fanout347/X                               8     11     -3 (VIOLATED)
fanout349/X                               8     11     -3 (VIOLATED)
fanout367/X                               8     11     -3 (VIOLATED)
fanout369/X                               8     11     -3 (VIOLATED)
fanout371/X                               8     11     -3 (VIOLATED)
fanout373/X                               8     11     -3 (VIOLATED)
fanout376/X                               8     11     -3 (VIOLATED)
fanout383/X                               8     11     -3 (VIOLATED)
fanout398/X                               8     11     -3 (VIOLATED)
fanout400/X                               8     11     -3 (VIOLATED)
fanout404/X                               8     11     -3 (VIOLATED)
fanout406/X                               8     11     -3 (VIOLATED)
fanout408/X                               8     11     -3 (VIOLATED)
fanout489/X                               8     11     -3 (VIOLATED)
fanout550/X                               8     11     -3 (VIOLATED)
fanout579/X                               8     11     -3 (VIOLATED)
fanout583/X                               8     11     -3 (VIOLATED)
fanout585/X                               8     11     -3 (VIOLATED)
fanout593/X                               8     11     -3 (VIOLATED)
fanout610/X                               8     11     -3 (VIOLATED)
fanout630/X                               8     11     -3 (VIOLATED)
fanout639/X                               8     11     -3 (VIOLATED)
fanout660/X                               8     11     -3 (VIOLATED)
fanout671/X                               8     11     -3 (VIOLATED)
fanout680/X                               8     11     -3 (VIOLATED)
fanout688/X                               8     11     -3 (VIOLATED)
fanout690/X                               8     11     -3 (VIOLATED)
fanout697/X                               8     11     -3 (VIOLATED)
fanout706/X                               8     11     -3 (VIOLATED)
fanout716/X                               8     11     -3 (VIOLATED)
fanout733/X                               8     11     -3 (VIOLATED)
fanout735/X                               8     11     -3 (VIOLATED)
fanout746/X                               8     11     -3 (VIOLATED)
fanout761/X                               8     11     -3 (VIOLATED)
fanout776/X                               8     11     -3 (VIOLATED)
fanout781/X                               8     11     -3 (VIOLATED)
fanout784/X                               8     11     -3 (VIOLATED)
fanout787/X                               8     11     -3 (VIOLATED)
fanout796/X                               8     11     -3 (VIOLATED)
fanout805/X                               8     11     -3 (VIOLATED)
fanout806/X                               8     11     -3 (VIOLATED)
fanout813/X                               8     11     -3 (VIOLATED)
fanout827/X                               8     11     -3 (VIOLATED)
fanout832/X                               8     11     -3 (VIOLATED)
fanout839/X                               8     11     -3 (VIOLATED)
fanout857/X                               8     11     -3 (VIOLATED)
fanout861/X                               8     11     -3 (VIOLATED)
fanout864/X                               8     11     -3 (VIOLATED)
fanout866/X                               8     11     -3 (VIOLATED)
fanout879/X                               8     11     -3 (VIOLATED)
fanout891/X                               8     11     -3 (VIOLATED)
fanout946/X                               8     11     -3 (VIOLATED)
fanout960/X                               8     11     -3 (VIOLATED)
fanout964/X                               8     11     -3 (VIOLATED)
fanout965/X                               8     11     -3 (VIOLATED)
fanout966/X                               8     11     -3 (VIOLATED)
fanout97/X                                8     11     -3 (VIOLATED)
fanout975/X                               8     11     -3 (VIOLATED)
fanout986/X                               8     11     -3 (VIOLATED)
hold148/X                                 8     11     -3 (VIOLATED)
hold22/X                                  8     11     -3 (VIOLATED)
hold477/X                                 8     11     -3 (VIOLATED)
hold60/X                                  8     11     -3 (VIOLATED)
max_length397/X                           8     11     -3 (VIOLATED)
wire1298/X                                8     11     -3 (VIOLATED)
wire1305/X                                8     11     -3 (VIOLATED)
wire469/X                                 8     11     -3 (VIOLATED)
_04589_/Y                                 8     10     -2 (VIOLATED)
fanout1389/X                              8     10     -2 (VIOLATED)
fanout820/X                               8     10     -2 (VIOLATED)
fanout829/X                               8     10     -2 (VIOLATED)
_04424_/Y                                 8      9        (VIOLATED)
_04436_/X                                 8      9        (VIOLATED)
_04469_/Y                                 8      9        (VIOLATED)
_04497_/X                                 8      9        (VIOLATED)
_04498_/X                                 8      9        (VIOLATED)
_04502_/X                                 8      9        (VIOLATED)
_04512_/X                                 8      9        (VIOLATED)
_04514_/Y                                 8      9        (VIOLATED)
_04523_/X                                 8      9        (VIOLATED)
_04528_/Y                                 8      9        (VIOLATED)
_04544_/Y                                 8      9        (VIOLATED)
_04550_/Y                                 8      9        (VIOLATED)
_04560_/Y                                 8      9        (VIOLATED)
_04561_/Y                                 8      9        (VIOLATED)
_04562_/Y                                 8      9        (VIOLATED)
_04564_/Y                                 8      9        (VIOLATED)
_04566_/Y                                 8      9        (VIOLATED)
_04570_/X                                 8      9        (VIOLATED)
_04571_/Y                                 8      9        (VIOLATED)
_04582_/X                                 8      9        (VIOLATED)
_04583_/X                                 8      9        (VIOLATED)
_04588_/X                                 8      9        (VIOLATED)
_05479_/X                                 8      9        (VIOLATED)
clkbuf_1_0_0_wb_clk_i/X                   8      9        (VIOLATED)
clkbuf_1_1_0_wb_clk_i/X                   8      9        (VIOLATED)
clkbuf_3_0_0_wb_clk_i/X                   8      9        (VIOLATED)
clkbuf_3_1_0_wb_clk_i/X                   8      9        (VIOLATED)
clkbuf_3_2_0_wb_clk_i/X                   8      9        (VIOLATED)
clkbuf_3_3_0_wb_clk_i/X                   8      9        (VIOLATED)
clkbuf_3_4_0_wb_clk_i/X                   8      9        (VIOLATED)
clkbuf_3_5_0_wb_clk_i/X                   8      9        (VIOLATED)
clkbuf_3_6_0_wb_clk_i/X                   8      9        (VIOLATED)
clkbuf_3_7_0_wb_clk_i/X                   8      9        (VIOLATED)
fanout1015/X                              8      9        (VIOLATED)
fanout1016/X                              8      9        (VIOLATED)
fanout1030/X                              8      9        (VIOLATED)
fanout1039/X                              8      9        (VIOLATED)
fanout1041/X                              8      9        (VIOLATED)
fanout1042/X                              8      9        (VIOLATED)
fanout1055/X                              8      9        (VIOLATED)
fanout108/X                               8      9        (VIOLATED)
fanout1086/X                              8      9        (VIOLATED)
fanout1094/X                              8      9        (VIOLATED)
fanout1116/X                              8      9        (VIOLATED)
fanout1128/X                              8      9        (VIOLATED)
fanout1137/X                              8      9        (VIOLATED)
fanout1146/X                              8      9        (VIOLATED)
fanout115/X                               8      9        (VIOLATED)
fanout1151/X                              8      9        (VIOLATED)
fanout1152/X                              8      9        (VIOLATED)
fanout1196/X                              8      9        (VIOLATED)
fanout1203/X                              8      9        (VIOLATED)
fanout1219/X                              8      9        (VIOLATED)
fanout1230/X                              8      9        (VIOLATED)
fanout1236/X                              8      9        (VIOLATED)
fanout1248/X                              8      9        (VIOLATED)
fanout1278/X                              8      9        (VIOLATED)
fanout157/X                               8      9        (VIOLATED)
fanout159/X                               8      9        (VIOLATED)
fanout169/X                               8      9        (VIOLATED)
fanout171/X                               8      9        (VIOLATED)
fanout181/X                               8      9        (VIOLATED)
fanout185/X                               8      9        (VIOLATED)
fanout203/X                               8      9        (VIOLATED)
fanout219/X                               8      9        (VIOLATED)
fanout232/X                               8      9        (VIOLATED)
fanout238/X                               8      9        (VIOLATED)
fanout244/X                               8      9        (VIOLATED)
fanout246/X                               8      9        (VIOLATED)
fanout263/X                               8      9        (VIOLATED)
fanout265/X                               8      9        (VIOLATED)
fanout277/X                               8      9        (VIOLATED)
fanout396/X                               8      9        (VIOLATED)
fanout429/X                               8      9        (VIOLATED)
fanout437/X                               8      9        (VIOLATED)
fanout457/X                               8      9        (VIOLATED)
fanout461/X                               8      9        (VIOLATED)
fanout462/X                               8      9        (VIOLATED)
fanout468/X                               8      9        (VIOLATED)
fanout475/X                               8      9        (VIOLATED)
fanout481/X                               8      9        (VIOLATED)
fanout486/X                               8      9        (VIOLATED)
fanout487/X                               8      9        (VIOLATED)
fanout492/X                               8      9        (VIOLATED)
fanout501/X                               8      9        (VIOLATED)
fanout505/X                               8      9        (VIOLATED)
fanout508/X                               8      9        (VIOLATED)
fanout519/X                               8      9        (VIOLATED)
fanout522/X                               8      9        (VIOLATED)
fanout531/X                               8      9        (VIOLATED)
fanout533/X                               8      9        (VIOLATED)
fanout534/X                               8      9        (VIOLATED)
fanout543/X                               8      9        (VIOLATED)
fanout549/X                               8      9        (VIOLATED)
fanout553/X                               8      9        (VIOLATED)
fanout555/X                               8      9        (VIOLATED)
fanout590/X                               8      9        (VIOLATED)
fanout591/X                               8      9        (VIOLATED)
fanout603/X                               8      9        (VIOLATED)
fanout605/X                               8      9        (VIOLATED)
fanout609/X                               8      9        (VIOLATED)
fanout612/X                               8      9        (VIOLATED)
fanout618/X                               8      9        (VIOLATED)
fanout631/X                               8      9        (VIOLATED)
fanout638/X                               8      9        (VIOLATED)
fanout640/X                               8      9        (VIOLATED)
fanout649/X                               8      9        (VIOLATED)
fanout650/X                               8      9        (VIOLATED)
fanout654/X                               8      9        (VIOLATED)
fanout659/X                               8      9        (VIOLATED)
fanout664/X                               8      9        (VIOLATED)
fanout692/X                               8      9        (VIOLATED)
fanout699/X                               8      9        (VIOLATED)
fanout704/X                               8      9        (VIOLATED)
fanout705/X                               8      9        (VIOLATED)
fanout710/X                               8      9        (VIOLATED)
fanout718/X                               8      9        (VIOLATED)
fanout721/X                               8      9        (VIOLATED)
fanout740/X                               8      9        (VIOLATED)
fanout753/X                               8      9        (VIOLATED)
fanout756/X                               8      9        (VIOLATED)
fanout759/X                               8      9        (VIOLATED)
fanout772/X                               8      9        (VIOLATED)
fanout778/X                               8      9        (VIOLATED)
fanout804/X                               8      9        (VIOLATED)
fanout821/X                               8      9        (VIOLATED)
fanout834/X                               8      9        (VIOLATED)
fanout840/X                               8      9        (VIOLATED)
fanout849/X                               8      9        (VIOLATED)
fanout850/X                               8      9        (VIOLATED)
fanout856/X                               8      9        (VIOLATED)
fanout869/X                               8      9        (VIOLATED)
fanout871/X                               8      9        (VIOLATED)
fanout872/X                               8      9        (VIOLATED)
fanout878/X                               8      9        (VIOLATED)
fanout884/X                               8      9        (VIOLATED)
fanout887/X                               8      9        (VIOLATED)
fanout888/X                               8      9        (VIOLATED)
fanout901/X                               8      9        (VIOLATED)
fanout909/X                               8      9        (VIOLATED)
fanout910/X                               8      9        (VIOLATED)
fanout919/X                               8      9        (VIOLATED)
fanout920/X                               8      9        (VIOLATED)
fanout929/X                               8      9        (VIOLATED)
fanout93/X                                8      9        (VIOLATED)
fanout932/X                               8      9        (VIOLATED)
fanout940/X                               8      9        (VIOLATED)
fanout949/X                               8      9        (VIOLATED)
fanout950/X                               8      9        (VIOLATED)
fanout958/X                               8      9        (VIOLATED)
fanout961/X                               8      9        (VIOLATED)
fanout980/X                               8      9        (VIOLATED)
fanout987/X                               8      9        (VIOLATED)
fanout988/X                               8      9        (VIOLATED)
hold12/X                                  8      9        (VIOLATED)
hold213/X                                 8      9        (VIOLATED)
hold3/X                                   8      9        (VIOLATED)
hold545/X                                 8      9        (VIOLATED)
hold552/X                                 8      9        (VIOLATED)
hold8/X                                   8      9        (VIOLATED)
input11/X                                 8      9        (VIOLATED)
max_cap442/X                              8      9        (VIOLATED)
max_cap444/X                              8      9        (VIOLATED)
max_cap449/X                              8      9        (VIOLATED)
wire1302/X                                8      9        (VIOLATED)
wire1371/X                                8      9        (VIOLATED)
wire1379/X                                8      9        (VIOLATED)
wire303/X                                 8      9        (VIOLATED)
wire318/X                                 8      9        (VIOLATED)



===========================================================================
report_parasitic_annotation -report_unannotated
============================================================================
Found 872 unannotated drivers.
 analog_io[13]
 analog_io[14]
 analog_io[15]
 analog_io[16]
 analog_io[17]
 analog_io[18]
 analog_io[19]
 analog_io[20]
 analog_io[21]
 analog_io[22]
 analog_io[23]
 analog_io[24]
 analog_io[25]
 analog_io[26]
 analog_io[27]
 analog_io[28]
 analog_io[4]
 io_in[0]
 io_in[10]
 io_in[11]
 io_in[12]
 io_in[13]
 io_in[14]
 io_in[15]
 io_in[16]
 io_in[17]
 io_in[18]
 io_in[19]
 io_in[20]
 io_in[21]
 io_in[22]
 io_in[23]
 io_in[24]
 io_in[25]
 io_in[26]
 io_in[27]
 io_in[28]
 io_in[29]
 io_in[30]
 io_in[31]
 io_in[32]
 io_in[33]
 io_in[34]
 io_in[35]
 io_in[36]
 io_in[37]
 io_in[3]
 io_in[6]
 io_in[7]
 io_in[8]
 io_in[9]
 la_data_in[0]
 la_data_in[100]
 la_data_in[101]
 la_data_in[102]
 la_data_in[103]
 la_data_in[104]
 la_data_in[105]
 la_data_in[106]
 la_data_in[107]
 la_data_in[108]
 la_data_in[109]
 la_data_in[10]
 la_data_in[110]
 la_data_in[111]
 la_data_in[112]
 la_data_in[113]
 la_data_in[114]
 la_data_in[115]
 la_data_in[116]
 la_data_in[117]
 la_data_in[118]
 la_data_in[119]
 la_data_in[11]
 la_data_in[120]
 la_data_in[121]
 la_data_in[122]
 la_data_in[123]
 la_data_in[124]
 la_data_in[125]
 la_data_in[126]
 la_data_in[127]
 la_data_in[12]
 la_data_in[13]
 la_data_in[14]
 la_data_in[15]
 la_data_in[16]
 la_data_in[17]
 la_data_in[18]
 la_data_in[19]
 la_data_in[1]
 la_data_in[20]
 la_data_in[21]
 la_data_in[22]
 la_data_in[23]
 la_data_in[24]
 la_data_in[25]
 la_data_in[26]
 la_data_in[27]
 la_data_in[28]
 la_data_in[29]
 la_data_in[2]
 la_data_in[30]
 la_data_in[31]
 la_data_in[32]
 la_data_in[33]
 la_data_in[34]
 la_data_in[35]
 la_data_in[36]
 la_data_in[37]
 la_data_in[38]
 la_data_in[39]
 la_data_in[3]
 la_data_in[40]
 la_data_in[41]
 la_data_in[42]
 la_data_in[43]
 la_data_in[44]
 la_data_in[45]
 la_data_in[46]
 la_data_in[47]
 la_data_in[48]
 la_data_in[49]
 la_data_in[4]
 la_data_in[50]
 la_data_in[51]
 la_data_in[52]
 la_data_in[53]
 la_data_in[54]
 la_data_in[55]
 la_data_in[56]
 la_data_in[57]
 la_data_in[58]
 la_data_in[59]
 la_data_in[5]
 la_data_in[60]
 la_data_in[61]
 la_data_in[62]
 la_data_in[63]
 la_data_in[64]
 la_data_in[65]
 la_data_in[66]
 la_data_in[67]
 la_data_in[68]
 la_data_in[69]
 la_data_in[6]
 la_data_in[70]
 la_data_in[71]
 la_data_in[72]
 la_data_in[73]
 la_data_in[74]
 la_data_in[75]
 la_data_in[76]
 la_data_in[77]
 la_data_in[78]
 la_data_in[79]
 la_data_in[7]
 la_data_in[80]
 la_data_in[81]
 la_data_in[82]
 la_data_in[83]
 la_data_in[84]
 la_data_in[85]
 la_data_in[86]
 la_data_in[87]
 la_data_in[88]
 la_data_in[89]
 la_data_in[8]
 la_data_in[90]
 la_data_in[91]
 la_data_in[92]
 la_data_in[93]
 la_data_in[94]
 la_data_in[95]
 la_data_in[96]
 la_data_in[97]
 la_data_in[98]
 la_data_in[99]
 la_data_in[9]
 la_oenb[0]
 la_oenb[100]
 la_oenb[101]
 la_oenb[102]
 la_oenb[103]
 la_oenb[104]
 la_oenb[105]
 la_oenb[106]
 la_oenb[107]
 la_oenb[108]
 la_oenb[109]
 la_oenb[10]
 la_oenb[110]
 la_oenb[111]
 la_oenb[112]
 la_oenb[113]
 la_oenb[114]
 la_oenb[115]
 la_oenb[116]
 la_oenb[117]
 la_oenb[118]
 la_oenb[119]
 la_oenb[11]
 la_oenb[120]
 la_oenb[121]
 la_oenb[122]
 la_oenb[123]
 la_oenb[124]
 la_oenb[125]
 la_oenb[126]
 la_oenb[127]
 la_oenb[12]
 la_oenb[13]
 la_oenb[14]
 la_oenb[15]
 la_oenb[16]
 la_oenb[17]
 la_oenb[18]
 la_oenb[19]
 la_oenb[1]
 la_oenb[20]
 la_oenb[21]
 la_oenb[22]
 la_oenb[23]
 la_oenb[24]
 la_oenb[25]
 la_oenb[26]
 la_oenb[27]
 la_oenb[28]
 la_oenb[29]
 la_oenb[2]
 la_oenb[30]
 la_oenb[31]
 la_oenb[32]
 la_oenb[33]
 la_oenb[34]
 la_oenb[35]
 la_oenb[36]
 la_oenb[37]
 la_oenb[38]
 la_oenb[39]
 la_oenb[3]
 la_oenb[40]
 la_oenb[41]
 la_oenb[42]
 la_oenb[43]
 la_oenb[44]
 la_oenb[45]
 la_oenb[46]
 la_oenb[47]
 la_oenb[48]
 la_oenb[49]
 la_oenb[4]
 la_oenb[50]
 la_oenb[51]
 la_oenb[52]
 la_oenb[53]
 la_oenb[54]
 la_oenb[55]
 la_oenb[56]
 la_oenb[57]
 la_oenb[58]
 la_oenb[59]
 la_oenb[5]
 la_oenb[60]
 la_oenb[61]
 la_oenb[62]
 la_oenb[63]
 la_oenb[64]
 la_oenb[65]
 la_oenb[66]
 la_oenb[67]
 la_oenb[68]
 la_oenb[69]
 la_oenb[6]
 la_oenb[70]
 la_oenb[71]
 la_oenb[72]
 la_oenb[73]
 la_oenb[74]
 la_oenb[75]
 la_oenb[76]
 la_oenb[77]
 la_oenb[78]
 la_oenb[79]
 la_oenb[7]
 la_oenb[80]
 la_oenb[81]
 la_oenb[82]
 la_oenb[83]
 la_oenb[84]
 la_oenb[85]
 la_oenb[86]
 la_oenb[87]
 la_oenb[88]
 la_oenb[89]
 la_oenb[8]
 la_oenb[90]
 la_oenb[91]
 la_oenb[92]
 la_oenb[93]
 la_oenb[94]
 la_oenb[95]
 la_oenb[96]
 la_oenb[97]
 la_oenb[98]
 la_oenb[99]
 la_oenb[9]
 user_clock2
 wbs_adr_i[0]
 wbs_adr_i[10]
 wbs_adr_i[11]
 wbs_adr_i[16]
 wbs_adr_i[17]
 wbs_adr_i[18]
 wbs_adr_i[19]
 wbs_adr_i[1]
 wbs_adr_i[20]
 wbs_adr_i[21]
 wbs_adr_i[22]
 wbs_adr_i[23]
 wbs_adr_i[24]
 wbs_adr_i[25]
 wbs_adr_i[26]
 wbs_adr_i[27]
 wbs_adr_i[28]
 wbs_adr_i[29]
 wbs_adr_i[30]
 wbs_adr_i[31]
 wbs_adr_i[3]
 wbs_adr_i[4]
 wbs_adr_i[5]
 wbs_adr_i[6]
 wbs_adr_i[7]
 wbs_adr_i[8]
 wbs_adr_i[9]
 clkload0/Y
 clkload1/Y
 clkload10/Y
 clkload100/Y
 clkload101/X
 clkload102/Y
 clkload103/Y
 clkload104/X
 clkload105/X
 clkload106/Y
 clkload107/Y
 clkload108/X
 clkload109/X
 clkload11/Y
 clkload110/Y
 clkload111/X
 clkload112/X
 clkload113/X
 clkload114/X
 clkload115/X
 clkload116/X
 clkload117/X
 clkload118/X
 clkload119/X
 clkload12/Y
 clkload120/X
 clkload121/X
 clkload122/Y
 clkload123/X
 clkload124/Y
 clkload125/Y
 clkload126/Y
 clkload127/X
 clkload128/Y
 clkload129/Y
 clkload13/Y
 clkload130/X
 clkload131/Y
 clkload132/Y
 clkload133/X
 clkload134/X
 clkload135/Y
 clkload136/X
 clkload137/X
 clkload138/X
 clkload139/X
 clkload14/Y
 clkload140/X
 clkload141/Y
 clkload142/X
 clkload143/Y
 clkload144/Y
 clkload145/X
 clkload146/Y
 clkload147/X
 clkload148/X
 clkload149/X
 clkload15/X
 clkload150/Y
 clkload151/X
 clkload152/X
 clkload153/X
 clkload154/X
 clkload155/X
 clkload156/Y
 clkload157/Y
 clkload158/X
 clkload159/X
 clkload16/Y
 clkload160/X
 clkload161/Y
 clkload162/X
 clkload163/X
 clkload164/X
 clkload165/X
 clkload166/X
 clkload167/Y
 clkload168/Y
 clkload169/Y
 clkload17/Y
 clkload170/X
 clkload171/X
 clkload172/Y
 clkload173/Y
 clkload174/Y
 clkload175/Y
 clkload176/Y
 clkload177/X
 clkload178/Y
 clkload179/Y
 clkload18/Y
 clkload180/Y
 clkload181/X
 clkload182/Y
 clkload183/Y
 clkload184/X
 clkload185/X
 clkload186/X
 clkload187/X
 clkload188/X
 clkload189/X
 clkload19/Y
 clkload190/X
 clkload191/X
 clkload192/X
 clkload193/X
 clkload194/Y
 clkload195/Y
 clkload196/Y
 clkload197/X
 clkload198/X
 clkload199/Y
 clkload2/Y
 clkload20/Y
 clkload200/Y
 clkload201/Y
 clkload202/Y
 clkload203/Y
 clkload204/Y
 clkload205/X
 clkload206/X
 clkload207/X
 clkload208/Y
 clkload209/Y
 clkload21/Y
 clkload210/Y
 clkload211/Y
 clkload212/X
 clkload213/Y
 clkload214/Y
 clkload215/Y
 clkload216/X
 clkload217/Y
 clkload218/Y
 clkload219/Y
 clkload22/X
 clkload220/Y
 clkload221/Y
 clkload222/Y
 clkload223/Y
 clkload224/Y
 clkload225/Y
 clkload226/Y
 clkload227/Y
 clkload228/Y
 clkload229/Y
 clkload23/Y
 clkload230/Y
 clkload231/Y
 clkload232/Y
 clkload233/X
 clkload234/X
 clkload235/Y
 clkload236/Y
 clkload237/Y
 clkload238/Y
 clkload239/Y
 clkload24/X
 clkload240/X
 clkload241/Y
 clkload242/Y
 clkload243/Y
 clkload244/Y
 clkload245/Y
 clkload246/Y
 clkload247/Y
 clkload248/X
 clkload249/Y
 clkload25/Y
 clkload250/X
 clkload251/Y
 clkload252/X
 clkload253/Y
 clkload254/Y
 clkload255/Y
 clkload256/Y
 clkload257/Y
 clkload258/Y
 clkload259/Y
 clkload26/X
 clkload260/Y
 clkload261/Y
 clkload262/Y
 clkload263/Y
 clkload264/Y
 clkload27/X
 clkload28/Y
 clkload29/Y
 clkload3/Y
 clkload30/X
 clkload31/X
 clkload32/X
 clkload33/X
 clkload34/Y
 clkload35/Y
 clkload36/X
 clkload37/X
 clkload38/Y
 clkload39/Y
 clkload4/Y
 clkload40/Y
 clkload41/X
 clkload42/Y
 clkload43/Y
 clkload44/X
 clkload45/Y
 clkload46/Y
 clkload47/Y
 clkload48/Y
 clkload49/X
 clkload5/Y
 clkload50/Y
 clkload51/Y
 clkload52/X
 clkload53/X
 clkload54/Y
 clkload55/X
 clkload56/X
 clkload57/Y
 clkload58/Y
 clkload59/X
 clkload6/X
 clkload60/X
 clkload61/X
 clkload62/X
 clkload63/X
 clkload64/Y
 clkload65/Y
 clkload66/Y
 clkload67/Y
 clkload68/X
 clkload69/X
 clkload7/Y
 clkload70/Y
 clkload71/Y
 clkload72/X
 clkload73/Y
 clkload74/Y
 clkload75/Y
 clkload76/X
 clkload77/X
 clkload78/X
 clkload79/X
 clkload8/Y
 clkload80/X
 clkload81/X
 clkload82/X
 clkload83/Y
 clkload84/Y
 clkload85/X
 clkload86/X
 clkload87/X
 clkload88/X
 clkload89/Y
 clkload9/Y
 clkload90/Y
 clkload91/X
 clkload92/Y
 clkload93/Y
 clkload94/Y
 clkload95/X
 clkload96/Y
 clkload97/Y
 clkload98/Y
 clkload99/Y
 mprj.synapse_matrix_inst.X1_inst/VDDA
 mprj.synapse_matrix_inst.X1_inst/VDDC
 mprj.synapse_matrix_inst.X1_inst/VSS
 mprj.synapse_matrix_inst.X1_inst/wbs_dat_o[10]
 mprj.synapse_matrix_inst.X1_inst/wbs_dat_o[11]
 mprj.synapse_matrix_inst.X1_inst/wbs_dat_o[12]
 mprj.synapse_matrix_inst.X1_inst/wbs_dat_o[13]
 mprj.synapse_matrix_inst.X1_inst/wbs_dat_o[14]
 mprj.synapse_matrix_inst.X1_inst/wbs_dat_o[15]
 mprj.synapse_matrix_inst.X1_inst/wbs_dat_o[16]
 mprj.synapse_matrix_inst.X1_inst/wbs_dat_o[17]
 mprj.synapse_matrix_inst.X1_inst/wbs_dat_o[18]
 mprj.synapse_matrix_inst.X1_inst/wbs_dat_o[19]
 mprj.synapse_matrix_inst.X1_inst/wbs_dat_o[1]
 mprj.synapse_matrix_inst.X1_inst/wbs_dat_o[20]
 mprj.synapse_matrix_inst.X1_inst/wbs_dat_o[21]
 mprj.synapse_matrix_inst.X1_inst/wbs_dat_o[22]
 mprj.synapse_matrix_inst.X1_inst/wbs_dat_o[23]
 mprj.synapse_matrix_inst.X1_inst/wbs_dat_o[24]
 mprj.synapse_matrix_inst.X1_inst/wbs_dat_o[25]
 mprj.synapse_matrix_inst.X1_inst/wbs_dat_o[26]
 mprj.synapse_matrix_inst.X1_inst/wbs_dat_o[27]
 mprj.synapse_matrix_inst.X1_inst/wbs_dat_o[28]
 mprj.synapse_matrix_inst.X1_inst/wbs_dat_o[29]
 mprj.synapse_matrix_inst.X1_inst/wbs_dat_o[2]
 mprj.synapse_matrix_inst.X1_inst/wbs_dat_o[30]
 mprj.synapse_matrix_inst.X1_inst/wbs_dat_o[31]
 mprj.synapse_matrix_inst.X1_inst/wbs_dat_o[3]
 mprj.synapse_matrix_inst.X1_inst/wbs_dat_o[4]
 mprj.synapse_matrix_inst.X1_inst/wbs_dat_o[5]
 mprj.synapse_matrix_inst.X1_inst/wbs_dat_o[6]
 mprj.synapse_matrix_inst.X1_inst/wbs_dat_o[7]
 mprj.synapse_matrix_inst.X1_inst/wbs_dat_o[8]
 mprj.synapse_matrix_inst.X1_inst/wbs_dat_o[9]
 mprj.synapse_matrix_inst.X1_inst_1426/HI
 mprj.synapse_matrix_inst.X1_inst_1427/HI
 mprj.synapse_matrix_inst.X1_inst_1428/HI
 mprj.synapse_matrix_inst.X1_inst_1429/HI
 mprj.synapse_matrix_inst.X1_inst_1430/HI
 mprj.synapse_matrix_inst.X1_inst_1431/HI
 mprj.synapse_matrix_inst.X1_inst_1432/HI
 mprj.synapse_matrix_inst.X1_inst_1433/HI
 mprj.synapse_matrix_inst.X1_inst_1434/HI
 mprj.synapse_matrix_inst.X1_inst_1435/HI
 mprj.synapse_matrix_inst.X1_inst_1436/HI
 mprj.synapse_matrix_inst.X1_inst_1437/HI
 mprj.synapse_matrix_inst.X1_inst_1438/HI
 mprj.synapse_matrix_inst.X1_inst_1439/HI
 mprj.synapse_matrix_inst.X1_inst_1440/HI
 mprj.synapse_matrix_inst.X1_inst_1441/HI
 mprj.synapse_matrix_inst.X1_inst_1442/HI
 mprj.synapse_matrix_inst.X1_inst_1443/HI
 mprj.synapse_matrix_inst.X1_inst_1444/HI
 mprj.synapse_matrix_inst.X1_inst_1445/HI
 mprj.synapse_matrix_inst.X1_inst_1446/HI
 mprj.synapse_matrix_inst.X1_inst_1447/HI
 mprj.synapse_matrix_inst.X1_inst_1448/HI
 mprj.synapse_matrix_inst.X1_inst_1449/HI
 mprj.synapse_matrix_inst.X1_inst_1450/HI
 mprj.synapse_matrix_inst.X1_inst_1451/HI
 mprj.synapse_matrix_inst.X1_inst_1452/HI
 mprj.synapse_matrix_inst.X1_inst_1453/HI
 mprj.synapse_matrix_inst.X1_inst_1660/LO
 mprj.synapse_matrix_inst.X1_inst_1661/LO
 mprj.synapse_matrix_inst.X1_inst_1662/LO
 mprj.synapse_matrix_inst.X1_inst_1663/LO
 user_project_wrapper_1454/HI
 user_project_wrapper_1455/HI
 user_project_wrapper_1456/HI
 user_project_wrapper_1457/HI
 user_project_wrapper_1458/HI
 user_project_wrapper_1459/HI
 user_project_wrapper_1460/HI
 user_project_wrapper_1461/HI
 user_project_wrapper_1462/HI
 user_project_wrapper_1463/HI
 user_project_wrapper_1464/HI
 user_project_wrapper_1465/HI
 user_project_wrapper_1466/HI
 user_project_wrapper_1467/HI
 user_project_wrapper_1468/HI
 user_project_wrapper_1469/HI
 user_project_wrapper_1470/HI
 user_project_wrapper_1471/HI
 user_project_wrapper_1472/HI
 user_project_wrapper_1473/HI
 user_project_wrapper_1474/HI
 user_project_wrapper_1475/HI
 user_project_wrapper_1476/HI
 user_project_wrapper_1477/HI
 user_project_wrapper_1478/HI
 user_project_wrapper_1479/HI
 user_project_wrapper_1480/HI
 user_project_wrapper_1481/HI
 user_project_wrapper_1482/HI
 user_project_wrapper_1483/HI
 user_project_wrapper_1484/HI
 user_project_wrapper_1485/HI
 user_project_wrapper_1486/HI
 user_project_wrapper_1487/HI
 user_project_wrapper_1488/HI
 user_project_wrapper_1489/HI
 user_project_wrapper_1490/HI
 user_project_wrapper_1491/HI
 user_project_wrapper_1492/HI
 user_project_wrapper_1493/HI
 user_project_wrapper_1494/HI
 user_project_wrapper_1495/HI
 user_project_wrapper_1496/HI
 user_project_wrapper_1497/HI
 user_project_wrapper_1498/HI
 user_project_wrapper_1499/HI
 user_project_wrapper_1500/HI
 user_project_wrapper_1501/HI
 user_project_wrapper_1502/HI
 user_project_wrapper_1503/HI
 user_project_wrapper_1504/HI
 user_project_wrapper_1505/HI
 user_project_wrapper_1506/HI
 user_project_wrapper_1507/HI
 user_project_wrapper_1508/HI
 user_project_wrapper_1509/HI
 user_project_wrapper_1510/HI
 user_project_wrapper_1511/HI
 user_project_wrapper_1512/HI
 user_project_wrapper_1513/HI
 user_project_wrapper_1514/HI
 user_project_wrapper_1515/HI
 user_project_wrapper_1516/HI
 user_project_wrapper_1517/HI
 user_project_wrapper_1518/HI
 user_project_wrapper_1519/HI
 user_project_wrapper_1520/HI
 user_project_wrapper_1521/HI
 user_project_wrapper_1522/HI
 user_project_wrapper_1523/HI
 user_project_wrapper_1524/HI
 user_project_wrapper_1525/HI
 user_project_wrapper_1526/HI
 user_project_wrapper_1527/HI
 user_project_wrapper_1528/HI
 user_project_wrapper_1529/HI
 user_project_wrapper_1530/HI
 user_project_wrapper_1531/HI
 user_project_wrapper_1532/HI
 user_project_wrapper_1533/HI
 user_project_wrapper_1534/HI
 user_project_wrapper_1535/HI
 user_project_wrapper_1536/HI
 user_project_wrapper_1537/HI
 user_project_wrapper_1538/HI
 user_project_wrapper_1539/HI
 user_project_wrapper_1540/HI
 user_project_wrapper_1541/HI
 user_project_wrapper_1542/HI
 user_project_wrapper_1543/HI
 user_project_wrapper_1544/HI
 user_project_wrapper_1545/HI
 user_project_wrapper_1546/HI
 user_project_wrapper_1547/HI
 user_project_wrapper_1548/HI
 user_project_wrapper_1549/HI
 user_project_wrapper_1550/HI
 user_project_wrapper_1551/HI
 user_project_wrapper_1552/HI
 user_project_wrapper_1553/HI
 user_project_wrapper_1554/HI
 user_project_wrapper_1555/HI
 user_project_wrapper_1556/HI
 user_project_wrapper_1557/HI
 user_project_wrapper_1558/HI
 user_project_wrapper_1559/HI
 user_project_wrapper_1560/HI
 user_project_wrapper_1561/HI
 user_project_wrapper_1562/HI
 user_project_wrapper_1563/HI
 user_project_wrapper_1564/HI
 user_project_wrapper_1565/HI
 user_project_wrapper_1566/HI
 user_project_wrapper_1567/HI
 user_project_wrapper_1568/HI
 user_project_wrapper_1569/HI
 user_project_wrapper_1570/HI
 user_project_wrapper_1571/HI
 user_project_wrapper_1572/HI
 user_project_wrapper_1573/HI
 user_project_wrapper_1574/HI
 user_project_wrapper_1575/HI
 user_project_wrapper_1576/HI
 user_project_wrapper_1577/HI
 user_project_wrapper_1578/HI
 user_project_wrapper_1579/HI
 user_project_wrapper_1580/HI
 user_project_wrapper_1581/HI
 user_project_wrapper_1582/HI
 user_project_wrapper_1583/HI
 user_project_wrapper_1584/HI
 user_project_wrapper_1585/HI
 user_project_wrapper_1586/HI
 user_project_wrapper_1587/HI
 user_project_wrapper_1588/HI
 user_project_wrapper_1589/HI
 user_project_wrapper_1590/HI
 user_project_wrapper_1591/HI
 user_project_wrapper_1592/HI
 user_project_wrapper_1593/HI
 user_project_wrapper_1594/HI
 user_project_wrapper_1595/HI
 user_project_wrapper_1596/HI
 user_project_wrapper_1597/HI
 user_project_wrapper_1598/HI
 user_project_wrapper_1599/HI
 user_project_wrapper_1600/HI
 user_project_wrapper_1601/HI
 user_project_wrapper_1602/HI
 user_project_wrapper_1603/HI
 user_project_wrapper_1604/HI
 user_project_wrapper_1605/HI
 user_project_wrapper_1606/HI
 user_project_wrapper_1607/HI
 user_project_wrapper_1608/HI
 user_project_wrapper_1609/HI
 user_project_wrapper_1610/HI
 user_project_wrapper_1611/HI
 user_project_wrapper_1612/HI
 user_project_wrapper_1613/HI
 user_project_wrapper_1614/HI
 user_project_wrapper_1615/HI
 user_project_wrapper_1616/HI
 user_project_wrapper_1617/HI
 user_project_wrapper_1618/HI
 user_project_wrapper_1619/HI
 user_project_wrapper_1620/HI
 user_project_wrapper_1621/HI
 user_project_wrapper_1622/HI
 user_project_wrapper_1623/HI
 user_project_wrapper_1624/HI
 user_project_wrapper_1625/HI
 user_project_wrapper_1626/HI
 user_project_wrapper_1627/HI
 user_project_wrapper_1628/HI
 user_project_wrapper_1629/HI
 user_project_wrapper_1630/HI
 user_project_wrapper_1631/HI
 user_project_wrapper_1632/HI
 user_project_wrapper_1633/HI
 user_project_wrapper_1634/HI
 user_project_wrapper_1635/HI
 user_project_wrapper_1636/HI
 user_project_wrapper_1637/HI
 user_project_wrapper_1638/HI
 user_project_wrapper_1639/HI
 user_project_wrapper_1640/HI
 user_project_wrapper_1641/HI
 user_project_wrapper_1642/HI
 user_project_wrapper_1643/HI
 user_project_wrapper_1644/HI
 user_project_wrapper_1645/HI
 user_project_wrapper_1646/HI
 user_project_wrapper_1647/HI
 user_project_wrapper_1648/HI
 user_project_wrapper_1649/HI
 user_project_wrapper_1650/HI
 user_project_wrapper_1651/HI
 user_project_wrapper_1652/HI
 user_project_wrapper_1653/HI
 user_project_wrapper_1654/HI
 user_project_wrapper_1655/HI
 user_project_wrapper_1656/HI
 user_project_wrapper_1657/HI
 user_project_wrapper_1658/HI
 user_project_wrapper_1659/HI
Found 0 partially unannotated drivers.

===========================================================================
max slew violation count 0
max fanout violation count 1117
max cap violation count 0
============================================================================

===========================================================================
check_setup -verbose -unconstrained_endpoints -multiple_clock -no_clock -no_input_delay -loops -generated_clocks
===========================================================================
Warning: There are 68 input ports missing set_input_delay.
  analog_io[0]
  analog_io[10]
  analog_io[11]
  analog_io[12]
  analog_io[13]
  analog_io[14]
  analog_io[15]
  analog_io[16]
  analog_io[17]
  analog_io[18]
  analog_io[19]
  analog_io[1]
  analog_io[20]
  analog_io[21]
  analog_io[22]
  analog_io[23]
  analog_io[24]
  analog_io[25]
  analog_io[26]
  analog_io[27]
  analog_io[28]
  analog_io[2]
  analog_io[3]
  analog_io[4]
  analog_io[5]
  analog_io[6]
  analog_io[7]
  analog_io[8]
  analog_io[9]
  io_in[0]
  io_in[10]
  io_in[11]
  io_in[12]
  io_in[13]
  io_in[14]
  io_in[15]
  io_in[16]
  io_in[17]
  io_in[18]
  io_in[19]
  io_in[1]
  io_in[20]
  io_in[21]
  io_in[22]
  io_in[23]
  io_in[24]
  io_in[25]
  io_in[26]
  io_in[27]
  io_in[28]
  io_in[29]
  io_in[2]
  io_in[30]
  io_in[31]
  io_in[32]
  io_in[33]
  io_in[34]
  io_in[35]
  io_in[36]
  io_in[37]
  io_in[3]
  io_in[4]
  io_in[5]
  io_in[6]
  io_in[7]
  io_in[8]
  io_in[9]
  user_clock2
Warning: There are 268 unconstrained endpoints.
  analog_io[0]
  analog_io[10]
  analog_io[11]
  analog_io[12]
  analog_io[13]
  analog_io[14]
  analog_io[15]
  analog_io[16]
  analog_io[17]
  analog_io[18]
  analog_io[19]
  analog_io[1]
  analog_io[20]
  analog_io[21]
  analog_io[22]
  analog_io[23]
  analog_io[24]
  analog_io[25]
  analog_io[26]
  analog_io[27]
  analog_io[28]
  analog_io[2]
  analog_io[3]
  analog_io[4]
  analog_io[5]
  analog_io[6]
  analog_io[7]
  analog_io[8]
  analog_io[9]
  io_oeb[0]
  io_oeb[10]
  io_oeb[11]
  io_oeb[12]
  io_oeb[13]
  io_oeb[14]
  io_oeb[15]
  io_oeb[16]
  io_oeb[17]
  io_oeb[18]
  io_oeb[19]
  io_oeb[1]
  io_oeb[20]
  io_oeb[21]
  io_oeb[22]
  io_oeb[23]
  io_oeb[24]
  io_oeb[25]
  io_oeb[26]
  io_oeb[27]
  io_oeb[28]
  io_oeb[29]
  io_oeb[2]
  io_oeb[30]
  io_oeb[31]
  io_oeb[32]
  io_oeb[33]
  io_oeb[34]
  io_oeb[35]
  io_oeb[36]
  io_oeb[37]
  io_oeb[3]
  io_oeb[4]
  io_oeb[5]
  io_oeb[6]
  io_oeb[7]
  io_oeb[8]
  io_oeb[9]
  io_out[0]
  io_out[10]
  io_out[11]
  io_out[12]
  io_out[13]
  io_out[14]
  io_out[15]
  io_out[16]
  io_out[17]
  io_out[18]
  io_out[19]
  io_out[1]
  io_out[20]
  io_out[21]
  io_out[22]
  io_out[23]
  io_out[24]
  io_out[25]
  io_out[26]
  io_out[27]
  io_out[28]
  io_out[29]
  io_out[2]
  io_out[30]
  io_out[31]
  io_out[32]
  io_out[33]
  io_out[34]
  io_out[35]
  io_out[36]
  io_out[37]
  io_out[3]
  io_out[4]
  io_out[5]
  io_out[6]
  io_out[7]
  io_out[8]
  io_out[9]
  la_data_out[0]
  la_data_out[100]
  la_data_out[101]
  la_data_out[102]
  la_data_out[103]
  la_data_out[104]
  la_data_out[105]
  la_data_out[106]
  la_data_out[107]
  la_data_out[108]
  la_data_out[109]
  la_data_out[10]
  la_data_out[110]
  la_data_out[111]
  la_data_out[112]
  la_data_out[113]
  la_data_out[114]
  la_data_out[115]
  la_data_out[116]
  la_data_out[117]
  la_data_out[118]
  la_data_out[119]
  la_data_out[11]
  la_data_out[120]
  la_data_out[121]
  la_data_out[122]
  la_data_out[123]
  la_data_out[124]
  la_data_out[125]
  la_data_out[126]
  la_data_out[127]
  la_data_out[12]
  la_data_out[13]
  la_data_out[14]
  la_data_out[15]
  la_data_out[16]
  la_data_out[17]
  la_data_out[18]
  la_data_out[19]
  la_data_out[1]
  la_data_out[20]
  la_data_out[21]
  la_data_out[22]
  la_data_out[23]
  la_data_out[24]
  la_data_out[25]
  la_data_out[26]
  la_data_out[27]
  la_data_out[28]
  la_data_out[29]
  la_data_out[2]
  la_data_out[30]
  la_data_out[31]
  la_data_out[32]
  la_data_out[33]
  la_data_out[34]
  la_data_out[35]
  la_data_out[36]
  la_data_out[37]
  la_data_out[38]
  la_data_out[39]
  la_data_out[3]
  la_data_out[40]
  la_data_out[41]
  la_data_out[42]
  la_data_out[43]
  la_data_out[44]
  la_data_out[45]
  la_data_out[46]
  la_data_out[47]
  la_data_out[48]
  la_data_out[49]
  la_data_out[4]
  la_data_out[50]
  la_data_out[51]
  la_data_out[52]
  la_data_out[53]
  la_data_out[54]
  la_data_out[55]
  la_data_out[56]
  la_data_out[57]
  la_data_out[58]
  la_data_out[59]
  la_data_out[5]
  la_data_out[60]
  la_data_out[61]
  la_data_out[62]
  la_data_out[63]
  la_data_out[64]
  la_data_out[65]
  la_data_out[66]
  la_data_out[67]
  la_data_out[68]
  la_data_out[69]
  la_data_out[6]
  la_data_out[70]
  la_data_out[71]
  la_data_out[72]
  la_data_out[73]
  la_data_out[74]
  la_data_out[75]
  la_data_out[76]
  la_data_out[77]
  la_data_out[78]
  la_data_out[79]
  la_data_out[7]
  la_data_out[80]
  la_data_out[81]
  la_data_out[82]
  la_data_out[83]
  la_data_out[84]
  la_data_out[85]
  la_data_out[86]
  la_data_out[87]
  la_data_out[88]
  la_data_out[89]
  la_data_out[8]
  la_data_out[90]
  la_data_out[91]
  la_data_out[92]
  la_data_out[93]
  la_data_out[94]
  la_data_out[95]
  la_data_out[96]
  la_data_out[97]
  la_data_out[98]
  la_data_out[99]
  la_data_out[9]
  user_irq[0]
  user_irq[1]
  user_irq[2]
  mprj.synapse_matrix_inst.X1_inst/wbs_adr_i[0]
  mprj.synapse_matrix_inst.X1_inst/wbs_adr_i[10]
  mprj.synapse_matrix_inst.X1_inst/wbs_adr_i[11]
  mprj.synapse_matrix_inst.X1_inst/wbs_adr_i[12]
  mprj.synapse_matrix_inst.X1_inst/wbs_adr_i[13]
  mprj.synapse_matrix_inst.X1_inst/wbs_adr_i[14]
  mprj.synapse_matrix_inst.X1_inst/wbs_adr_i[15]
  mprj.synapse_matrix_inst.X1_inst/wbs_adr_i[16]
  mprj.synapse_matrix_inst.X1_inst/wbs_adr_i[17]
  mprj.synapse_matrix_inst.X1_inst/wbs_adr_i[18]
  mprj.synapse_matrix_inst.X1_inst/wbs_adr_i[19]
  mprj.synapse_matrix_inst.X1_inst/wbs_adr_i[1]
  mprj.synapse_matrix_inst.X1_inst/wbs_adr_i[20]
  mprj.synapse_matrix_inst.X1_inst/wbs_adr_i[21]
  mprj.synapse_matrix_inst.X1_inst/wbs_adr_i[22]
  mprj.synapse_matrix_inst.X1_inst/wbs_adr_i[23]
  mprj.synapse_matrix_inst.X1_inst/wbs_adr_i[24]
  mprj.synapse_matrix_inst.X1_inst/wbs_adr_i[25]
  mprj.synapse_matrix_inst.X1_inst/wbs_adr_i[26]
  mprj.synapse_matrix_inst.X1_inst/wbs_adr_i[27]
  mprj.synapse_matrix_inst.X1_inst/wbs_adr_i[28]
  mprj.synapse_matrix_inst.X1_inst/wbs_adr_i[29]
  mprj.synapse_matrix_inst.X1_inst/wbs_adr_i[2]
  mprj.synapse_matrix_inst.X1_inst/wbs_adr_i[30]
  mprj.synapse_matrix_inst.X1_inst/wbs_adr_i[31]
  mprj.synapse_matrix_inst.X1_inst/wbs_adr_i[3]
  mprj.synapse_matrix_inst.X1_inst/wbs_adr_i[4]
  mprj.synapse_matrix_inst.X1_inst/wbs_adr_i[5]
  mprj.synapse_matrix_inst.X1_inst/wbs_adr_i[6]
  mprj.synapse_matrix_inst.X1_inst/wbs_adr_i[7]
  mprj.synapse_matrix_inst.X1_inst/wbs_adr_i[8]
  mprj.synapse_matrix_inst.X1_inst/wbs_adr_i[9]
